,id,listing_url,scrape_id,last_scraped,source,name,description,neighborhood_overview,picture_url,host_id,host_url,host_name,host_since,host_location,host_about,host_response_time,host_response_rate,host_acceptance_rate,host_is_superhost,host_thumbnail_url,host_picture_url,host_neighbourhood,host_listings_count,host_total_listings_count,host_verifications,host_has_profile_pic,host_identity_verified,neighbourhood,neighbourhood_cleansed,neighbourhood_group_cleansed,latitude,longitude,property_type,room_type,accommodates,bathrooms,bathrooms_text,bedrooms,beds,amenities,price,minimum_nights,maximum_nights,minimum_minimum_nights,maximum_minimum_nights,minimum_maximum_nights,maximum_maximum_nights,minimum_nights_avg_ntm,maximum_nights_avg_ntm,calendar_updated,has_availability,availability_30,availability_60,availability_90,availability_365,calendar_last_scraped,number_of_reviews,number_of_reviews_ltm,number_of_reviews_l30d,availability_eoy,number_of_reviews_ly,estimated_occupancy_l365d,estimated_revenue_l365d,first_review,last_review,review_scores_rating,review_scores_accuracy,review_scores_cleanliness,review_scores_checkin,review_scores_communication,review_scores_location,review_scores_value,license,instant_bookable,calculated_host_listings_count,calculated_host_listings_count_entire_homes,calculated_host_listings_count_private_rooms,calculated_host_listings_count_shared_rooms,reviews_per_month
0,2737.0,https://www.airbnb.com/rooms/2737,20250300000000.0,05/03/25,city scrape,"Elif's room in cozy, clean flat.","10 min by bus you can get to Piazza Venezia or Colosseum. All shops, gym, many trendy&local restaurants and cafes walking distance. <br />30min from beaches of Ostia and Fiumicino airport by direct train. <br />5 min away from metro B line Piramide stop.<br />EATALY is 5 min walking away where you can eat and shop the most quality Italian food from 9 am to midnight.<br />There is big supermarket open 7/24m just 2 min walking.","It used to be an industrial area until late 80s. <br />Now all the factories have became museums, cultural centers, shops, restaurants, university buildings. <br />It's next to well known Testaccio, Garbatella, Aventino, S.Saba and S.Paolo. <br />It's quite lively especially weekend nights. <br />You can have great time in the excellently located flat. <br />Capitolino Museums and Basilica di S.Paolo which is one of the four big churches of Rome is 15 min walking distance. <br />The only Roman Piramid left from Roman times is just around the corner, next to Protestant cemetery which is one of the most poetic place to visit in the city. There is lovely small museum with free entrance on the Porta San Paolo.",https://a0.muscache.com/pictures/41225252/e9553eba_original.jpg,3047,https://www.airbnb.com/users/show/3047,Elif,18/09/08,"Rome, Italy","I am a Turkish-Italian who was born in Istanbul, travelled in different countries for livning or  visiting  and has been living in Rome since 1998. I live with my three daughters. We speak Turkish, English, Italian, Spanish.
We love traveling and meeting new people. When we are on holiday we don't like staying in the hotels and feeling like a tourist so we rather prefer living in local people's houses and feel like the real life or the place. That's also why we opened our house to people to make them comfortable and feel like locals while they are in Rome.
If you want to come to Rome and feel comfortably as your own home, meet other housemates, live in a non touristic neighborhood but in the same time, be very close to down town, you are in the right place!
Looking forward to meeting you!
",within a few hours,100%,0%,f,https://a0.muscache.com/im/pictures/user/User/original/eb5d16fa-235d-4523-a442-cd2cfcae6bf7.jpeg?aki_policy=profile_small,https://a0.muscache.com/im/pictures/user/User/original/eb5d16fa-235d-4523-a442-cd2cfcae6bf7.jpeg?aki_policy=profile_x_medium,Testaccio,7.0,7.0,"['email', 'phone']",t,t,"Rome, Lazio, Italy",VIII Appia Antica,,41.87136,12.48215,Private room,Private room,1,1.5,1.5 baths,1.0,1.0,"[""Dedicated workspace"", ""Bidet"", ""Iron"", ""Toaster"", ""Hangers"", ""Refrigerator"", ""High chair"", ""Dining table"", ""Washer"", ""Portable fans"", ""Microwave"", ""Laundromat nearby"", ""Wifi"", ""Coffee maker"", ""Free street parking"", ""Oven"", ""Dishwasher"", ""Stove"", ""Hot water kettle"", ""Long term stays allowed"", ""Cleaning products"", ""Drying rack for clothing"", ""Blender"", ""Luggage dropoff allowed"", ""Hot water"", ""Heating"", ""Wine glasses"", ""Dishes and silverware"", ""Elevator"", ""Air conditioning"", ""Hot tub"", ""First aid kit"", ""Bed linens"", ""Housekeeping - available at extra cost"", ""Hair dryer"", ""Dryer"", ""Cooking basics"", ""Freezer"", ""Free parking on premises"", ""Outdoor dining area"", ""Patio or balcony"", ""Kitchen""]",$56.00,31,1125,31.0,31.0,1125.0,1125.0,31.0,1125.0,,t,30,60,90,365,05/03/25,5,0,0,302,0,0,0.0,26/12/14,08/05/15,4.8,4.6,4.6,4.8,5.0,4.4,4.4,,f,6,0,6,0,0.04
1,3079.0,https://www.airbnb.com/rooms/3079,20250300000000.0,08/03/25,city scrape,Cozy apartment  (2-4)with Colisseum  view,With the view of the Colisseum from the front door and windows and within easy walking distance of the Imperial Forum the apartment is the perfect spot for spending an holiday in Rome.,"Monti neighborhood is one of the best areas in Rome,for having a pleasant staying.<br />Read articles about in on New York Times and The Guardian",https://a0.muscache.com/pictures/miso/Hosting-3079/original/a6aace23-157f-401c-bf66-69833c5264b3.jpeg,3504,https://www.airbnb.com/users/show/3504,Laura,08/10/08,"Rome, Italy","I've a degree in Art History
",within a day,100%,0%,f,https://a0.muscache.com/im/users/3504/profile_pic/1335690922/original.jpg?aki_policy=profile_small,https://a0.muscache.com/im/users/3504/profile_pic/1335690922/original.jpg?aki_policy=profile_x_medium,Monti,6.0,11.0,"['email', 'phone']",t,t,"Rome, Lazio, Italy",I Centro Storico,,41.895,12.49117,Entire rental unit,Entire home/apt,4,1.0,1 bath,1.0,1.0,"[""Paid parking off premises"", ""Dedicated workspace"", ""Iron"", ""Hangers"", ""Refrigerator"", ""Ethernet connection"", ""Wifi"", ""HDTV with standard cable"", ""Coffee maker"", ""Host greets you"", ""Long term stays allowed"", ""Window AC unit"", ""Free washer \u2013 In unit"", ""Pocket wifi"", ""Luggage dropoff allowed"", ""Hot water"", ""Heating"", ""Dishes and silverware"", ""Elevator"", ""Bed linens"", ""Hair dryer"", ""Dryer"", ""Shampoo"", ""Essentials"", ""Extra pillows and blankets"", ""Kitchen""]",$140.00,31,180,31.0,31.0,180.0,180.0,31.0,180.0,,t,24,31,43,303,08/03/25,21,0,0,237,0,0,0.0,02/01/11,30/04/22,4.53,4.38,4.62,4.71,4.86,4.81,4.43,,f,6,6,0,0,0.12
2,11834.0,https://www.airbnb.com/rooms/11834,20250300000000.0,15/03/25,city scrape,"Charming Boschetto Studio, Rome","Fantastic appartment in the Monti district. The apartment is located on the ground floor of a 16th century building renovated in the 19th century; the access is through a nice courtyard, containing an ancient Roman fountain. The place is very quiet, the small courtyard where the apartment is located is very quiet. <br />To feel at home.....the cozy interiors, in harmony with the history of the building and furnished in a modern style with warm colors, make the interior comfortable and familiar!","""Monti"" with its narrow cobblestone alleys, craftsmen's shops, art galleries, small squares and old buildings is an eclectic district in the centre of the city; the city's major archaeological sites are located here, family-run trattorias, wine bars and original vintage boutiques line the squares and side streets.",https://a0.muscache.com/pictures/miso/Hosting-11834/original/1d63cac3-ab09-4395-b933-acd1a4be161a.jpeg,44552,https://www.airbnb.com/users/show/44552,Serena,09/10/09,"Rome, Italy","Hello I'm Serena I was born and live in Rome, I'm an Architect. I like travelling a lot and discovering new cultures.",within a few hours,100%,98%,t,https://a0.muscache.com/im/users/44552/profile_pic/1326136834/original.jpg?aki_policy=profile_small,https://a0.muscache.com/im/users/44552/profile_pic/1326136834/original.jpg?aki_policy=profile_x_medium,Monti,1.0,2.0,"['email', 'phone']",t,t,"Rome, Lazio, Italy",I Centro Storico,,41.89544678,12.49118137,Entire rental unit,Entire home/apt,2,1.0,1 bath,1.0,1.0,"[""Extra pillows and blankets"", ""Cleaning products"", ""Air conditioning"", ""Hair dryer"", ""Coffee maker: espresso machine"", ""Outdoor furniture"", ""Courtyard view"", ""Baking sheet"", ""Crib"", ""First aid kit"", ""Kitchen"", ""Heating"", ""Paid parking garage on premises"", ""Hot water kettle"", ""Hangers"", ""Board games"", ""Dining table"", ""Stainless steel gas stove"", ""Children\u2019s dinnerware"", ""Books and reading material"", ""Hot water"", ""Fire extinguisher"", ""Iron"", ""HDTV"", ""Paid parking garage off premises"", ""Long term stays allowed"", ""Changing table"", ""Private gym nearby"", ""Drying rack for clothing"", ""Shower gel"", ""Host greets you"", ""Essentials"", ""Shared backyard \u2013 Fully fenced"", ""Bed linens"", ""Pack \u2019n play/Travel crib"", ""Laundromat nearby"", ""Wine glasses"", ""Dishes and silverware"", ""Shampoo"", ""Portable fans"", ""Coffee"", ""Carbon monoxide alarm"", ""Body soap"", ""Bidet"", ""Freezer"", ""Wifi"", ""Single level home"", ""Refrigerator"", ""Children\u2019s books and toys"", ""Cooking basics"", ""Shared patio or balcony"", ""Clothing storage: walk-in closet"", ""Stainless steel oven""]",$110.00,2,28,1.0,2.0,28.0,28.0,2.0,28.0,,t,11,14,26,171,15/03/25,268,45,0,98,46,255,28050.0,01/05/11,08/01/25,4.86,4.86,4.93,4.98,4.96,4.99,4.81,IT058091C29VJSIZQZ,f,1,1,0,0,1.59
3,12398.0,https://www.airbnb.com/rooms/12398,20250300000000.0,06/03/25,city scrape,Casa Donatello - Home far from Home,"Casa Donatello is a newly renovated two-bedroom apartment located at only few minutes of old historical center, on Piazza del Popolo side. The flat has two separate bedrooms and a living room with sofa bed. It is perfect for a couple, a family or a group. Comfortable and useful. Please, send a message before booking in order to make sure about availability. Thanks!","You are at 15 minutes walking distance from historical center on the Piazza del Popolo and Spanish steeps side; 10 minutes (or less) walking distance from Auditorium, Villa Giulia, Villa Borghese, Maxxi Museum, Modern Art Museum, Explora Museum for kids, the new Bridge of Music; 20 minutes walking distance from Castel Sant'Angelo, Saint Peter Church and Vatican Museum.",https://a0.muscache.com/pictures/miso/Hosting-12398/original/fcddb5b9-ecd0-428a-8321-649d6f33d31a.jpeg,11756,https://www.airbnb.com/users/show/11756,Gea,30/03/09,"Rome, Italy","Hello to everybody,
It will be a pleasure to host you and it will be my 'mission' to make you feel like home.
I'm Gea. I'm an Italian native speaker born in Rome. I'm someone who likes to travel and meet new people from different cultures. I like to talk different languages, read books and watch movies in their original language. I like to take pictures, paint, and draw. I'm open to new experiences.",within an hour,100%,96%,t,https://a0.muscache.com/im/users/11756/profile_pic/1349446072/original.jpg?aki_policy=profile_small,https://a0.muscache.com/im/users/11756/profile_pic/1349446072/original.jpg?aki_policy=profile_x_medium,Flaminio,1.0,2.0,"['email', 'phone']",t,t,"Rome, Lazio, Italy",II Parioli/Nomentano,,41.92582,12.46928,Entire rental unit,Entire home/apt,6,1.0,1 bath,2.0,3.0,"[""Dedicated workspace"", ""Bidet"", ""Iron"", ""Toaster"", ""Smoke alarm"", ""Hangers"", ""Fire extinguisher"", ""Refrigerator"", ""Paid parking on premises"", ""Coffee"", ""Dining table"", ""Portable fans"", ""Microwave"", ""Wifi"", ""Children\u2019s dinnerware"", ""Coffee maker"", ""Free street parking"", ""Host greets you"", ""Oven"", ""Dishwasher"", ""Stove"", ""Hot water kettle"", ""Cleaning products"", ""Free washer \u2013 In unit"", ""Drying rack for clothing"", ""Blender"", ""Pets allowed"", ""Hot water"", ""Heating"", ""Carbon monoxide alarm"", ""Central air conditioning"", ""City skyline view"", ""Single level home"", ""Wine glasses"", ""Dishes and silverware"", ""Elevator"", ""Bed linens"", ""Hair dryer"", ""Baking sheet"", ""Shampoo"", ""Essentials"", ""Cooking basics"", ""Freezer"", ""Books and reading material"", ""Extra pillows and blankets"", ""Exterior security cameras on property"", ""50 inch HDTV with standard cable, Amazon Prime Video"", ""Room-darkening shades"", ""Kitchen""]",$97.00,31,365,31.0,31.0,365.0,365.0,31.0,365.0,,t,30,48,71,221,06/03/25,78,11,0,177,11,255,24735.0,18/10/10,30/10/24,4.9,4.89,4.92,4.93,5.0,4.87,4.82,it058091c2kv6epw8f,f,1,1,0,0,0.45
4,1.2115e+18,https://www.airbnb.com/rooms/1211500232171693714,20250300000000.0,05/03/25,city scrape,La Quercia Nera - Trastevere - Centro di Roma,"Discover the charm of Rome by staying in our newly renovated apartment a short walk from Trastevere Station. Easily reachable if you arrive by plane or train. Ideal base for exploring the city, with great connections and attractions at your fingertips. Ideal for couples or families, the accommodation consists of 4 private rooms, each equipped with bathroom and private balcony to ensure maximum privacy and comfort.<br />The common area consists of a fully equipped kitchen.","You will appreciate the proximity to Trastevere station, the many buses and trams that pass very close and that will take you quickly to the city center. Close to home you will find good level shops, restaurants and trattorias with good prices.",https://a0.muscache.com/pictures/hosting/Hosting-1211500232171693714/original/eaaf964a-0395-4c40-bb4b-c7598f449321.jpeg,590573096,https://www.airbnb.com/users/show/590573096,Mario,18/07/24,"Rome, Italy",,within an hour,100%,100%,t,https://a0.muscache.com/im/pictures/user/User/original/6551005b-4afe-4d03-8cb7-2639ce1160c4.jpeg?aki_policy=profile_small,https://a0.muscache.com/im/pictures/user/User/original/6551005b-4afe-4d03-8cb7-2639ce1160c4.jpeg?aki_policy=profile_x_medium,,5.0,5.0,"['email', 'phone']",t,t,"Rome, Lazio, Italy",XII Monte Verde,,41.875124,12.4660634,Private room in condo,Private room,2,1.0,1 private bath,1.0,1.0,"[""Dedicated workspace"", ""Bidet"", ""Iron"", ""Toaster"", ""Smoke alarm"", ""Hangers"", ""Fire extinguisher"", ""Refrigerator"", ""Paid parking garage off premises"", ""Coffee"", ""Ethernet connection"", ""Dining table"", ""Self check-in"", ""Microwave"", ""TV"", ""Laundromat nearby"", ""Candy oven"", ""Wifi"", ""Free street parking"", ""Other induction stove"", ""Hot water kettle"", ""Washer \u2013\u00a0In unit"", ""Cleaning products"", ""Paid dryer \u2013 In unit"", ""Drying rack for clothing"", ""Luggage dropoff allowed"", ""Lock on bedroom door"", ""Hot water"", ""Body soap"", ""Carbon monoxide alarm"", ""Wine glasses"", ""Dishes and silverware"", ""Coffee maker: drip coffee maker, Nespresso"", ""Outdoor furniture"", ""Air conditioning"", ""Central heating"", ""Elevator"", ""Smart lock"", ""First aid kit"", ""Bed linens"", ""Shower gel"", ""Hair dryer"", ""Baking sheet"", ""Private patio or balcony"", ""Shampoo"", ""Cooking basics"", ""Clothing storage: closet"", ""Freezer"", ""Extra pillows and blankets"", ""Table corner guards"", ""Exterior security cameras on property"", ""Room-darkening shades"", ""Kitchen""]",$81.00,1,28,1.0,2.0,28.0,28.0,1.1,28.0,,t,25,55,83,258,05/03/25,5,5,3,258,0,30,2430.0,17/01/25,25/02/25,5.0,5.0,5.0,5.0,5.0,4.8,5.0,IT058091C2P495DNNK,f,5,1,4,0,3.13
5,1.21151e+18,https://www.airbnb.com/rooms/1211508050662517878,20250300000000.0,05/03/25,city scrape,The Black Tower - Trastevere - Center of Rome,"Discover the charm of Rome by staying in our newly renovated apartment a few steps from the Staz. Trastevere. Easily reachable whether you arrive by plane or train. An ideal base for exploring the city, with excellent transport links and attractions close at hand. Ideal for groups or families, the accommodation consists of 4 private rooms, each equipped with a bathroom and private balcony to ensure maximum privacy and comfort. The common area consists of a fully equipped kitchen.","You will appreciate the proximity to Trastevere station, the many buses and trams that pass very close and that will take you quickly to the city center. Close to home you will find good level shops, restaurants and trattorias with good prices.",https://a0.muscache.com/pictures/hosting/Hosting-1211508050662517878/original/21ae1b85-83d1-4f40-b210-1d27ef94fc62.jpeg,590573096,https://www.airbnb.com/users/show/590573096,Mario,18/07/24,"Rome, Italy",,within an hour,100%,100%,t,https://a0.muscache.com/im/pictures/user/User/original/6551005b-4afe-4d03-8cb7-2639ce1160c4.jpeg?aki_policy=profile_small,https://a0.muscache.com/im/pictures/user/User/original/6551005b-4afe-4d03-8cb7-2639ce1160c4.jpeg?aki_policy=profile_x_medium,,5.0,5.0,"['email', 'phone']",t,t,"Rome, Lazio, Italy",XII Monte Verde,,41.875124,12.4660634,Private room in condo,Private room,2,1.0,1 private bath,1.0,1.0,"[""43 inch HDTV with Amazon Prime Video, Netflix"", ""Bidet"", ""Iron"", ""Dedicated workspace"", ""Smoke alarm"", ""Hangers"", ""Fire extinguisher"", ""Toaster"", ""Paid parking garage off premises"", ""Coffee"", ""Ethernet connection"", ""Dining table"", ""Self check-in"", ""Microwave"", ""Laundromat nearby"", ""Paid washer \u2013 In unit"", ""Wifi"", ""Free street parking"", ""Other induction stove"", ""Hot water kettle"", ""Cleaning products"", ""Paid dryer \u2013 In unit"", ""Drying rack for clothing"", ""Candy stainless steel double oven"", ""Luggage dropoff allowed"", ""Lock on bedroom door"", ""Hot water"", ""Body soap"", ""Carbon monoxide alarm"", ""Wine glasses"", ""Dishes and silverware"", ""Coffee maker: drip coffee maker, Nespresso"", ""Elevator"", ""Air conditioning"", ""Central heating"", ""Smart lock"", ""Clothing storage: wardrobe"", ""First aid kit"", ""Cleaning available during stay"", ""Bed linens"", ""Shower gel"", ""Hair dryer"", ""Baking sheet"", ""Shampoo"", ""Cooking basics"", ""Freezer"", ""Extra pillows and blankets"", ""Candy refrigerator"", ""Table corner guards"", ""Exterior security cameras on property"", ""Room-darkening shades"", ""Kitchen""]",$71.00,1,28,1.0,2.0,1125.0,1125.0,1.3,1125.0,,t,18,41,62,237,05/03/25,9,9,4,237,4,54,3834.0,26/10/24,02/03/25,5.0,5.0,5.0,4.89,5.0,4.89,5.0,IT058091C2P495DNNK,t,5,1,4,0,2.06
69,53670.0,https://www.airbnb.com/rooms/53670,20250300000000.0,09/03/25,previous scrape,Cozy and quiet  flat  few blocks bytheColisseum,"Quaint neighborhood,apartment bright,comfortable and well furnished",The view of the Colisseum!,https://a0.muscache.com/pictures/88daea90-d87f-4231-a131-d49761aa68ea.jpg,3504,https://www.airbnb.com/users/show/3504,Laura,08/10/08,"Rome, Italy","I've a degree in Art History
",within a day,100%,0%,f,https://a0.muscache.com/im/users/3504/profile_pic/1335690922/original.jpg?aki_policy=profile_small,https://a0.muscache.com/im/users/3504/profile_pic/1335690922/original.jpg?aki_policy=profile_x_medium,Monti,6.0,11.0,"['email', 'phone']",t,t,"Rome, Lazio, Italy",I Centro Storico,,41.89515,12.4906,Entire rental unit,Entire home/apt,2,,1 bath,1.0,,"[""Dedicated workspace"", ""Iron"", ""Smoke alarm"", ""Hangers"", ""Refrigerator"", ""Ethernet connection"", ""40 inch HDTV with standard cable"", ""Private entrance"", ""Wifi"", ""Coffee maker"", ""Host greets you"", ""Oven"", ""Dishwasher"", ""Stove"", ""Long term stays allowed"", ""Pocket wifi"", ""Luggage dropoff allowed"", ""Hot water"", ""Heating"", ""Carbon monoxide alarm"", ""Single level home"", ""Dishes and silverware"", ""Elevator"", ""Bed linens"", ""Hair dryer"", ""Dryer"", ""Shampoo"", ""Essentials"", ""AC - split type ductless system"", ""Cooking basics"", ""Extra pillows and blankets"", ""Free washer \u2013 In building"", ""Kitchen""]",,90,240,90.0,90.0,240.0,240.0,90.0,240.0,,t,30,60,90,365,09/03/25,44,0,0,298,0,0,,29/12/10,31/12/22,4.81,4.74,4.9,4.86,4.86,4.93,4.64,,f,6,6,0,0,0.25
70,53844.0,https://www.airbnb.com/rooms/53844,20250300000000.0,15/03/25,city scrape,Gorgeous studio Monti area 4 blocks bytheColisseum,,"View of the Colisseum from the 2 windows!<br />Stores,market, deli,coffee shops,tabacconist,bank with ATM,pharmacy,post office,grocery,wine bar, typical shops,gelaterie,supermarkets,restaurants,pizzerias,police station, are within walking distance",https://a0.muscache.com/pictures/65114958/7aed165f_original.jpg,3504,https://www.airbnb.com/users/show/3504,Laura,08/10/08,"Rome, Italy","I've a degree in Art History
",within a day,100%,0%,f,https://a0.muscache.com/im/users/3504/profile_pic/1335690922/original.jpg?aki_policy=profile_small,https://a0.muscache.com/im/users/3504/profile_pic/1335690922/original.jpg?aki_policy=profile_x_medium,Monti,6.0,11.0,"['email', 'phone']",t,t,"Rome, Lazio, Italy",I Centro Storico,,41.89709,12.48907,Entire rental unit,Entire home/apt,2,1.0,1 bath,1.0,2.0,"[""Extra pillows and blankets"", ""Smoke alarm"", ""Air conditioning"", ""Hair dryer"", ""Oven"", ""Kitchen"", ""Coffee maker"", ""Heating"", ""Hangers"", ""Microwave"", ""Hot water"", ""Pets allowed"", ""Iron"", ""Essentials"", ""Bed linens"", ""Dishwasher"", ""Elevator"", ""Dishes and silverware"", ""Shampoo"", ""Pocket wifi"", ""Carbon monoxide alarm"", ""Stove"", ""Wifi"", ""40 inch HDTV with standard cable"", ""Refrigerator"", ""Dryer"", ""Cooking basics"", ""Washer""]",$97.00,31,180,31.0,31.0,180.0,180.0,31.0,180.0,,t,0,0,0,85,15/03/25,41,0,0,12,0,0,0.0,11/12/10,06/01/20,4.69,4.78,4.88,4.78,4.8,4.95,4.8,,f,6,6,0,0,0.24
95,163107.0,https://www.airbnb.com/rooms/163107,20250300000000.0,11/03/25,city scrape,Charming 1BR/1BA by the Colosseum,Newly remodeled 1 Bedroom apartment walking distance by the Colosseum and all the major historic site in downtown Rome. Great neighborood with lots of restaurants.,"vibrant, cosmopolitan neighborhood with lots of restaurants to choose from. Perfect location to explore downtown Rome either walking or using the public transportation.",https://a0.muscache.com/pictures/1063936/17545fba_original.jpg,21081,https://www.airbnb.com/users/show/21081,Laura,11/06/09,"Rome, Italy","Hi  there, 
my name is Laura and I live in Rome.
I've lived  and worked many years in the United States.

I will be glad to host you in my apartment right in downtown Rome.

Hope to meet you soon!
ciao,
Laura",within an hour,100%,92%,f,https://a0.muscache.com/im/pictures/user/f71a43d3-46ea-4dcd-9c40-982c4ca65ac7.jpg?aki_policy=profile_small,https://a0.muscache.com/im/pictures/user/f71a43d3-46ea-4dcd-9c40-982c4ca65ac7.jpg?aki_policy=profile_x_medium,Esquilino,2.0,2.0,"['email', 'phone']",t,t,"Rome, Lazio, Italy",I Centro Storico,,41.89312,12.51232,Entire rental unit,Entire home/apt,4,1.0,1 bath,1.0,1.0,"[""Dedicated workspace"", ""Iron"", ""Hangers"", ""Dining table"", ""Washer"", ""Portable fans"", ""Clothing storage: closet and dresser"", ""Microwave"", ""Coffee maker: espresso machine"", ""Wifi"", ""Host greets you"", ""Hot water kettle"", ""Stove"", ""Cleaning products"", ""Drying rack for clothing"", ""Pocket wifi"", ""Hot water"", ""Body soap"", ""Smoking allowed"", ""Heating"", ""Wine glasses"", ""Dishes and silverware"", ""Elevator"", ""Bed linens"", ""Beco refrigerator"", ""Conditioner"", ""Hair dryer"", ""32 inch HDTV with Amazon Prime Video, Netflix"", ""Essentials"", ""Cooking basics"", ""Freezer"", ""Books and reading material"", ""Extra pillows and blankets"", ""Kitchen""]",$90.00,31,365,5.0,31.0,365.0,365.0,29.1,365.0,,t,0,0,13,148,11/03/25,17,1,0,79,1,62,5580.0,09/05/14,22/12/24,4.71,4.82,4.65,4.82,4.88,4.53,4.71,"I applied for a CIN, but haven’t received it yet",f,2,2,0,0,0.13
96,163111.0,https://www.airbnb.com/rooms/163111,20250300000000.0,11/03/25,city scrape,Centrally located spacious 1BR/1BA,,,https://a0.muscache.com/pictures/1029444/0c6cb860_original.jpg,21081,https://www.airbnb.com/users/show/21081,Laura,11/06/09,"Rome, Italy","Hi  there, 
my name is Laura and I live in Rome.
I've lived  and worked many years in the United States.

I will be glad to host you in my apartment right in downtown Rome.

Hope to meet you soon!
ciao,
Laura",within an hour,100%,92%,f,https://a0.muscache.com/im/pictures/user/f71a43d3-46ea-4dcd-9c40-982c4ca65ac7.jpg?aki_policy=profile_small,https://a0.muscache.com/im/pictures/user/f71a43d3-46ea-4dcd-9c40-982c4ca65ac7.jpg?aki_policy=profile_x_medium,Esquilino,2.0,2.0,"['email', 'phone']",t,t,,I Centro Storico,,41.89415,12.51037,Entire rental unit,Entire home/apt,4,1.0,1 bath,1.0,1.0,"[""Iron"", ""Wifi"", ""Heating"", ""Pocket wifi"", ""Washer"", ""Hair dryer"", ""Kitchen"", ""TV with standard cable""]",$91.00,31,365,31.0,31.0,365.0,365.0,31.0,365.0,,t,4,4,32,194,11/03/25,9,0,0,125,0,0,0.0,01/05/12,31/05/23,4.75,5.0,4.5,5.0,4.89,4.63,4.63,,f,2,2,0,0,0.06
100,68731.0,https://www.airbnb.com/rooms/68731,20250300000000.0,09/03/25,previous scrape,Colisseum bright studio in Monti neighborhood,,,https://a0.muscache.com/pictures/miso/Hosting-68731/original/29a69a95-be72-42dd-967d-abad90d3c495.jpeg,3504,https://www.airbnb.com/users/show/3504,Laura,08/10/08,"Rome, Italy","I've a degree in Art History
",within a day,100%,0%,f,https://a0.muscache.com/im/users/3504/profile_pic/1335690922/original.jpg?aki_policy=profile_small,https://a0.muscache.com/im/users/3504/profile_pic/1335690922/original.jpg?aki_policy=profile_x_medium,Monti,6.0,11.0,"['email', 'phone']",t,t,,I Centro Storico,,41.89683,12.49124,Entire rental unit,Entire home/apt,3,,1 bath,1.0,,"[""Dedicated workspace"", ""Iron"", ""Smoke alarm"", ""Hangers"", ""Refrigerator"", ""Washer"", ""Microwave"", ""Wifi"", ""Coffee maker"", ""Window AC unit"", ""Hot water"", ""Heating"", ""Carbon monoxide alarm"", ""City skyline view"", ""Dishes and silverware"", ""Elevator"", ""Bed linens"", ""TV with standard cable"", ""Hair dryer"", ""Shampoo"", ""Essentials"", ""Extra pillows and blankets"", ""Kitchen""]",,31,240,31.0,31.0,240.0,240.0,31.0,240.0,,t,21,29,59,59,09/03/25,22,0,0,59,0,0,,23/05/11,23/08/22,4.68,4.86,4.73,4.77,4.82,4.95,4.5,,f,6,6,0,0,0.13
151,88428.0,https://www.airbnb.com/rooms/88428,20250300000000.0,15/03/25,city scrape,"Space home near Piazza Navona, Rome","The apartment is located a few steps from Piazza Navona, it is located on the first floor of an ancient building from the 1500s with a splendid courtyard with paintings by Baldassarre Peruzzi, there are comfortable stairs and it is very quiet. It features a double bed in the living area with en suite bathroom and a kitchen.<br />On the second level a single bed for the third person, a bathroom with shower, a wardrobe and a study area.<br />There are 2 gas detectors in the apartment","All historical places of interest are within walking distance; Piazza Navona, St. Peter and the Vatican Museums, Piazza Campo dei Fiori, with the market in the morning is a beautiful place to enjoy the flavors of the roman food, Via Giulia with its austerity, Piazza Farnese exudes great charm with its magnificent headquarters of the French Embassy !The neighborhood offers the opportunity to visit the most magical places of this city,the thrill of even looking up at what is around is a unique experience and typically Roman belief.<br />You can visit the Pontifical University, the Church of Sant'Apollinare, the Cloister of Bramante and the Napoleonic Museum.<br />Absolutely must see Michelangelo's Mose'at Salita dei Borgia<br /><br />Even the olfactory and gustatory emotions are always alive, you can decide to eat at any time of the day!<br />he neighborhood offers a chance to live in the most magical places of this city, the excitement even to look through your nose at the top that is a",https://a0.muscache.com/pictures/b0aa9c8c-2a5b-4acb-8bda-2d49556820dd.jpg,380607,https://www.airbnb.com/users/show/380607,Laura,07/02/11,"Rome, Italy","Sono di Roma, ho anch'io una casa vacanza, mi piace il mare e la vita all'aria aperta, sono una biologa marina.
Amo molto viaggiare in moto con mio marito, insieme abbiamo visitato molti luoghi dell'Africa settentrionale, l'Iran,e questa estate tanti paesi europei e la enigmatica Russia.",within an hour,100%,97%,t,https://a0.muscache.com/im/users/380607/profile_pic/1301936600/original.jpg?aki_policy=profile_small,https://a0.muscache.com/im/users/380607/profile_pic/1301936600/original.jpg?aki_policy=profile_x_medium,Ponte,2.0,2.0,"['email', 'phone']",t,t,"Rome, Lazio, Italy",I Centro Storico,,41.8997885,12.4708188,Entire loft,Entire home/apt,3,2.5,2.5 baths,2.0,3.0,"[""Extra pillows and blankets"", ""Smoke alarm"", ""Cleaning products"", ""Hair dryer"", ""Dedicated workspace"", ""Courtyard view"", ""Crib"", ""First aid kit"", ""Kitchen"", ""Oven"", ""Coffee maker"", ""Heating"", ""Hot water kettle"", ""Hangers"", ""Dining table"", ""Books and reading material"", ""Hot water"", ""Fire extinguisher"", ""Paid parking off premises"", ""Iron"", ""Clothing storage: walk-in closet, closet, wardrobe, and dresser"", ""Drying rack for clothing"", ""Shower gel"", ""Host greets you"", ""Essentials"", ""Bed linens"", ""Dishwasher"", ""Pack \u2019n play/Travel crib"", ""HDTV with standard cable"", ""Central air conditioning"", ""Wine glasses"", ""Dishes and silverware"", ""Shampoo"", ""Portable fans"", ""Coffee"", ""Carbon monoxide alarm"", ""Stove"", ""Body soap"", ""Bidet"", ""Freezer"", ""Wifi"", ""Free washer \u2013 In unit"", ""Conditioner"", ""Refrigerator"", ""Cooking basics"", ""Free dryer \u2013 In unit""]",$151.00,2,28,2.0,2.0,1125.0,1125.0,2.0,1125.0,,t,19,35,57,202,15/03/25,261,13,0,202,17,78,11778.0,25/04/11,05/01/25,4.72,4.79,4.83,4.85,4.87,4.96,4.64,IT058091C2F204BYJH,t,2,2,0,0,1.54
211,281629.0,https://www.airbnb.com/rooms/281629,20250300000000.0,11/03/25,city scrape,The Angels of the Mysterious Home,"A quiet and elegant apartment in the heart of the Prati district, a stone's throw from the Vatican and the subway.",,https://a0.muscache.com/pictures/3515206/242a831c_original.jpg,1467972,https://www.airbnb.com/users/show/1467972,Mario,03/12/11,"Rome, Italy","I will do my best to provide a home away from home experience and I will also be pleased to give you hints and suggestions to better organize your trip in Italy.
The apartment is warm and fascinating, located in one of the best truly roman neighborhoods. You won't feel like a tourist....
Get in touch !
",within an hour,100%,94%,t,https://a0.muscache.com/im/pictures/user/User-1467972/original/cdae6f6a-b6ba-4592-9066-37150fafd990.jpeg?aki_policy=profile_small,https://a0.muscache.com/im/pictures/user/User-1467972/original/cdae6f6a-b6ba-4592-9066-37150fafd990.jpeg?aki_policy=profile_x_medium,Prati,1.0,1.0,"['email', 'phone']",t,t,,I Centro Storico,,41.90913856,12.4598999,Entire condo,Entire home/apt,2,1.0,1 bath,1.0,1.0,"[""Dedicated workspace"", ""Bidet"", ""Iron"", ""Toaster"", ""Smoke alarm"", ""Hangers"", ""Fire extinguisher"", ""Refrigerator"", ""Coffee"", ""Ethernet connection"", ""Dining table"", ""35 inch HDTV with DVD player"", ""Piano"", ""Portable fans"", ""Microwave"", ""Laundromat nearby"", ""Candy stainless steel oven"", ""Host greets you"", ""Hot water kettle"", ""Cleaning products"", ""Free washer \u2013 In unit"", ""Blender"", ""Hot water"", ""Body soap"", ""Heating"", ""Carbon monoxide alarm"", ""Wine glasses"", ""Dishes and silverware"", ""Air conditioning"", ""Stainless steel gas stove"", ""First aid kit"", ""Cleaning available during stay"", ""Bed linens"", ""Shower gel"", ""Sony sound system with Bluetooth and aux"", ""Conditioner"", ""Ceiling fan"", ""Hair dryer"", ""Baking sheet"", ""Private patio or balcony"", ""Shampoo"", ""Essentials"", ""Cooking basics"", ""Books and reading material"", ""Extra pillows and blankets"", ""Fast wifi \u2013 386 Mbps"", ""Kitchen""]",$117.00,3,30,2.0,30.0,30.0,30.0,4.7,30.0,,t,14,23,36,194,11/03/25,184,23,1,194,22,138,16146.0,02/01/12,06/03/25,4.93,4.89,4.93,4.97,4.98,4.93,4.87,IT058091C2KPSZELUL,f,1,1,0,0,1.15
231,139330.0,https://www.airbnb.com/rooms/139330,20250300000000.0,09/03/25,previous scrape,abbraccia Morfeo (2b),"""Abbraccia Morfeo"" is a two-story villa with a terrace, featuring double bedrooms with private ensuite bathrooms, high-speed wifi and air conditioning. Two rooms have a balcony overlooking the inner garden, and guests can also use the rooftop terrace to relax and have breakfast. The city center can be reached in 15 minutes by tram. Breakfast is not available in August cod.reg. 058091-B&B-01228 1372",,https://a0.muscache.com/pictures/bbb5c913-9483-4ba1-93cf-5b265316721b.jpg,679555,https://www.airbnb.com/users/show/679555,Mario,08/06/11,"Rome, Italy","Se venite a visitare questa bellissima cittá, saró felice di ospitarvi nel mio bed and breakfast. Vi aspetto! :-)",,,100%,f,https://a0.muscache.com/im/pictures/user/User-679555/original/4e934451-d708-4145-8c96-77043e85cbe6.jpeg?aki_policy=profile_small,https://a0.muscache.com/im/pictures/user/User-679555/original/4e934451-d708-4145-8c96-77043e85cbe6.jpeg?aki_policy=profile_x_medium,Centocelle,4.0,4.0,"['email', 'phone', 'work_email']",t,f,,V Prenestino/Centocelle,,41.88142,12.54422,Private room in bed and breakfast,Private room,2,,1 private bath,,,"[""Paid parking off premises"", ""Iron"", ""Fire extinguisher"", ""Hangers"", ""Refrigerator"", ""Microwave"", ""TV"", ""Wifi"", ""Coffee maker"", ""Free street parking"", ""Host greets you"", ""Pets allowed"", ""Lock on bedroom door"", ""Hot water"", ""Heating"", ""City skyline view"", ""Dishes and silverware"", ""Outdoor furniture"", ""Air conditioning"", ""Garden view"", ""First aid kit"", ""Bed linens"", ""Backyard"", ""Hair dryer"", ""Private patio or balcony"", ""Shampoo"", ""Essentials"", ""Extra pillows and blankets""]",,2,365,1.0,3.0,365.0,365.0,1.9,365.0,,t,7,15,26,26,09/03/25,27,1,0,26,1,6,,07/11/16,09/05/24,4.78,4.89,4.89,4.96,4.93,4.15,4.89,IT058091C1YEA7SFCX,t,4,0,4,0,0.27
324,396074.0,https://www.airbnb.com/rooms/396074,20250300000000.0,10/03/25,city scrape,abbraccia Morfeo (2R),"""Abbraccia Morfeo"" is a two-story villa with a terrace, featuring double bedrooms with private ensuite bathrooms, high-speed wifi and air conditioning. Two rooms have a balcony overlooking the inner garden, and guests can also use the rooftop terrace to relax and have breakfast. The city center can be reached in 15 minutes by tram. Breakfast is not available in August cod.reg. 058091-B&B-01228 1372",,https://a0.muscache.com/pictures/miso/Hosting-396074/original/0cdae6ec-863d-4e98-b741-a630452572c6.png,679555,https://www.airbnb.com/users/show/679555,Mario,08/06/11,"Rome, Italy","Se venite a visitare questa bellissima cittá, saró felice di ospitarvi nel mio bed and breakfast. Vi aspetto! :-)",,,100%,f,https://a0.muscache.com/im/pictures/user/User-679555/original/4e934451-d708-4145-8c96-77043e85cbe6.jpeg?aki_policy=profile_small,https://a0.muscache.com/im/pictures/user/User-679555/original/4e934451-d708-4145-8c96-77043e85cbe6.jpeg?aki_policy=profile_x_medium,Centocelle,4.0,4.0,"['email', 'phone', 'work_email']",t,f,,V Prenestino/Centocelle,,41.88178,12.54386,Private room in rental unit,Private room,2,1.0,1 private bath,1.0,1.0,"[""Host greets you"", ""Extra pillows and blankets"", ""Air conditioning"", ""Pets allowed"", ""Bed linens"", ""Heating""]",$78.00,2,20,1.0,3.0,365.0,365.0,1.9,365.0,,t,8,15,22,63,10/03/25,0,0,0,63,0,0,0.0,,,,,,,,,,IT058091C1YEA7SFCX,t,4,0,4,0,
448,724050.0,https://www.airbnb.com/rooms/724050,20250300000000.0,06/03/25,city scrape,TRASTEVERE CHARMING STUDIO,"""Take a trip across the Tiber river to Trastevere, a charming medieval neighbourhood with a fiery temperament. A stroll around Trastevere, a formerly working-class district with a heady nightlife, will take you away from the crowds to the hidden corners of Rome. (...)  Piazza di Santa Maria, is the heart of this labyrinthine district, Via della Scala leads, with its many shops and cafes, the quiet cobblestoned side streets lined with crumbling buildings with faded paintwork."" (Lonely Planet)","Ancient medieval village in the historic center of Rome, today a charming district with restaurants, bars, small shops, artisans and a few cars, ideal for walking.",https://a0.muscache.com/pictures/miso/Hosting-724050/original/98bb524b-dbde-4642-8841-a130f7ade48a.jpeg,3742964,https://www.airbnb.com/users/show/3742964,Mario,03/10/12,"Rome, Italy","I am an artist and a teacher of artistic photo. I love the sun, travels, adventures, photography, literature, arts, cinema, yoga, meditation. I like jazz, classical, world, '70s Rock music.
I've travelled worldwide, I've lived in New York, in Paris, in Chamonix (French Alps), in Lecce (Apulia, Italy), in Tuscany and  every time I was back in Rome... right here in Trastevere where the ancient Rome charming and warm atmosphere feeds me every day.",within an hour,100%,100%,t,https://a0.muscache.com/im/pictures/user/a061c347-a363-474f-a7e9-3112ba3dbd93.jpg?aki_policy=profile_small,https://a0.muscache.com/im/pictures/user/a061c347-a363-474f-a7e9-3112ba3dbd93.jpg?aki_policy=profile_x_medium,Trastevere,1.0,1.0,"['email', 'phone']",t,t,"Rome, Lazio, Italy",I Centro Storico,,41.89199,12.46566,Entire rental unit,Entire home/apt,2,1.0,1 bath,1.0,0.0,"[""Toaster"", ""Bidet"", ""Iron"", ""Smoke alarm"", ""Hangers"", ""Ariston refrigerator"", ""Dining table"", ""Clothing storage: closet and dresser"", ""Coffee maker: espresso machine"", ""Wifi"", ""Host greets you"", ""Cleaning products"", ""Free washer \u2013 In unit"", ""Drying rack for clothing"", ""Pets allowed"", ""Hot water"", ""Body soap"", ""Gas stove"", ""Carbon monoxide alarm"", ""Wine glasses"", ""Dishes and silverware"", ""Elevator"", ""Air conditioning"", ""Bed linens"", ""Hair dryer"", ""Heating - split type ductless system"", ""Shampoo"", ""Essentials"", ""Cooking basics"", ""Freezer"", ""Extra pillows and blankets"", ""Kitchen""]",$80.00,6,13,3.0,6.0,13.0,13.0,5.9,13.0,,t,4,6,10,110,06/03/25,106,30,0,110,31,255,20400.0,27/05/14,26/01/25,4.8,4.85,4.81,4.87,4.93,4.97,4.66,IT058091C28453DHF9,f,1,1,0,0,0.81
535,800145.0,https://www.airbnb.com/rooms/800145,20250300000000.0,09/03/25,previous scrape,On the roofs of Rome /Garbatella,2-room apartment with an astonishing view on the roofs of the charming neighbourhood of Garbatella. Very bright and surprisingly peaceful. Perfect for singles or couples looking for an authentic roman experience.,"The beauty of Rome has many facets and if you want to experience its most charming, most understated yet undoubtedly pretty side, then you need to come to Garbatella.<br /><br />Garbatella is an iconic Roman neighborhood not yet overrun by tourists, but full of bars and restaurants, where you can live like a local and enjoy the tranquility of a small village within the city.<br /><br />Built in 1920s  as a working class neighborhood inspired by the english concept of “Garden City”, Garbatella has something  poetic.. it is a maze of courtyards, each one with its own gardens, squares, stairs, balconies, and fountains, according to a tradition of eclectic, noble architecture -whose references range from Borromini to the Futurist movement and Art Deco. <br /><br />Everything changes, especially in such a big city as Rome; and Garbatella already started its transition from a working-class neighborhood to a cultural district (with the re-opening of the Palladium theatre and the inauguration ",https://a0.muscache.com/pictures/f1a92b61-c4a4-4fd6-be2e-c608eebd38a9.jpg,4203917,https://www.airbnb.com/users/show/4203917,Laura,20/11/12,"Milan, Italy","Sono nata e cresciuta a Roma, ma vivo a Milano da ormai molti anni. 
Quando posso, torno a godermi il cielo della capitale dal mio appartamento di  Garbatella (disponibile qui su Airbnb). Lavoro nel campo della comunicazione, amo i viaggi, i cavalli e i carboidrati.

***
",within an hour,100%,67%,t,https://a0.muscache.com/im/pictures/user/e1cad0e9-53bf-42fb-9b7a-539c9fbe3d52.jpg?aki_policy=profile_small,https://a0.muscache.com/im/pictures/user/e1cad0e9-53bf-42fb-9b7a-539c9fbe3d52.jpg?aki_policy=profile_x_medium,Garbatella,1.0,1.0,"['email', 'phone']",t,t,"Rome, Lazio, Italy",VIII Appia Antica,,41.86252,12.49097,Entire rental unit,Entire home/apt,3,,1 bath,1.0,,"[""Bidet"", ""Iron"", ""Hangers"", ""Refrigerator"", ""Coffee"", ""Dining table"", ""Exercise equipment: free weights, yoga mat"", ""Self check-in"", ""TV"", ""Wifi"", ""Coffee maker"", ""Free street parking"", ""Oven"", ""Dishwasher"", ""Hot water kettle"", ""Window AC unit"", ""Long term stays allowed"", ""Cleaning products"", ""Drying rack for clothing"", ""Pocket wifi"", ""Hot water"", ""Body soap"", ""Bluetooth sound system"", ""Heating"", ""Gas stove"", ""City skyline view"", ""Wine glasses"", ""Dishes and silverware"", ""Elevator"", ""Free washer"", ""First aid kit"", ""Bed linens"", ""Shower gel"", ""Conditioner"", ""Lockbox"", ""Hair dryer"", ""Baking sheet"", ""Private patio or balcony"", ""Shampoo"", ""Clothing storage: walk-in closet and dresser"", ""Essentials"", ""Cooking basics"", ""Freezer"", ""Books and reading material"", ""Extra pillows and blankets"", ""Kitchen""]",,5,90,5.0,5.0,90.0,90.0,5.0,90.0,,t,0,0,0,0,09/03/25,35,10,0,0,11,100,,11/06/13,14/11/24,4.94,4.94,4.86,4.91,4.97,4.97,4.91,IT058091C24BJYA4RB,f,1,1,0,0,0.24
636,899297.0,https://www.airbnb.com/rooms/899297,20250300000000.0,12/03/25,previous scrape,"Il Sogno di Amélie, a home in Rome!",,"The neighborhood, Prati Vaticano is the right compromise between tourist and residential. Lots of shops and a wide range of restaurants, bars, and amenities!",https://a0.muscache.com/pictures/59c7e220-564e-4487-afef-88a2174bf8f6.jpg,2756943,https://www.airbnb.com/users/show/2756943,Serena,27/06/12,"Rome, Italy","I m Serena, from Rome, I am 37 years old and I love travelling, meeting new people and sailing!",within a day,59%,76%,f,https://a0.muscache.com/im/users/2756943/profile_pic/1340799123/original.jpg?aki_policy=profile_small,https://a0.muscache.com/im/users/2756943/profile_pic/1340799123/original.jpg?aki_policy=profile_x_medium,Prati,3.0,7.0,"['email', 'phone', 'work_email']",t,t,"Rome, Lazio, Italy",I Centro Storico,,41.90643,12.45808,Private room in rental unit,Private room,7,,2 baths,2.0,,"[""Dedicated workspace"", ""Fire extinguisher"", ""Shampoo"", ""Wifi"", ""Essentials"", ""Elevator"", ""Coffee maker"", ""Heating"", ""Air conditioning"", ""First aid kit"", ""Kitchen"", ""TV with standard cable""]",,31,1125,31.0,31.0,1125.0,1125.0,31.0,1125.0,,t,29,53,83,358,12/03/25,122,0,0,288,0,0,,18/03/13,28/10/21,4.62,4.61,4.74,4.79,4.68,4.85,4.72,,f,3,1,2,0,0.84
642,983127.0,https://www.airbnb.com/rooms/983127,20250300000000.0,12/03/25,city scrape,Please Rome - one double room,"A comfortable double room with private bathroom. It is located inside a large apartment furnished in Grandmillenial style, with all the comforts for a short or long stay in Rome. The apartment consists of 4 rooms in total, a large living room with kitchenette and a rare large terrace with washing machine and swing. A few steps from St. Peter's Basilica and a 5-minute walk from the Baldo degli Ubaldi metro stop, with just 5 stops you are in the historic center, at the Spanish Steps!","The Aurelio neighborhood is one of the best  to stay in Rome so as not to be in the chaos and confusion of the historic center, but just a few minutes to get there, on foot or by various public transport.",https://a0.muscache.com/pictures/hosting/Hosting-U3RheVN1cHBseUxpc3Rpbmc6OTgzMTI3/original/bd04aff0-6037-40a0-b4d4-3e2dd8a7bef2.jpeg,4118170,https://www.airbnb.com/users/show/4118170,Laura,11/11/12,"Rome, Italy","Sono  di Roma e amo profondamente la mia città, i suoi colori, la sua storia, la gente. Mi piace conoscere sempre persone nuove, condividere le esperienze altrui di cui cerco sempre di fare tesoro. Adoro bere un bicchiere di vino in compagnia e chiacchierare di tutto! La mia passione assoluta è però il mare: faccio immersioni, ho la patente nautica a vela e motore senza limiti, qualche volta mi piace pescare, e non rinuncio se posso  a viaggi che mi portino in luoghi lontani e sconosciuti. Mi interessano l'archeologia, la storia, il cinema, il footing, le carte, il cibo giapponese anche se preferisco la cucina italiana, ma soprattutto, gli amici e la famiglia sono le cose più importanti per me! Il mio motto è: ""l'unica cosa di cui avere paura, è la paura medesima""",within a few hours,100%,99%,,https://a0.muscache.com/im/pictures/user/20292654-0986-47f0-ac1d-f93dff72c4e6.jpg?aki_policy=profile_small,https://a0.muscache.com/im/pictures/user/20292654-0986-47f0-ac1d-f93dff72c4e6.jpg?aki_policy=profile_x_medium,Aurelio,3.0,8.0,"['phone', 'work_email']",t,t,"Rome, Lazio, Italy",XIII Aurelia,,41.89708,12.43496,Private room in condo,Private room,2,1.0,1 private bath,1.0,2.0,"[""Dedicated workspace"", ""Bidet"", ""Iron"", ""Fire extinguisher"", ""Hangers"", ""Refrigerator"", ""Coffee"", ""Mini fridge"", ""Microwave"", ""TV"", ""Private entrance"", ""Wifi"", ""Coffee maker"", ""Hot water kettle"", ""Electric stove"", ""Long term stays allowed"", ""Cleaning products"", ""Free washer \u2013 In unit"", ""Drying rack for clothing"", ""Paid parking lot on premises \u2013 1 space"", ""Lock on bedroom door"", ""Hot water"", ""Body soap"", ""Shared patio or balcony"", ""Heating"", ""Single level home"", ""Wine glasses"", ""Dishes and silverware"", ""Elevator"", ""Outdoor furniture"", ""Air conditioning"", ""Window guards"", ""First aid kit"", ""Kitchenette"", ""Bed linens"", ""Shower gel"", ""Cleaning available during stay"", ""Hair dryer"", ""Shampoo"", ""Essentials"", ""Clothing storage: closet"", ""Cooking basics"", ""Books and reading material"", ""Extra pillows and blankets"", ""Freezer"", ""Outdoor dining area"", ""Room-darkening shades"", ""Oven""]",$107.00,3,90,3.0,3.0,90.0,90.0,3.0,90.0,,t,1,1,1,1,12/03/25,20,17,0,0,17,102,10914.0,08/08/23,28/10/24,4.65,4.55,4.5,4.65,4.85,4.6,4.75,IT058091B4XCCR8SQ5,f,2,0,2,0,1.03
655,984559.0,https://www.airbnb.com/rooms/984559,20250300000000.0,11/03/25,city scrape,Rome Colosseum Apartment,"The Colosseum Apartment lies in the centre of Rome, in the lively Monti area. It is situated in a quiet street, only a few steps from some of the best restaurants and shops in town. The Colosseum and the Termini train station are just a stroll away.",Monti is a lively area with many shops and restaurants nearby.,https://a0.muscache.com/pictures/airflow/Hosting-984559/original/20390a23-1780-474e-8a7b-668511421ead.jpg,5399983,https://www.airbnb.com/users/show/5399983,Laura,10/03/13,"Rome, Italy","Hi!
I'm Laura from Rome. I like travelling and meeting new people. ",within an hour,100%,100%,f,https://a0.muscache.com/im/pictures/user/5a6c462f-c1c3-4bac-b97c-e7aae2e894b7.jpg?aki_policy=profile_small,https://a0.muscache.com/im/pictures/user/5a6c462f-c1c3-4bac-b97c-e7aae2e894b7.jpg?aki_policy=profile_x_medium,Monti,2.0,5.0,"['email', 'phone']",t,t,"Rome, Lazio, Italy",I Centro Storico,,41.89486,12.49403,Entire rental unit,Entire home/apt,4,1.0,1 bath,1.0,2.0,"[""Bidet"", ""Iron"", ""Fire extinguisher"", ""Hangers"", ""Refrigerator"", ""Dining table"", ""TV"", ""Private entrance"", ""Wifi"", ""Oven"", ""Long term stays allowed"", ""Stove"", ""Cleaning products"", ""Free washer \u2013 In unit"", ""Hot water"", ""Body soap"", ""Heating"", ""Carbon monoxide alarm"", ""Wine glasses"", ""Dishes and silverware"", ""Elevator"", ""Air conditioning"", ""First aid kit"", ""Bed linens"", ""Shower gel"", ""Hair dryer"", ""Coffee maker: Nespresso"", ""Shampoo"", ""Essentials"", ""Clothing storage: closet"", ""Cooking basics"", ""Freezer"", ""Extra pillows and blankets"", ""Bathtub"", ""Room-darkening shades"", ""Kitchen""]",$85.00,2,150,2.0,2.0,150.0,150.0,2.0,150.0,,t,9,31,49,320,11/03/25,316,53,2,251,56,255,21675.0,02/04/13,21/02/25,4.72,4.86,4.83,4.87,4.96,4.85,4.7,IT058091C22D5FTISI,f,2,2,0,0,2.17
774,1236381.0,https://www.airbnb.com/rooms/1236381,20250300000000.0,12/03/25,city scrape,Nice apartment in the cool district,"In the heart of Rome, just steps from the metro, in one of the coolest neighborhoods in the capital. Recently renovated, the apartment enjoys every comfort: washing machine, wi-fi, kitchen, TV, air conditioning, stereo.",,https://a0.muscache.com/pictures/3fca3922-63ee-409d-b899-f21de930bd3f.jpg,2061103,https://www.airbnb.com/users/show/2061103,Laura,03/04/12,"Rome, Italy","Hi! I'm Laura, nice to meet you :) I'm an italian graphic designer from Rome.  I like to travel, cooking and meet nice people around the world!",within a day,100%,6%,f,https://a0.muscache.com/im/pictures/user/User/original/e2827137-fd67-4833-b499-50df3fe520a2.jpeg?aki_policy=profile_small,https://a0.muscache.com/im/pictures/user/User/original/e2827137-fd67-4833-b499-50df3fe520a2.jpeg?aki_policy=profile_x_medium,Nomentana,1.0,2.0,"['email', 'phone']",t,t,,II Parioli/Nomentano,,41.91102,12.52009,Entire rental unit,Entire home/apt,2,1.0,1 bath,1.0,2.0,"[""Dedicated workspace"", ""Iron"", ""Hangers"", ""Refrigerator"", ""Kitchen"", ""Washer"", ""TV"", ""Wifi"", ""Coffee maker"", ""Host greets you"", ""Long term stays allowed"", ""Stove"", ""Board games"", ""Luggage dropoff allowed"", ""Hot water"", ""Heating"", ""Dishes and silverware"", ""Elevator"", ""Air conditioning"", ""Movie theater"", ""Hair dryer"", ""Essentials"", ""Cooking basics"", ""Oven""]",$102.00,31,730,31.0,31.0,730.0,730.0,31.0,730.0,,t,16,28,58,58,12/03/25,10,1,0,58,2,62,6324.0,29/06/13,04/12/24,4.78,5.0,4.89,4.89,4.67,4.89,4.56,,f,1,1,0,0,0.07
778,1245631.0,https://www.airbnb.com/rooms/1245631,20250300000000.0,06/03/25,city scrape,Destination Rome. 3 bdrs | MetroA SanGiovanni,"Welcome to Destination Rome, a large and bright apartment up to 5 persons with 3 separated bedrooms and AC in all of them. Located in the central strategic neighborhood of San Giovanni, 2 min walk from Metro (lines A and C) and next to buses heading to the center in 10-15'<br /><br />Walking distance to Saint John Lateran&Holy Stairs (5') and Colosseum (20')<br /><br />Well connected to airports and train station (3 metro stops from Termini Central Station), accessible by car (free and pay parkings in the streets)","San Giovanni is a neighborhood with points of historical and cultural interest of absolute importance, including the Basilica of San Giovanni in Lateran, the Holy Stairs, the Basilica of the Holy Cross in Jerusalem. <br />Located right outside of the tourist centre, the neighborhood expresses a unique authenticity due to its contrast between ancient ruins,  turn of the century and modern architecture. For such reasons it represents an ideal base for discovering the eternal charm, traditions, culture and food of Rome, going for walks in the local parks to great shopping.<br />Thanks to the possibility of moving easily on foot and by public transport and to the wide range of services such as restaurants, bars, ice cream shops, shops of all kinds and supermarkets, markets, libraries, public parks and squares, this is one of city users' favorite areas.<br />Furthermore, the lively neighborhoods of San Lorenzo and Pigneto, full of bars, restaurants and music clubs can be reached with a walk",https://a0.muscache.com/pictures/miso/Hosting-1245631/original/8e42c789-4100-43bc-82a8-0a96327a68fd.jpeg,6788136,https://www.airbnb.com/users/show/6788136,Serena,07/06/13,,"Ciao, sono Serena e insieme al mio compagno Claudio, viaggiamo e ospitiamo su Airbnb da quando è nato, vivendo a pieno l'opportunità di conoscere persone nuove. Quando la nostra famiglia è cresciuta ci siamo trasferiti in una casa più grande e abbiamo deciso di preparare il nostro appartamento per ospitare i turisti, con l'obiettivo di farli sentire a casa. Speriamo di offrire una bellissima esperienza di viaggio e ospitalità nella città eterna.",within an hour,100%,100%,t,https://a0.muscache.com/im/pictures/user/User-6788136/original/4b7c5772-443f-4b6f-bff8-4df508c795e8.jpeg?aki_policy=profile_small,https://a0.muscache.com/im/pictures/user/User-6788136/original/4b7c5772-443f-4b6f-bff8-4df508c795e8.jpeg?aki_policy=profile_x_medium,San Giovanni,1.0,1.0,"['email', 'phone']",t,t,"Rome, Lazio, Italy",VII San Giovanni/Cinecittà,,41.88570786,12.51423073,Entire rental unit,Entire home/apt,5,1.0,1 bath,3.0,3.0,"[""Dedicated workspace"", ""Bidet"", ""Iron"", ""Toaster"", ""Smoke alarm"", ""Hangers"", ""Mosquito net"", ""Fire extinguisher"", ""Refrigerator"", ""Coffee"", ""Dining table"", ""Self check-in"", ""Microwave"", ""Children\u2019s books and toys"", ""Wifi"", ""Children\u2019s dinnerware"", ""Free street parking"", ""Oven"", ""Dishwasher"", ""Hot water kettle"", ""Cleaning products"", ""Free washer \u2013 In unit"", ""Drying rack for clothing"", ""Blender"", ""Luggage dropoff allowed"", ""Hot water"", ""Body soap"", ""Pack \u2019n play/Travel crib - available upon request"", ""Carbon monoxide alarm"", ""Central air conditioning"", ""City skyline view"", ""Single level home"", ""Wine glasses"", ""40 inch HDTV"", ""Courtyard view"", ""Dishes and silverware"", ""Central heating"", ""Shared backyard \u2013 Fully fenced"", ""Window guards"", ""Stainless steel gas stove"", ""Smart lock"", ""First aid kit"", ""Bed linens"", ""Hair dryer"", ""Heating - split type ductless system"", ""Baking sheet"", ""Essentials"", ""Clothing storage: closet"", ""AC - split type ductless system"", ""Books and reading material"", ""Extra pillows and blankets"", ""Bathtub"", ""High chair - available upon request"", ""Cooking basics"", ""Freezer"", ""Coffee maker: pour-over coffee"", ""Exercise equipment: yoga mat"", ""Paid street parking off premises"", ""Room-darkening shades"", ""Kitchen""]",$157.00,3,25,3.0,3.0,20.0,25.0,3.0,24.8,,t,5,10,17,90,06/03/25,93,66,6,90,66,255,40035.0,13/07/13,05/03/25,4.92,4.94,4.9,4.88,4.95,4.8,4.87,IT058091C224JHU8OW,t,1,1,0,0,0.66
799,1269648.0,https://www.airbnb.com/rooms/1269648,20250300000000.0,10/03/25,city scrape,Marco e Laura B&B: Triple room,,,https://a0.muscache.com/pictures/f9e29a2d-910b-4637-b1e3-46db007c2790.jpg,139716,https://www.airbnb.com/users/show/139716,Laura,07/06/10,"Rome, Italy","Mi piace diffondere allegria e cordialità
negli anni ho fatto della mia ospitalità la mia missione. conoscere nuove persone, confrontarsi e far sentire i propri ospiti a casa loro
questo è quello che faccio. 
credo nei rapporti umani ed effettivamente ho conosciuto molte persone e soprattutto molte belle persone, che danno un senso al mio lavoro.
amo la musica ma soprattutto il mare. Roma è la città più bella del mondo ma non lo sarebbe così tanto se non avesse il mare a due passi!
ho una bellissima famiglia e alcuni amici con i quali valga la pena spendere il proprio tempo libero e fare belle esperienze.
Vi aspetto... ",within an hour,100%,100%,f,https://a0.muscache.com/im/users/139716/profile_pic/1371218423/original.jpg?aki_policy=profile_small,https://a0.muscache.com/im/users/139716/profile_pic/1371218423/original.jpg?aki_policy=profile_x_medium,Aurelio,10.0,10.0,"['email', 'phone']",t,t,,XIII Aurelia,,41.89806,12.44428,Private room in bed and breakfast,Private room,3,1.0,1 private bath,1.0,2.0,"[""TV"", ""Fire extinguisher"", ""Hangers"", ""Luggage dropoff allowed"", ""Wifi"", ""Essentials"", ""Free parking on premises"", ""Free street parking"", ""Heating"", ""Air conditioning"", ""Long term stays allowed"", ""Garden view"", ""Pets allowed"", ""Lock on bedroom door"", ""Hot water"", ""Hair dryer""]",$73.00,2,1125,1.0,3.0,1125.0,1125.0,2.0,1125.0,,t,20,41,68,261,10/03/25,12,1,0,260,0,6,438.0,01/09/18,03/02/25,4.17,4.42,4.33,4.42,4.17,4.17,4.25,IT058091C1HOUEZ83J,t,10,4,6,0,0.15
800,1269785.0,https://www.airbnb.com/rooms/1269785,20250300000000.0,11/03/25,city scrape,Marco e Laura B&B: near Vatican,"The apartment has just been renovated to offer its guests more comfort and give a feeling of greater hospitality<br />equipped with all the main requirements, it is ideal for a stay with friends or relatives<br />we are waiting for you","close to  Vatican, at 300 mt from the Vatican Walls, good connection with public transportations, at few minutes from the rest of downtown",https://a0.muscache.com/pictures/31729996/4ecbb25c_original.jpg,139716,https://www.airbnb.com/users/show/139716,Laura,07/06/10,"Rome, Italy","Mi piace diffondere allegria e cordialità
negli anni ho fatto della mia ospitalità la mia missione. conoscere nuove persone, confrontarsi e far sentire i propri ospiti a casa loro
questo è quello che faccio. 
credo nei rapporti umani ed effettivamente ho conosciuto molte persone e soprattutto molte belle persone, che danno un senso al mio lavoro.
amo la musica ma soprattutto il mare. Roma è la città più bella del mondo ma non lo sarebbe così tanto se non avesse il mare a due passi!
ho una bellissima famiglia e alcuni amici con i quali valga la pena spendere il proprio tempo libero e fare belle esperienze.
Vi aspetto... ",within an hour,100%,100%,f,https://a0.muscache.com/im/users/139716/profile_pic/1371218423/original.jpg?aki_policy=profile_small,https://a0.muscache.com/im/users/139716/profile_pic/1371218423/original.jpg?aki_policy=profile_x_medium,Aurelio,10.0,10.0,"['email', 'phone']",t,t,"Rome, Lazio, Italy",XIII Aurelia,,41.89895,12.44334,Entire condo,Entire home/apt,11,5.5,5.5 baths,5.0,9.0,"[""Iron"", ""Fire extinguisher"", ""Hangers"", ""Refrigerator"", ""TV"", ""Wifi"", ""Luggage dropoff allowed"", ""Pets allowed"", ""Hot water"", ""Heating"", ""Dishes and silverware"", ""Elevator"", ""Air conditioning"", ""First aid kit"", ""Hair dryer"", ""Essentials"", ""Cooking basics"", ""Free parking on premises"", ""Kitchen""]",$246.00,3,1120,1.0,3.0,1125.0,1125.0,2.2,1125.0,,t,11,32,50,209,11/03/25,17,0,0,208,0,0,0.0,02/03/14,03/07/23,4.35,4.59,4.41,4.82,4.59,4.47,4.35,IT058091B4U3P8BFLK,t,10,4,6,0,0.13
801,1269786.0,https://www.airbnb.com/rooms/1269786,20250300000000.0,11/03/25,city scrape,Romaurelia: vicino al Vaticano  min 2 nt,"We are in the Vatican area, in the immediate vicinity of the museum entrance. Well connected by  bus and metro.<br />the apartment consists of 5 bedrooms and 5 bathrooms, air conditioning, equipped kitchen.<br />all seasoned with joy and friendliness","we are in a residential area around Vatican City, so very quiet and safe.<br />",https://a0.muscache.com/pictures/0f761215-435e-4e3d-b669-406d57c7ad84.jpg,139716,https://www.airbnb.com/users/show/139716,Laura,07/06/10,"Rome, Italy","Mi piace diffondere allegria e cordialità
negli anni ho fatto della mia ospitalità la mia missione. conoscere nuove persone, confrontarsi e far sentire i propri ospiti a casa loro
questo è quello che faccio. 
credo nei rapporti umani ed effettivamente ho conosciuto molte persone e soprattutto molte belle persone, che danno un senso al mio lavoro.
amo la musica ma soprattutto il mare. Roma è la città più bella del mondo ma non lo sarebbe così tanto se non avesse il mare a due passi!
ho una bellissima famiglia e alcuni amici con i quali valga la pena spendere il proprio tempo libero e fare belle esperienze.
Vi aspetto... ",within an hour,100%,100%,f,https://a0.muscache.com/im/users/139716/profile_pic/1371218423/original.jpg?aki_policy=profile_small,https://a0.muscache.com/im/users/139716/profile_pic/1371218423/original.jpg?aki_policy=profile_x_medium,Aurelio,10.0,10.0,"['email', 'phone']",t,t,"Rome, Lazio, Italy",XIII Aurelia,,41.89977,12.44277,Entire condo,Entire home/apt,11,5.5,5.5 baths,5.0,9.0,"[""Iron"", ""Fire extinguisher"", ""Hangers"", ""Refrigerator"", ""Kitchen"", ""TV"", ""Wifi"", ""Coffee maker"", ""Dishwasher"", ""Pets allowed"", ""Luggage dropoff allowed"", ""Hot water"", ""Heating"", ""Dishes and silverware"", ""Elevator"", ""Air conditioning"", ""Hair dryer"", ""Essentials"", ""Cooking basics"", ""Free parking on premises"", ""Oven""]",$414.00,2,100,2.0,2.0,1125.0,1125.0,2.0,1125.0,,t,0,0,0,0,11/03/25,9,0,0,0,0,0,0.0,06/07/15,27/04/19,4.0,3.89,3.89,4.56,4.67,4.33,3.89,IT058091B4DI3SFJJG,t,10,4,6,0,0.08
872,1698263.0,https://www.airbnb.com/rooms/1698263,20250300000000.0,11/03/25,city scrape,"Campani Slow, S.Lorenzo","Near all tourist sites and transportation. Near La Sapienza University, research centers and Hospital Policlinico Umberto I.",,https://a0.muscache.com/pictures/29718962/5ff1f14f_original.jpg,8968069,https://www.airbnb.com/users/show/8968069,Mario,21/09/13,"Rome, Italy","Roma. Ricercatore CNR.
Rome CNR researcher",within an hour,100%,100%,f,https://a0.muscache.com/im/users/8968069/profile_pic/1379772125/original.jpg?aki_policy=profile_small,https://a0.muscache.com/im/users/8968069/profile_pic/1379772125/original.jpg?aki_policy=profile_x_medium,San Lorenzo,1.0,1.0,"['email', 'phone', 'work_email']",t,t,,II Parioli/Nomentano,,41.89496994,12.51494026,Entire rental unit,Entire home/apt,4,1.0,1 bath,1.0,2.0,"[""Dedicated workspace"", ""Toaster"", ""Iron"", ""Smoke alarm"", ""Hangers"", ""Fire extinguisher"", ""High chair"", ""Coffee"", ""Ethernet connection"", ""Dining table"", ""Sound system with aux"", ""Self check-in"", ""Clothing storage: closet and dresser"", ""Microwave"", ""TV"", ""Children\u2019s books and toys"", ""Radiant heating"", ""Laundromat nearby"", ""Indesit gas stove"", ""Coffee maker"", ""Oven"", ""Dishwasher"", ""Outlet covers"", ""Window AC unit"", ""Hot water kettle"", ""Cleaning products"", ""Free washer \u2013 In unit"", ""Drying rack for clothing"", ""Long term stays allowed"", ""Pets allowed"", ""Luggage dropoff allowed"", ""Hot water"", ""Body soap"", ""Pack \u2019n play/Travel crib - available upon request"", ""Wifi \u2013 17 Mbps"", ""Carbon monoxide alarm"", ""Paid parking lot on premises"", ""Smoking allowed"", ""Wine glasses"", ""Crib"", ""Dishes and silverware"", ""Smart lock"", ""First aid kit"", ""Bed linens"", ""Shower gel"", ""Hair dryer"", ""Baking sheet"", ""Beko refrigerator"", ""Private patio or balcony"", ""Shampoo"", ""Essentials"", ""Cooking basics"", ""Freezer"", ""Books and reading material"", ""Extra pillows and blankets"", ""Paid parking lot off premises"", ""Room-darkening shades"", ""Kitchen""]",$54.00,2,120,2.0,2.0,1125.0,1125.0,2.0,1125.0,,t,2,10,32,145,11/03/25,556,64,4,145,68,255,13770.0,19/02/14,08/03/25,4.75,4.78,4.78,4.93,4.91,4.31,4.67,IT058091C2A2AJRUOH,t,1,1,0,0,4.13
894,1737656.0,https://www.airbnb.com/rooms/1737656,20250300000000.0,07/03/25,city scrape,CR - A cosy studio in Trastevere with Terrace,"This little apt is located on the 4th floor of a classic Trastevere building. It is a one bedroom with kitchenette, full equipped bathroom and a top roof terrace with gorgeous view of the Gianicolo hill and St. Peter's Cupola. The terrace is a private portion of the top roof.",,https://a0.muscache.com/pictures/b2eac167-d3ba-4a11-985a-99a451d93ab2.jpg,9150741,https://www.airbnb.com/users/show/9150741,Mario,30/09/13,"Rome, Italy","Architetto, amante del verde e del vivere in armonia",within a few hours,100%,93%,t,https://a0.muscache.com/im/pictures/user/User-9150741/original/a1cafb7d-39b9-4772-9e58-539e51002474.jpeg?aki_policy=profile_small,https://a0.muscache.com/im/pictures/user/User-9150741/original/a1cafb7d-39b9-4772-9e58-539e51002474.jpeg?aki_policy=profile_x_medium,Trastevere,6.0,15.0,"['email', 'phone']",t,t,,I Centro Storico,,41.8911,12.46892,Entire rental unit,Entire home/apt,2,1.0,1 bath,1.0,1.0,"[""Paid parking off premises"", ""Iron"", ""Smoke alarm"", ""Hangers"", ""Refrigerator"", ""Microwave"", ""TV"", ""Wifi"", ""Coffee maker"", ""Host greets you"", ""Oven"", ""Long term stays allowed"", ""Outdoor playground"", ""Cleaning products"", ""Free washer \u2013 In unit"", ""Drying rack for clothing"", ""Hot water"", ""Body soap"", ""Gas stove"", ""Heating"", ""Carbon monoxide alarm"", ""Shared patio or balcony"", ""Central air conditioning"", ""City skyline view"", ""Dishes and silverware"", ""Courtyard view"", ""Outdoor furniture"", ""Bed linens"", ""Hair dryer"", ""Shampoo"", ""Essentials"", ""Cooking basics"", ""Books and reading material"", ""Extra pillows and blankets"", ""Denon sound system with Bluetooth and aux"", ""Room-darkening shades"", ""Kitchen""]",$78.00,3,90,2.0,5.0,90.0,90.0,3.0,90.0,,t,1,1,2,89,07/03/25,399,50,6,31,50,255,19890.0,04/11/13,20/02/25,4.9,4.89,4.89,4.89,4.95,4.98,4.87,IT111105C2000Q4779,f,3,3,0,0,2.89
921,1755014.0,https://www.airbnb.com/rooms/1755014,20250300000000.0,09/03/25,previous scrape,Villa Fiorelli dream,"A few steps from the picturesque square of Villa Fiorelli, San Giovanni, our house offers rest and tranquility to anyone who wants to be in the heart of Rome, but with a foot in the most intimate atmosphere of an authentic neighborhood.<br />Colorful, warm, lively",,https://a0.muscache.com/pictures/1cbb5c96-7a27-4647-8656-13d7ae36b047.jpg,9229852,https://www.airbnb.com/users/show/9229852,Serena,04/10/13,"Rome, Italy",,,,,f,https://a0.muscache.com/im/users/9229852/profile_pic/1380912014/original.jpg?aki_policy=profile_small,https://a0.muscache.com/im/users/9229852/profile_pic/1380912014/original.jpg?aki_policy=profile_x_medium,San Giovanni,1.0,1.0,"['email', 'phone']",t,f,,VII San Giovanni/Cinecittà,,41.88417,12.52613,Private room in rental unit,Private room,2,,1 bath,,,"[""TV"", ""Breakfast"", ""Washer"", ""Kitchen"", ""Smoking allowed"", ""Heating""]",,31,1125,31.0,31.0,1125.0,1125.0,31.0,1125.0,,t,0,0,0,0,09/03/25,0,0,0,0,0,0,,,,,,,,,,,,f,1,0,1,0,
1016,1616260.0,https://www.airbnb.com/rooms/1616260,20250300000000.0,06/03/25,city scrape,Spacious home in  neighborhood of the 1940s,"THE WHOLE APARTMENT IS FOR YOUR USE ONLY. <br /><br />The peaceful, colorful and spacious is well equipped and beautifully furnished. Love our contemporary and large living room. Enjoy alfresco dining outside in our private garden- Air conditioning in every room","Casa Laura is located in a small dead-end street in the “La Certosa e Borgo degli Angeli” district of Rome, a small and quiet village inside Rome adjacent to the chaotic and cosmopolitan Via di Torpignattara.<br />The La Certosa district is famous for its small buildings built in the 1930s.<br />Numerous films have been shot in the neighborhood and it is still possible to witness filming.<br />In his film ""Ragazzi di vita"", the famous Italian director Pier Paolo Pasolini thus described the district as ""a Shanghai of small gardens, streets, networks, small villages, clearings, construction sites, tower blocks and maranas""<br /><br />The apartment is located in a quiet dead end street, without traffic and noise. This place offer a relaxing holiday, as opposite to the traffic and the noise of the historic center. Perhaps the apartment is only 4 kilometers far from the historic center, and you can easily reach it by bus/metro or train in 30 minutes. All needed shops and services are near t",https://a0.muscache.com/pictures/hosting/Hosting-U3RheVN1cHBseUxpc3Rpbmc6MTYxNjI2MA%3D%3D/original/a1e59555-f84f-4b80-a6f5-81fe0556199d.jpeg,8601950,https://www.airbnb.com/users/show/8601950,Laura,03/09/13,"Rome, Italy","Sono una mamma, in passato ho trascorso periodi lontani dalla mia casa d'origine (in Calabria) ed ho sempre apprezzato molto trovare accoglienza e ospitalità nei luoghi in cui ho vissuto. 

Da maggio 2023 subentro , nella gestione dell'appartamento, ai super host Anna e Gino che si sono dedicati al ruolo di nonni, e mi auguro che i miei ospiti possano sentirsi a ""casa Laura"" , un po' come ""a casa"". Benvenuti!",,,100%,f,https://a0.muscache.com/im/pictures/user/User-8601950/original/21d93dbc-184e-43f4-9103-43d66f4c8b19.jpeg?aki_policy=profile_small,https://a0.muscache.com/im/pictures/user/User-8601950/original/21d93dbc-184e-43f4-9103-43d66f4c8b19.jpeg?aki_policy=profile_x_medium,Tor Pignattara,1.0,1.0,"['email', 'phone']",t,t,"Rome, Lazio, Italy",V Prenestino/Centocelle,,41.87765121,12.53864861,Entire rental unit,Entire home/apt,6,2.0,2 baths,2.0,3.0,"[""Bidet"", ""Iron"", ""Hangers"", ""Refrigerator"", ""Dining table"", ""Single oven"", ""Self check-in"", ""Microwave"", ""Children\u2019s books and toys for ages 2-5 years old"", ""Laundromat nearby"", ""Private entrance"", ""Wifi"", ""Coffee maker"", ""Dishwasher"", ""Board games"", ""Outdoor playground"", ""Cleaning products"", ""Free washer \u2013 In unit"", ""Drying rack for clothing"", ""Free dryer \u2013 In unit"", ""Private backyard \u2013 Fully fenced"", ""Luggage dropoff allowed"", ""Hot water"", ""Heating"", ""Carbon monoxide alarm"", ""Single level home"", ""Crib"", ""Dishes and silverware"", ""Air conditioning"", ""Stainless steel gas stove"", ""First aid kit"", ""Bed linens"", ""Lockbox"", ""Hair dryer"", ""Baking sheet"", ""Private patio or balcony"", ""Essentials"", ""Clothing storage: closet"", ""Cooking basics"", ""Books and reading material"", ""Extra pillows and blankets"", ""Bathtub"", ""Freezer"", ""50 inch HDTV"", ""Kitchen""]",$140.00,4,28,4.0,4.0,28.0,28.0,4.0,28.0,,t,19,49,79,79,06/03/25,82,15,0,79,16,120,16800.0,03/02/14,05/11/24,4.7,4.8,4.94,4.92,4.99,4.06,4.71,IT058091C28B8T6QFV,f,1,1,0,0,0.61
1089,2054130.0,https://www.airbnb.com/rooms/2054130,20250300000000.0,12/03/25,previous scrape,B&B LostInTrastevere -La dolce Vita,"The property is located in one of Rome's most beautiful and evocative neighborhoods:TRASTEVERE! All rooms have the bathroom shared with the other two. Wi-Fi Internet, sheets, towels, breakfast and daily tidying are included in the cost.","The property is located in one of the most beautiful and well-known areas of Rome in the world, a neighborhood able to best describe what it is and the sense of popular belonging that locals call romance and, above all, to make anyone who visits fall in love: Trastevere.<br />Walking in the heart of Rome you are impressed by the magic that crosses the streets and you can totally understand what the ""Eternal City"" means.",https://a0.muscache.com/pictures/28105600/28c474af_original.jpg,10406168,https://www.airbnb.com/users/show/10406168,Serena,03/12/13,"Rome, Italy","Mi chiamo Serena, adoro viaggiare e mi piace incontrare persone sempre nuove provenienti da ogni parte del mondo.Questa è la casa dove sono nata e cresciuta e che ora ho trasformato in un caldo e confortevole bed and breakfast. Quindi, se cercate un ambiente familiare e confortevole, venitemi a trovare a B&B Lost in Trastevere

Hi, My name is Serena my passion is traveling and I enjoy meeting new people from all over the world. This is the house where I grew up that I transformed in a warm and comfortable B&B. Therefore if you are looking for a “homey” environment this is the place for you, ill do my best to make your visit unforgettable
B&B Lost in Trastevere",,,,f,https://a0.muscache.com/im/users/10406168/profile_pic/1386606081/original.jpg?aki_policy=profile_small,https://a0.muscache.com/im/users/10406168/profile_pic/1386606081/original.jpg?aki_policy=profile_x_medium,Trastevere,4.0,5.0,"['email', 'phone']",t,f,"Rome, Lazio, Italy",I Centro Storico,,41.88907,12.46879,Room in bed and breakfast,Hotel room,2,,1 shared bath,1.0,,"[""Fire extinguisher"", ""Luggage dropoff allowed"", ""Shampoo"", ""Wifi"", ""Essentials"", ""Elevator"", ""Extra pillows and blankets"", ""Air conditioning"", ""Breakfast"", ""First aid kit"", ""Pets allowed"", ""Bed linens"", ""Heating""]",,31,1125,1.0,4.0,99.0,99.0,3.8,99.0,,t,3,3,3,3,12/03/25,14,0,0,0,0,0,,16/12/13,25/03/23,4.21,4.36,4.64,4.5,4.71,4.86,4.21,IT058091C1QEULOX75,t,4,0,3,0,0.1
1199,2590401.0,https://www.airbnb.com/rooms/2590401,20250300000000.0,11/03/25,city scrape,Penthouse with terrace,"close to Piazza di Spagna and Villa Borghese gardens ,view over the ancient town ,the apartment is composed of living, two terraces, double bed room, bathroom with shower,  kitchen. Close to Famous shopping streets and restaurants.","The apartment is located close to Villa borghese, Fontana di Trevi and  Piazza di Spagna,",https://a0.muscache.com/pictures/46625495/94177dea_original.jpg,13261908,https://www.airbnb.com/users/show/13261908,Laura,18/03/14,"Rome, Italy","mi piace, sciare andare in barca, giocare a golf, camminare,leggere. non posso fare a meno dei libri di carta.La musica è un prezioso compagno sempre.",within an hour,100%,87%,f,https://a0.muscache.com/im/users/13261908/profile_pic/1406026044/original.jpg?aki_policy=profile_small,https://a0.muscache.com/im/users/13261908/profile_pic/1406026044/original.jpg?aki_policy=profile_x_medium,Colonna,5.0,5.0,"['email', 'phone']",t,t,"Rome, Lazio, Italy",I Centro Storico,,41.90432,12.48638,Entire rental unit,Entire home/apt,4,1.0,1 bath,1.0,1.0,"[""Paid parking off premises"", ""Dedicated workspace"", ""Fire extinguisher"", ""Refrigerator"", ""Washer"", ""Self check-in"", ""TV"", ""Wifi"", ""Pets allowed"", ""Hot water"", ""Heating"", ""Carbon monoxide alarm"", ""Dishes and silverware"", ""Air conditioning"", ""Building staff"", ""Hair dryer"", ""Shampoo"", ""Essentials"", ""Kitchen""]",$170.00,4,30,4.0,4.0,30.0,30.0,4.0,30.0,,t,0,0,3,126,11/03/25,50,10,1,126,9,80,13600.0,16/09/14,11/02/25,4.54,4.73,4.41,4.92,4.92,4.94,4.61,IT058091C26EZE5YAQ,f,5,5,0,0,0.39
1363,3001593.0,https://www.airbnb.com/rooms/3001593,20250300000000.0,06/03/25,city scrape,Room in Rome near Colosseum,,,https://a0.muscache.com/pictures/77264236/ec57547f_original.jpg,15299114,https://www.airbnb.com/users/show/15299114,Laura,09/05/14,"Rome, Italy","Mi piace il sole, il mare, l'estate. 
Il mio stile di viaggio è avere un bagaglio essenziale ed entusiasmarmi davanti alle bellezze dei luoghi senza fare tanti programmi ma vivendo liberamente la vacanza seguendo ciò che mi attira di più.",within an hour,100%,100%,t,https://a0.muscache.com/im/users/15299114/profile_pic/1428167475/original.jpg?aki_policy=profile_small,https://a0.muscache.com/im/users/15299114/profile_pic/1428167475/original.jpg?aki_policy=profile_x_medium,San Giovanni,6.0,6.0,"['email', 'phone']",t,t,,VII San Giovanni/Cinecittà,,41.88431,12.51143,Private room in rental unit,Private room,2,1.0,1 private bath,1.0,1.0,"[""Paid parking off premises"", ""Smoke alarm"", ""Hangers"", ""Fire extinguisher"", ""Refrigerator"", ""Self check-in"", ""Wifi"", ""Coffee maker"", ""Lock on bedroom door"", ""Hot water"", ""Heating"", ""Carbon monoxide alarm"", ""Dishes and silverware"", ""Elevator"", ""Air conditioning"", ""First aid kit"", ""Building staff"", ""Bed linens"", ""TV with standard cable"", ""Hair dryer"", ""Shampoo"", ""Essentials"", ""Extra pillows and blankets"", ""Exterior security cameras on property"", ""Oven""]",$186.00,2,30,2.0,2.0,30.0,1125.0,2.0,91.4,,t,3,8,31,259,06/03/25,128,25,2,195,22,150,27900.0,19/06/15,16/02/25,4.63,4.78,4.75,4.78,4.77,4.74,4.57,IT058091B4XQ9VBKCO,t,6,1,5,0,1.08
1389,3029328.0,https://www.airbnb.com/rooms/3029328,20250300000000.0,09/03/25,previous scrape,Roma Appartamento a CASA DI LAURA🏡 MORENA,"Cozy mini apartment on the 1st floor in a cottage,well connected to 2 km METRO Anagnina,3.5 km Ciampino airport, 35 km from Fiumicino airport and 20 minutes from the beautiful Castelli Romani. 4 km from the Tor Vergata Polyclinic Hospital and University, Cinecittà.  Quiet area. surrounded by greenery . 100 meters away is a pharmacy,bar,pizzerias,grocery store, butcher, fruit shop, hardware store, Conad/pewex/Md/Eurospin/, Ikea ,mc donald, gallowey,holdwildwest ect.","residential neighborhood, quiet, away from the noise of the city . For those who want to stay 20 /30 minutes from downtown but don't like  the urban chaos, my house is the ideal place.",https://a0.muscache.com/pictures/b815c362-c777-4727-92be-85cd87335763.jpg,15327273,https://www.airbnb.com/users/show/15327273,Laura,10/05/14,"Rome, Italy",,,,100%,f,https://a0.muscache.com/im/pictures/user/User-15327273/original/ba17494b-e906-4d7b-b836-5c59c1df0682.jpeg?aki_policy=profile_small,https://a0.muscache.com/im/pictures/user/User-15327273/original/ba17494b-e906-4d7b-b836-5c59c1df0682.jpeg?aki_policy=profile_x_medium,,1.0,1.0,"['email', 'phone']",t,t,"Rome, Lazio, Italy",VII San Giovanni/Cinecittà,,41.82432,12.6087,Entire home,Entire home/apt,3,,1 bath,1.0,,"[""Bidet"", ""Hangers"", ""Refrigerator"", ""High chair"", ""Coffee"", ""Clothing storage"", ""Dining table"", ""Washer"", ""TV"", ""Wifi"", ""Coffee maker"", ""Free street parking"", ""Host greets you"", ""Oven"", ""Stove"", ""Cleaning products"", ""Drying rack for clothing"", ""Pets allowed"", ""Luggage dropoff allowed"", ""Hot water"", ""Dishes and silverware"", ""Courtyard view"", ""Outdoor furniture"", ""Central heating"", ""Garden view"", ""Bed linens"", ""Bagno schiuma e shampoo body soap"", ""Hair dryer"", ""Essentials"", ""Cooking basics"", ""Freezer"", ""Free parking on premises"", ""Patio or balcony"", ""Kitchen"", ""Shampoo shampoo""]",,1,29,1.0,2.0,29.0,29.0,1.2,29.0,,t,0,0,0,0,09/03/25,112,24,0,0,27,144,,26/10/20,03/08/24,4.82,4.86,4.85,4.96,4.92,4.67,4.78,IT058091C2YNPL9VK4,t,1,1,0,0,2.11
1511,3273821.0,https://www.airbnb.com/rooms/3273821,20250300000000.0,05/03/25,city scrape,"Dafne, beautiful room in cozy, clean flat.","10 min by bus you can get to Piazza Venezia or Colosseum. All shops, gym, many trendy&local restaurants and cafes walking distance. <br />30min from beaches of Ostia and Fiumicino airport by direct train. <br />5 min away from metro B line Piramide stop.<br />EATALY is 5 min walking away where you can eat and shop the most quality Italian food from 9 am to midnight.<br />There is big supermarket open 7/24m just 2 min walking.","It used to be an industrial area until late 80s. <br />Now all the factories have became museums, cultural centers, shops, restaurants, university buildings. <br />It's next to well known Testaccio, Garbatella, Aventino, S.Saba and S.Paolo. <br />It's quite lively especially weekend nights. <br />You can have great time in the excellently located flat. <br />Capitolino Museums and Basilica di S.Paolo which is one of the four big churches of Rome is 15 min walking distance. <br />The only Roman Piramid left from Roman times is just around the corner, next to Protestant cemetery which is one of the most poetic place to visit in the city. There is lovely small museum with free entrance on the Porta San Paolo.",https://a0.muscache.com/pictures/60457966/438662ba_original.jpg,3047,https://www.airbnb.com/users/show/3047,Elif,18/09/08,"Rome, Italy","I am a Turkish-Italian who was born in Istanbul, travelled in different countries for livning or  visiting  and has been living in Rome since 1998. I live with my three daughters. We speak Turkish, English, Italian, Spanish.
We love traveling and meeting new people. When we are on holiday we don't like staying in the hotels and feeling like a tourist so we rather prefer living in local people's houses and feel like the real life or the place. That's also why we opened our house to people to make them comfortable and feel like locals while they are in Rome.
If you want to come to Rome and feel comfortably as your own home, meet other housemates, live in a non touristic neighborhood but in the same time, be very close to down town, you are in the right place!
Looking forward to meeting you!
",within a few hours,100%,0%,f,https://a0.muscache.com/im/pictures/user/User/original/eb5d16fa-235d-4523-a442-cd2cfcae6bf7.jpeg?aki_policy=profile_small,https://a0.muscache.com/im/pictures/user/User/original/eb5d16fa-235d-4523-a442-cd2cfcae6bf7.jpeg?aki_policy=profile_x_medium,Testaccio,7.0,7.0,"['email', 'phone']",t,t,"Rome, Lazio, Italy",VIII Appia Antica,,41.87104,12.48371,Private room in rental unit,Private room,2,1.0,1 shared bath,1.0,2.0,"[""Dedicated workspace"", ""Bidet"", ""Iron"", ""Hangers"", ""Refrigerator"", ""Dining table"", ""Washer"", ""Microwave"", ""Laundromat nearby"", ""Wifi"", ""Coffee maker"", ""Hot water kettle"", ""Long term stays allowed"", ""Stove"", ""Blender"", ""Luggage dropoff allowed"", ""Lock on bedroom door"", ""Hot water"", ""Paid parking lot on premises"", ""Heating"", ""Dishes and silverware"", ""Elevator"", ""Bed linens"", ""Hair dryer"", ""Essentials"", ""Cooking basics"", ""Freezer"", ""Free parking on premises"", ""Extra pillows and blankets"", ""Paid street parking off premises"", ""Kitchen""]",$62.00,31,1125,31.0,31.0,1125.0,1125.0,31.0,1125.0,,t,30,60,90,365,05/03/25,6,0,0,302,0,0,0.0,27/08/22,14/07/23,4.67,4.67,4.5,5.0,5.0,4.67,4.67,,f,6,0,6,0,0.2
1592,3784455.0,https://www.airbnb.com/rooms/3784455,20250300000000.0,12/03/25,city scrape,double Room for 70 Euros in Rome!,"Room with private bathroom, we are a few meters from the Ottaviano metro station and in front of the Vatican Walls.<br />San Pietro is a two-minute walk away and major attractions are within walking distance!<br />Breakfast is not included.",,https://a0.muscache.com/pictures/miso/Hosting-3784455/original/d1fe9bdc-44ec-4ce7-bc15-2f46a86dd377.jpeg,2756943,https://www.airbnb.com/users/show/2756943,Serena,27/06/12,"Rome, Italy","I m Serena, from Rome, I am 37 years old and I love travelling, meeting new people and sailing!",within a day,59%,76%,f,https://a0.muscache.com/im/users/2756943/profile_pic/1340799123/original.jpg?aki_policy=profile_small,https://a0.muscache.com/im/users/2756943/profile_pic/1340799123/original.jpg?aki_policy=profile_x_medium,Prati,3.0,7.0,"['email', 'phone', 'work_email']",t,t,,I Centro Storico,,41.90784,12.45784,Private room in rental unit,Private room,2,1.0,1 bath,1.0,1.0,"[""TV"", ""Dedicated workspace"", ""Paid parking garage on premises"", ""Fire extinguisher"", ""Shampoo"", ""Crib"", ""Essentials"", ""Wifi"", ""Elevator"", ""High chair"", ""Heating"", ""Coffee maker"", ""Long term stays allowed"", ""First aid kit"", ""Portable fans"", ""Hot water"", ""Hair dryer""]",$70.00,2,1125,2.0,2.0,1125.0,1125.0,2.0,1125.0,,t,2,2,2,2,12/03/25,162,36,0,0,36,216,15120.0,26/05/15,05/01/25,4.54,4.64,4.8,4.79,4.7,4.85,4.62,"I applied for a CIN, but haven’t received it yet",f,3,1,2,0,1.36
1683,4178057.0,https://www.airbnb.com/rooms/4178057,20250300000000.0,12/03/25,city scrape,Cute apartment next to Vatican (Wi-Fi),"This is a new,independent,quiet and self-catering apartment in the center of Rome, just 20 minutes walk to St.Peter's Basilica,Vatican Museums and Sistine Chapel.<br />It was thought of everything for you for the necessary comfort.<br />You are close to the metro A (9 min.) and the bus (2min.) that will take you in the heart of Rome. <br />I will be your reference for any information, I can not wait to meet you :)","This apartment is situated in a very quiet street, at the ground floor of an residential building, with independent entrance. District is safe and full of every needs. Restaurants,markets,supermarkets, groceries, pharmacies h24, hospital, bus and metro stops, a wonderful big park for jogging and cycling.<br />ALL REACHABLE BY FOOT!",https://a0.muscache.com/pictures/80932972/19bf77ea_original.jpg,21773252,https://www.airbnb.com/users/show/21773252,Serena,25/09/14,"Vatican City, Vatican City","I am a smiling and friendly person. I love my beautiful city and I can answer almost any question you may have about this city...
I would like to welcome you in my lovely home, and wish you a great stay in Rome!",within an hour,100%,100%,t,https://a0.muscache.com/im/pictures/user/615bf1c8-af32-4d29-afc4-35c16350d7eb.jpg?aki_policy=profile_small,https://a0.muscache.com/im/pictures/user/615bf1c8-af32-4d29-afc4-35c16350d7eb.jpg?aki_policy=profile_x_medium,Aurelio,2.0,2.0,"['email', 'phone']",t,t,"Rome, Lazio, Italy",XIII Aurelia,,41.89574,12.43743,Entire condo,Entire home/apt,2,1.5,1.5 baths,1.0,1.0,"[""Smoke alarm"", ""Hangers"", ""Fire extinguisher"", ""Refrigerator"", ""Microwave"", ""TV"", ""Private entrance"", ""Wifi"", ""Coffee maker"", ""Free street parking"", ""Oven"", ""Stove"", ""Hot water"", ""Heating"", ""Carbon monoxide alarm"", ""Crib"", ""Dishes and silverware"", ""Air conditioning"", ""First aid kit"", ""Bed linens"", ""Shower gel"", ""Backyard"", ""Hair dryer"", ""Shampoo"", ""Essentials"", ""Cooking basics"", ""Extra pillows and blankets"", ""Patio or balcony"", ""Kitchen""]",$71.00,2,28,2.0,2.0,1125.0,1125.0,2.0,1125.0,,t,28,51,79,169,12/03/25,291,2,0,169,2,12,852.0,05/10/14,27/10/24,4.73,4.81,4.83,4.86,4.91,4.48,4.7,IT058091C2WXX8SVUG,t,2,2,0,0,2.29
1740,4293219.0,https://www.airbnb.com/rooms/4293219,20250300000000.0,11/03/25,city scrape,"Pantheon in love, emotional space","The apartment overlooks the Pantheon, you may be surprised by the contrast between the contemporary furnishings of this exclusive accommodation and the view of the monument symbolizing ancient classicism: the Pantheon of Rome.<br />Visit the most beautiful squares in Rome and experience your evenings at Pincio about 10 minutes walk from home! Recently renovated!<br />There is also a gas detector in the apartment in the kitchen","The apartment overlooks the most evocative historical monument of the whole city: the Pantheon, a prince symbol of Roman classicism. From here, exploring the alleys of downtown with their hidden beauties is like getting lost in an open-air museum.<br />The place is on the 4th floor of a building without an elevator but , no problem, you will be reappointed by the beautiful view!",https://a0.muscache.com/pictures/c7923611-f5ef-4007-8064-50051f17ba74.jpg,380607,https://www.airbnb.com/users/show/380607,Laura,07/02/11,"Rome, Italy","Sono di Roma, ho anch'io una casa vacanza, mi piace il mare e la vita all'aria aperta, sono una biologa marina.
Amo molto viaggiare in moto con mio marito, insieme abbiamo visitato molti luoghi dell'Africa settentrionale, l'Iran,e questa estate tanti paesi europei e la enigmatica Russia.",within an hour,100%,97%,t,https://a0.muscache.com/im/users/380607/profile_pic/1301936600/original.jpg?aki_policy=profile_small,https://a0.muscache.com/im/users/380607/profile_pic/1301936600/original.jpg?aki_policy=profile_x_medium,Ponte,2.0,2.0,"['email', 'phone']",t,t,"Rome, Lazio, Italy",I Centro Storico,,41.89841461,12.47727203,Entire rental unit,Entire home/apt,2,1.0,1 bath,1.0,1.0,"[""Paid parking off premises"", ""Dedicated workspace"", ""Iron"", ""Smoke alarm"", ""Hangers"", ""Fire extinguisher"", ""Refrigerator"", ""Coffee"", ""Clothing storage"", ""Dining table"", ""Washer"", ""Mini fridge"", ""TV"", ""Coffee maker: espresso machine"", ""Wifi"", ""Oven"", ""Hot water kettle"", ""Stove"", ""Long term stays allowed"", ""Cleaning products"", ""Luggage dropoff allowed"", ""Hot water"", ""Body soap"", ""Heating"", ""Carbon monoxide alarm"", ""City skyline view"", ""Wine glasses"", ""Dishes and silverware"", ""Air conditioning"", ""First aid kit"", ""Bed linens"", ""Shower gel"", ""Ceiling fan"", ""Conditioner"", ""Hair dryer"", ""Private patio or balcony"", ""Shampoo"", ""Essentials"", ""Cooking basics"", ""Freezer"", ""Extra pillows and blankets"", ""Room-darkening shades"", ""Kitchen""]",$226.00,2,30,1.0,2.0,1125.0,1125.0,2.0,1125.0,,t,30,60,82,88,11/03/25,180,4,0,88,5,24,5424.0,22/02/15,15/06/24,4.8,4.83,4.88,4.92,4.92,4.97,4.62,IT058091C279M65S7P,f,2,2,0,0,1.47
1913,4808208.0,https://www.airbnb.com/rooms/4808208,20250300000000.0,12/03/25,city scrape,Stanza confortevole e luminosa con terrazzo,"My apartment is located in a beautiful area connected and well served, newly renovated enjoys all the comforts, it is very bright, quiet and with a wide panoramic view.","the neighborhood is multi-ethnic and diverse in every way. It offers various situations for all culinary, musical and cultural tastes",https://a0.muscache.com/pictures/hosting/Hosting-U3RheVN1cHBseUxpc3Rpbmc6NDgwODIwOA%3D%3D/original/30afd2e7-0a39-4a76-a2dc-e33df720a05d.jpeg,24685791,https://www.airbnb.com/users/show/24685791,Laura,10/12/14,"Rome, Italy",,,,100%,f,https://a0.muscache.com/im/pictures/user/80b6682e-2b25-4228-99aa-01b484c77156.jpg?aki_policy=profile_small,https://a0.muscache.com/im/pictures/user/80b6682e-2b25-4228-99aa-01b484c77156.jpg?aki_policy=profile_x_medium,Pigneto,1.0,1.0,"['email', 'phone']",t,t,"Rome, Lazio, Italy",V Prenestino/Centocelle,,41.88219452,12.54123974,Private room in rental unit,Private room,2,1.0,1 shared bath,1.0,1.0,"[""Toaster"", ""Bidet"", ""Iron"", ""Fire extinguisher"", ""Hangers"", ""Refrigerator"", ""Paid parking on premises"", ""Dining table"", ""Washer"", ""TV"", ""Wifi"", ""Coffee maker"", ""Free street parking"", ""Host greets you"", ""Oven"", ""Dishwasher"", ""Stove"", ""Long term stays allowed"", ""Cleaning products"", ""Drying rack for clothing"", ""Blender"", ""Pets allowed"", ""Luggage dropoff allowed"", ""Lock on bedroom door"", ""Hot water"", ""Body soap"", ""Shared patio or balcony"", ""Smoking allowed"", ""City skyline view"", ""Single level home"", ""Wine glasses"", ""Dishes and silverware"", ""Elevator"", ""Central heating"", ""Cleaning available during stay"", ""Bed linens"", ""Shower gel"", ""Conditioner"", ""Hair dryer"", ""Baking sheet"", ""Shampoo"", ""Essentials"", ""Clothing storage: closet"", ""Freezer"", ""BBQ grill"", ""Extra pillows and blankets"", ""Kitchen""]",$75.00,2,60,3.0,3.0,60.0,60.0,3.0,60.0,,t,0,0,0,0,12/03/25,85,4,0,0,4,24,1800.0,22/09/15,22/05/24,4.81,4.86,4.78,4.94,4.93,4.37,4.74,IT058091C2P5BYPONO,f,1,0,1,0,0.74
1917,4827607.0,https://www.airbnb.com/rooms/4827607,20250300000000.0,15/03/25,city scrape,Beautiful cosy room with a balcony.,"10 min by bus you can get to Piazza Venezia or Colosseum. All shops, gym, many trendy&local restaurants and cafes walking distance. <br />30min from beaches of Ostia and Fiumicino airport by direct train. <br />5 min away from metro B line Piramide stop.<br />EATALY is 5 min walking away where you can eat and shop the most quality Italian food from 9 am to midnight.<br />There is big supermarket open 7/24m just 2 min walking.","It used to be an industrial area until late 80s. <br />Now all the factories have became museums, cultural centers, shops, restaurants, university buildings. <br />It's next to well known Testaccio, Garbatella, Aventino, S.Saba and S.Paolo. <br />It's quite lively especially weekend nights. <br />You can have great time in the excellently located flat. <br />Capitolino Museums and Basilica di S.Paolo which is one of the four big churches of Rome is 15 min walking distance. <br />The only Roman Piramid left from Roman times is just around the corner, next to Protestant cemetery which is one of the most poetic place to visit in the city. There is lovely small museum with free entrance on the Porta San Paolo.",https://a0.muscache.com/pictures/60551841/312264a0_original.jpg,3047,https://www.airbnb.com/users/show/3047,Elif,18/09/08,"Rome, Italy","I am a Turkish-Italian who was born in Istanbul, travelled in different countries for livning or  visiting  and has been living in Rome since 1998. I live with my three daughters. We speak Turkish, English, Italian, Spanish.
We love traveling and meeting new people. When we are on holiday we don't like staying in the hotels and feeling like a tourist so we rather prefer living in local people's houses and feel like the real life or the place. That's also why we opened our house to people to make them comfortable and feel like locals while they are in Rome.
If you want to come to Rome and feel comfortably as your own home, meet other housemates, live in a non touristic neighborhood but in the same time, be very close to down town, you are in the right place!
Looking forward to meeting you!
",within a few hours,100%,0%,f,https://a0.muscache.com/im/pictures/user/User/original/eb5d16fa-235d-4523-a442-cd2cfcae6bf7.jpeg?aki_policy=profile_small,https://a0.muscache.com/im/pictures/user/User/original/eb5d16fa-235d-4523-a442-cd2cfcae6bf7.jpeg?aki_policy=profile_x_medium,Testaccio,7.0,7.0,"['email', 'phone']",t,t,"Rome, Lazio, Italy",VIII Appia Antica,,41.87012,12.48413,Private room in rental unit,Private room,2,2.0,2 shared baths,4.0,1.0,"[""Extra pillows and blankets"", ""Outdoor dining area"", ""Cleaning products"", ""Hair dryer"", ""Dedicated workspace"", ""Kitchen"", ""Coffee maker"", ""Heating"", ""Hot water kettle"", ""Hangers"", ""Dining table"", ""Blender"", ""Microwave"", ""Hot water"", ""Iron"", ""Long term stays allowed"", ""Drying rack for clothing"", ""Essentials"", ""Bed linens"", ""Laundromat nearby"", ""Elevator"", ""Dishes and silverware"", ""Housekeeping - available at extra cost"", ""Stove"", ""Bidet"", ""Freezer"", ""Wifi"", ""Refrigerator"", ""Cooking basics"", ""Free parking on premises"", ""Luggage dropoff allowed"", ""Washer""]",$61.00,31,180,31.0,31.0,180.0,180.0,31.0,180.0,,t,30,60,90,365,15/03/25,2,0,0,292,0,0,0.0,05/10/15,01/06/23,5.0,5.0,5.0,5.0,5.0,5.0,5.0,,f,6,0,6,0,0.02
1970,4879498.0,https://www.airbnb.com/rooms/4879498,20250300000000.0,11/03/25,city scrape,Appartamento Benincampi,"Private Apartment Rented for Tourist Purposes is a two-room apartment restored with care exalting its ancient structure. From the outside balcony always bloomed , you can enjoy ,the view of one of the most beautiful and famous squares in the world ""Piazza Navona"".",Apartment Benincampi is located in the heart of the historic center of Rome and from this structure you can enjoy it to the fullest by living every day the many colors and scents that make Rome a magical city.,https://a0.muscache.com/pictures/61192715/e9a69e68_original.jpg,25102066,https://www.airbnb.com/users/show/25102066,Laura,22/12/14,"Rome, Italy",,within an hour,100%,67%,f,https://a0.muscache.com/im/users/25102066/profile_pic/1419330773/original.jpg?aki_policy=profile_small,https://a0.muscache.com/im/users/25102066/profile_pic/1419330773/original.jpg?aki_policy=profile_x_medium,Parione,1.0,1.0,"['email', 'phone']",t,t,"Rome, Lazio, Italy",I Centro Storico,,41.89901,12.47463,Entire rental unit,Entire home/apt,4,1.0,1 bath,1.0,2.0,"[""TV"", ""Carbon monoxide alarm"", ""Fire extinguisher"", ""Wifi"", ""Essentials"", ""Air conditioning"", ""First aid kit"", ""Kitchen"", ""Heating""]",$290.00,1,1125,1.0,1.0,1125.0,1125.0,1.0,1125.0,,t,6,10,16,182,11/03/25,83,2,0,113,2,12,3480.0,16/05/15,23/07/24,4.94,4.99,4.89,4.99,4.93,5.0,4.82,IT058091C2QMCHG5ME,f,1,1,0,0,0.69
2075,5380831.0,https://www.airbnb.com/rooms/5380831,20250300000000.0,09/03/25,previous scrape,Casa d'epoca 190 mq centro di Roma,"Our beautiful and bright apartment, on the 4th floor of a period building, is located between the Vatican and the historic center. In an old-time atmosphere you will find antique furniture and perfectly functional amenities (WiFi, air conditioning, washing machine). <br />In addition to 4 large bedrooms you will find a dining room for 10 people and a living room with comfortable sofas and TV with international channels.<br />Kitchen is equipped for meals.<br />The apartment was completely renovated in 2015.","The Prati district where Casa d 'Ondes is located is very central, 2 minutes walk from the Vatican, San Pietro and Castel S. Angelo.<br />After the Tiber you will find Piazza di Spagna, Fontana di Trevi, Pantheon and Piazza Navona... all within walking distance!<br />With Metro Lepanto 200 meters away you can reach the Colosseum, the Fori and Ancient Rome.<br /><br />We recommend a few restaurants.<br />QUICK LUNCH:<br />""Il gianfornaio"" - Via dei Gracchi 179<br />(2 minute from your apartment, excellent food, for quick lunch, tea time, snack)<br /><br />""200 degrees"": Piazza Risorgimento <br />(10 min walking, sandwich) <br /><br />TRADITIONAL RESTAURANTS <br />""Trattoria da Romolo alla Mole Adriana"" - Borgo Pio<br />(10 minute walking very good and authentic trattoria)<br /><br />""Miraggio Trastevere"" Via della Lungara<br />(Traditional Pizzeria and Roman Food, very authentic, in a nice neighboor not expensive 10 minute by car or taxi)<br /><br />""Benito e Gilberto"" - Via del Falco i",https://a0.muscache.com/pictures/69986920/5ebea4a3_original.jpg,27892572,https://www.airbnb.com/users/show/27892572,Serena,17/02/15,"Rome, Italy",Amo fare viaggi abbinando lo sport,,,,f,https://a0.muscache.com/im/users/27892572/profile_pic/1426466210/original.jpg?aki_policy=profile_small,https://a0.muscache.com/im/users/27892572/profile_pic/1426466210/original.jpg?aki_policy=profile_x_medium,Prati,1.0,2.0,"['email', 'phone']",t,t,"Rome, Lazio, Italy",I Centro Storico,,41.90708,12.46417,Entire rental unit,Entire home/apt,10,,2 baths,4.0,,"[""Iron"", ""Fire extinguisher"", ""Hangers"", ""Wifi"", ""Essentials"", ""Elevator"", ""Heating"", ""Air conditioning"", ""TV with standard cable"", ""Washer"", ""Pets allowed"", ""Kitchen"", ""First aid kit"", ""Hair dryer""]",,31,1125,31.0,31.0,1125.0,1125.0,31.0,1125.0,,t,23,53,83,358,09/03/25,83,0,0,291,0,0,,08/04/15,02/01/20,4.8,4.83,4.9,4.84,4.88,4.89,4.75,,f,1,1,0,0,0.69
2168,5588862.0,https://www.airbnb.com/rooms/5588862,20250300000000.0,11/03/25,city scrape,cozy apartment close to Colosseum!,"The apartment is located on one of the seven hills of Rome, the Esquiline,in the city center. The proximity to Termini station allows you to reach Rome's airports in 30 minutes the Colosseum and the historic center of the city are just a few minutes walk from the apartment the metro stop is also just a minute away. In the area there are many typical restaurants and bars for Italian breakfast, shops and supermarkets.From Termini station it's possible to visit Naples and Pompei, Florence in a day.","The district of Equilino is a central and multi-ethnic neighbourhood of Rome. Walking distance from the colosseum and the Imperial Fora, it is well located and connected to visit any of the many tourist locations in the city. <br />It would e our pleasure to suggest places to visit and how to get there, or to simply suggest where to try typical italian food.",https://a0.muscache.com/pictures/hosting/Hosting-5588862/original/83685851-fb98-42ba-9090-faf01391f8ed.jpeg,28977300,https://www.airbnb.com/users/show/28977300,Serena,08/03/15,"Rome, Italy","MI piace viaggiare ed incontrare persone nuove!
Sono mamma di tre bambini e amo leggere e mangiare.....
Amo stare all'aria aperta e preferisco il caldo dell'estate.....soprattutto amo la mia città.
CasaCarina sarà la vostra casa lontano da casa......
I love travel and meet new people 
I'm mom of three , I love read and good food 
I love the summer very much and I like stay out....but above...I love my city!!
CasaCarina will be for you an Home away from Home ",within an hour,100%,100%,f,https://a0.muscache.com/im/pictures/user/1b9e2efd-cd2b-4e48-9bc5-5b2b5732e7f7.jpg?aki_policy=profile_small,https://a0.muscache.com/im/pictures/user/1b9e2efd-cd2b-4e48-9bc5-5b2b5732e7f7.jpg?aki_policy=profile_x_medium,Esquilino,2.0,2.0,"['email', 'phone']",t,t,"Rome, Lazio, Italy",I Centro Storico,,41.89640427,12.50459099,Entire condo,Entire home/apt,2,1.0,1 bath,1.0,2.0,"[""Dedicated workspace"", ""Toaster"", ""Iron"", ""Smoke alarm"", ""Hangers"", ""TV with Amazon Prime Video, Disney+, Netflix"", ""Portable heater"", ""Fire extinguisher"", ""Refrigerator"", ""Coffee"", ""Dining table"", ""Mini fridge"", ""Self check-in"", ""Portable fans"", ""Clothing storage: closet and dresser"", ""Laundromat nearby"", ""Private entrance"", ""Wifi"", ""Children\u2019s dinnerware"", ""Pack \u2019n play/Travel crib"", ""Free street parking"", ""Host greets you"", ""Hot water kettle"", ""Cleaning products"", ""Drying rack for clothing"", ""Pocket wifi"", ""Pets allowed"", ""Luggage dropoff allowed"", ""Hot water"", ""Paid parking lot on premises"", ""Carbon monoxide alarm"", ""Central air conditioning"", ""Crib"", ""Dishes and silverware"", ""Courtyard view"", ""Central heating"", ""First aid kit"", ""Bed linens"", ""EV charger"", ""Lockbox"", ""Hair dryer"", ""Coffee maker: Nespresso"", ""Cooking basics"", ""Freezer"", ""Books and reading material"", ""Extra pillows and blankets"", ""AEG induction stove"", ""Paid street parking off premises"", ""Room-darkening shades"", ""Kitchen"", ""Safe""]",$79.00,2,28,2.0,2.0,1125.0,1125.0,2.0,1125.0,,t,4,7,8,47,11/03/25,329,78,5,47,82,255,20145.0,03/04/15,06/03/25,4.65,4.72,4.75,4.86,4.93,4.45,4.64,IT058091C2MHV5DBS8,t,1,1,0,0,2.72
2217,5333616.0,https://www.airbnb.com/rooms/5333616,20250300000000.0,12/03/25,city scrape,B&B LostInTrastevere-Vacanze Romane,"Lost In Trastevere is a B&B located in the Trastevere area, in the heart of Rome.<br />Our property is family run and has 4 rooms with attention to detail. Free wi-fi internet, sheets, towels, breakfast and daily tidying up included in the cost. Each room is named after a film that has made the history of world cinema and has been furnished so as to bring back to mind thoughts and memories of the history of the last 60 years of Rome.","The property is located in one of the most beautiful and known areas of Rome in the world, in a neighborhood that can best describe that way of being and that sense of popular belonging that the locals call “romance” and above all to make anyone who visits it fall in love: Trastevere.",https://a0.muscache.com/pictures/66637150/0da99b55_original.jpg,10406168,https://www.airbnb.com/users/show/10406168,Serena,03/12/13,"Rome, Italy","Mi chiamo Serena, adoro viaggiare e mi piace incontrare persone sempre nuove provenienti da ogni parte del mondo.Questa è la casa dove sono nata e cresciuta e che ora ho trasformato in un caldo e confortevole bed and breakfast. Quindi, se cercate un ambiente familiare e confortevole, venitemi a trovare a B&B Lost in Trastevere

Hi, My name is Serena my passion is traveling and I enjoy meeting new people from all over the world. This is the house where I grew up that I transformed in a warm and comfortable B&B. Therefore if you are looking for a “homey” environment this is the place for you, ill do my best to make your visit unforgettable
B&B Lost in Trastevere",,,,f,https://a0.muscache.com/im/users/10406168/profile_pic/1386606081/original.jpg?aki_policy=profile_small,https://a0.muscache.com/im/users/10406168/profile_pic/1386606081/original.jpg?aki_policy=profile_x_medium,Trastevere,4.0,5.0,"['email', 'phone']",t,f,"Rome, Italy",I Centro Storico,,41.88874,12.46732,Private room in bed and breakfast,Private room,2,1.0,1 shared bath,1.0,1.0,"[""Fire extinguisher"", ""Shampoo"", ""Wifi"", ""Essentials"", ""Elevator"", ""Extra pillows and blankets"", ""Air conditioning"", ""Heating"", ""Breakfast"", ""First aid kit"", ""Pets allowed"", ""Bed linens"", ""Shower gel"", ""Hair dryer""]",$131.00,3,1125,1.0,9.0,99.0,99.0,3.8,99.0,,t,23,48,61,331,12/03/25,6,0,0,261,0,0,0.0,05/01/16,26/06/23,4.83,4.5,4.83,4.83,4.5,5.0,4.5,IT058091C1QEULOX75,t,4,0,3,0,0.05
2218,5334291.0,https://www.airbnb.com/rooms/5334291,20250300000000.0,09/03/25,previous scrape,B&BLostInTrastevere- AmericanoARoma,"The property is located in one of Rome's most beautiful and evocative neighborhoods:TRASTEVERE! All rooms have the bathroom shared with the other two. Wi-Fi Internet, sheets, towels, breakfast and daily tidying are included in the cost.<br />  ","The property is located in one of the most beautiful and known areas of Rome in the world, in a neighborhood that can best describe that way of being and that sense of popular belonging that the locals call “romance” and above all to make anyone who visits it fall in love: Trastevere.<br />",https://a0.muscache.com/pictures/66641933/237e8339_original.jpg,10406168,https://www.airbnb.com/users/show/10406168,Serena,03/12/13,"Rome, Italy","Mi chiamo Serena, adoro viaggiare e mi piace incontrare persone sempre nuove provenienti da ogni parte del mondo.Questa è la casa dove sono nata e cresciuta e che ora ho trasformato in un caldo e confortevole bed and breakfast. Quindi, se cercate un ambiente familiare e confortevole, venitemi a trovare a B&B Lost in Trastevere

Hi, My name is Serena my passion is traveling and I enjoy meeting new people from all over the world. This is the house where I grew up that I transformed in a warm and comfortable B&B. Therefore if you are looking for a “homey” environment this is the place for you, ill do my best to make your visit unforgettable
B&B Lost in Trastevere",,,,f,https://a0.muscache.com/im/users/10406168/profile_pic/1386606081/original.jpg?aki_policy=profile_small,https://a0.muscache.com/im/users/10406168/profile_pic/1386606081/original.jpg?aki_policy=profile_x_medium,Trastevere,4.0,5.0,"['email', 'phone']",t,f,"Rome, Italy",I Centro Storico,,41.88828,12.467,Private room in bed and breakfast,Private room,2,,1 shared bath,,,"[""Lock on bedroom door"", ""Fire extinguisher"", ""Hangers"", ""Shampoo"", ""Wifi"", ""Essentials"", ""Luggage dropoff allowed"", ""Elevator"", ""Extra pillows and blankets"", ""Air conditioning"", ""Breakfast"", ""First aid kit"", ""Pets allowed"", ""Bed linens"", ""Shower gel"", ""Heating""]",,31,1125,1.0,4.0,99.0,99.0,3.8,99.0,,t,16,31,55,325,09/03/25,1,0,0,258,0,0,,29/07/15,29/07/15,4.0,5.0,5.0,5.0,5.0,5.0,5.0,IT058091C1QEULOX75,t,4,0,3,0,0.01
2257,5729182.0,https://www.airbnb.com/rooms/5729182,20250300000000.0,08/03/25,city scrape,Piazza navona Nel cuore di roma,"Elegant apartment in the heart of Rome a few steps from Piazza Navona, ideal place to get to know the city discovering alleys that hide great masterpieces.","We are right ""in the heart of Rome"" very close to Piazza Navona, in a quadrilateral where itineraries of Renaissance Rome (Piazza Farnese - Via Giulia) and Baroque Rome (Chiesa di Sant'Agnese in Piazza Navona Santa Maria della Pace) are intertwined.<br />This area of Rome is also loved by Romans, who chose it as the place  of Happy Hour and evening walks.<br />There are great restaurants, pizzerias, and lots of good ice cream parlors.<br />You can still find old shops where you can find the artisans at work.<br />Very close is Via dei Coronari, an ancient street in Rome where you can find antique dealers of furniture and jewelry.<br />From the house you can reach Piazza San Pietro with a short walk.",https://a0.muscache.com/pictures/b4447eb5-2fb6-4067-9787-9b6dbb584d91.jpg,24478933,https://www.airbnb.com/users/show/24478933,Laura,04/12/14,"Rome, Italy","Mi piace accogliere ed occuparmi dei miei ospiti, amo il mare ed in particolare anzio per il suo clima è per la sua vicinanza con roma.
Lavoro a Roma ed è per questo che mi piace ancora di più ritrovare il rumore del mare.
Libri, musica, buona compagnia e buona musica.",within a few hours,100%,79%,t,https://a0.muscache.com/im/pictures/user/b16b9f0b-04e2-4a04-b134-64d47da56e8e.jpg?aki_policy=profile_small,https://a0.muscache.com/im/pictures/user/b16b9f0b-04e2-4a04-b134-64d47da56e8e.jpg?aki_policy=profile_x_medium,Ponte,1.0,2.0,"['email', 'phone']",t,t,"Rome, Roma, Italy",I Centro Storico,,41.89924,12.47176,Entire rental unit,Entire home/apt,5,2.0,2 baths,2.0,3.0,"[""Bidet"", ""Iron"", ""Smoke alarm"", ""Hangers"", ""Fire extinguisher"", ""Refrigerator"", ""Washer"", ""Microwave"", ""TV"", ""Wifi"", ""Host greets you"", ""Oven"", ""Dishwasher"", ""Stove"", ""Hot water kettle"", ""Cleaning products"", ""Drying rack for clothing"", ""Hot water"", ""Heating"", ""Carbon monoxide alarm"", ""Clothing storage: walk-in closet and closet"", ""Single level home"", ""Wine glasses"", ""Crib"", ""Dishes and silverware"", ""Air conditioning"", ""Cleaning available during stay"", ""Bed linens"", ""Hair dryer"", ""Pack \u2019n play/Travel crib - always at the listing"", ""Shampoo"", ""Essentials"", ""Cooking basics"", ""Freezer"", ""Books and reading material"", ""Extra pillows and blankets"", ""Patio or balcony"", ""Kitchen""]",$315.00,4,30,4.0,4.0,30.0,30.0,4.0,30.0,,t,3,13,25,87,08/03/25,84,23,0,87,24,184,57960.0,04/04/18,05/01/25,4.82,4.83,4.87,4.87,4.92,4.92,4.77,It058091c2oz4odyz2,f,1,1,0,0,1.0
2346,6012403.0,https://www.airbnb.com/rooms/6012403,20250300000000.0,11/03/25,city scrape,"Cozy apartment in ""Esquilino""","Apartment central and quiet, adjacent subway, 10 minutes walk from the ""Basilica of St. John"" and less than 1 km from the ""Colosseum"". Nearby the characteristic ""Monti"" district, with its narrow streets, with many local wineries and restaurants.","Nearby the Monti district with its lively alleys of bars, wine bars, restaurants.",https://a0.muscache.com/pictures/hosting/Hosting-U3RheVN1cHBseUxpc3Rpbmc6NjAxMjQwMw==/original/8216e819-59ee-43ff-95a8-b7b1a468fded.jpeg,31162933,https://www.airbnb.com/users/show/31162933,Mario,13/04/15,"Rome, Italy",,within an hour,100%,100%,f,https://a0.muscache.com/im/pictures/user/ee4d5cca-f7cd-4ad7-ab28-c2437a7e7315.jpg?aki_policy=profile_small,https://a0.muscache.com/im/pictures/user/ee4d5cca-f7cd-4ad7-ab28-c2437a7e7315.jpg?aki_policy=profile_x_medium,Esquilino,1.0,1.0,"['email', 'phone']",t,t,"Rome, RM, Italy",I Centro Storico,,41.892658,12.50537,Entire rental unit,Entire home/apt,4,1.0,1 bath,1.0,2.0,"[""Dedicated workspace"", ""Bidet"", ""Iron"", ""Smoke alarm"", ""Hangers"", ""Fire extinguisher"", ""Refrigerator"", ""Self check-in"", ""Microwave"", ""TV"", ""Private entrance"", ""Wifi"", ""Host greets you"", ""Oven"", ""Hot water kettle"", ""Long term stays allowed"", ""Window AC unit"", ""Cleaning products"", ""Hot water"", ""Body soap"", ""Gas stove"", ""Heating"", ""Carbon monoxide alarm"", ""Dishes and silverware"", ""Elevator"", ""Trash compactor"", ""Smart lock"", ""First aid kit"", ""Bed linens"", ""Shower gel"", ""Hair dryer"", ""Shampoo"", ""Essentials"", ""Clothing storage: closet"", ""Cooking basics"", ""Freezer"", ""Extra pillows and blankets"", ""Room-darkening shades"", ""Kitchen""]",$92.00,2,1125,2.0,2.0,1125.0,1125.0,2.0,1125.0,,t,12,35,64,339,11/03/25,499,53,8,270,53,255,23460.0,23/04/15,10/03/25,4.71,4.8,4.81,4.91,4.91,4.68,4.63,IT058091C23CAF5IMD,t,1,1,0,0,4.15
2435,6111885.0,https://www.airbnb.com/rooms/6111885,20250300000000.0,15/03/25,city scrape,Cozy one bed room near Colosseum/ALSO LONG TERM,,"Neighborhood full of supermarkets, shops, restaurants, pizzerias and well connected by bus, tram and metro",https://a0.muscache.com/pictures/77277093/6489b4da_original.jpg,15299114,https://www.airbnb.com/users/show/15299114,Laura,09/05/14,"Rome, Italy","Mi piace il sole, il mare, l'estate. 
Il mio stile di viaggio è avere un bagaglio essenziale ed entusiasmarmi davanti alle bellezze dei luoghi senza fare tanti programmi ma vivendo liberamente la vacanza seguendo ciò che mi attira di più.",within an hour,100%,100%,t,https://a0.muscache.com/im/users/15299114/profile_pic/1428167475/original.jpg?aki_policy=profile_small,https://a0.muscache.com/im/users/15299114/profile_pic/1428167475/original.jpg?aki_policy=profile_x_medium,San Giovanni,6.0,6.0,"['email', 'phone']",t,t,"Rome, Lazio, Italy",VII San Giovanni/Cinecittà,,41.88431,12.51143,Private room in rental unit,Private room,1,1.0,1 private bath,1.0,1.0,"[""Extra pillows and blankets"", ""Smoke alarm"", ""Air conditioning"", ""Hair dryer"", ""Crib"", ""First aid kit"", ""Oven"", ""Coffee maker"", ""Heating"", ""Room-darkening shades"", ""Hangers"", ""Building staff"", ""Hot water"", ""TV"", ""Fire extinguisher"", ""Exterior security cameras on property"", ""Paid parking off premises"", ""Long term stays allowed"", ""Essentials"", ""Bed linens"", ""Elevator"", ""Dishes and silverware"", ""Shampoo"", ""Carbon monoxide alarm"", ""Wifi"", ""Refrigerator"", ""Self check-in"", ""Luggage dropoff allowed"", ""Lock on bedroom door""]","$1,705.00",2,45,2.0,2.0,30.0,1125.0,2.0,91.4,,t,7,17,44,271,15/03/25,147,15,3,198,12,90,153450.0,15/07/15,24/02/25,4.75,4.88,4.85,4.86,4.86,4.75,4.81,IT058091B4XQ9VBKCO,t,6,1,5,0,1.25
2445,6307398.0,https://www.airbnb.com/rooms/6307398,20250300000000.0,05/03/25,city scrape,Bellissimo Appartamento a 2 passi dal centro!,"Located in the heart of São Paulo, a characteristic Roman quarter, ""La Casa di Clementina"" is ready to welcome you in a family atmosphere, cheerful and colorful. <br />It will be our attention to making you feel...at home!",The neighborhood is very quiet and central. Guests by car can easily find free parking right below the apartment or use a private garage a few steps from the House.,https://a0.muscache.com/pictures/9bf42ab0-2b80-4f90-98d2-2c1048a4a093.jpg,32811393,https://www.airbnb.com/users/show/32811393,Serena,07/05/15,"Rome, Italy",,within a day,100%,100%,f,https://a0.muscache.com/im/pictures/user/User-32811393/original/d37a1cdf-5f1d-444d-ab24-bae94867690f.jpeg?aki_policy=profile_small,https://a0.muscache.com/im/pictures/user/User-32811393/original/d37a1cdf-5f1d-444d-ab24-bae94867690f.jpeg?aki_policy=profile_x_medium,San Paolo,1.0,1.0,"['email', 'phone']",t,f,"Rome, Lazio, Italy",VIII Appia Antica,,41.8545,12.47597,Entire vacation home,Entire home/apt,6,3.0,3 baths,4.0,4.0,"[""Dedicated workspace"", ""Bidet"", ""Iron"", ""Toaster"", ""Smoke alarm"", ""Hangers"", ""Fire extinguisher"", ""Refrigerator"", ""Paid parking garage off premises"", ""Coffee"", ""Clothing storage"", ""Dining table"", ""Induction stove"", ""Mini fridge"", ""Portable fans"", ""Microwave"", ""TV"", ""Children\u2019s books and toys"", ""Laundromat nearby"", ""Wifi"", ""Children\u2019s dinnerware"", ""Coffee maker"", ""Rice maker"", ""Free street parking"", ""Hot water kettle"", ""Host greets you"", ""Outlet covers"", ""Cleaning products"", ""Drying rack for clothing"", ""Pets allowed"", ""Luggage dropoff allowed"", ""Hot water"", ""Body soap"", ""Heating"", ""Carbon monoxide alarm"", ""Single level home"", ""Dishes and silverware"", ""Outdoor furniture"", ""Air conditioning"", ""Bread maker"", ""First aid kit"", ""Bed linens"", ""Shower gel"", ""Conditioner"", ""Hair dryer"", ""Private patio or balcony"", ""Shampoo"", ""Essentials"", ""Cooking basics"", ""Freezer"", ""Books and reading material"", ""Extra pillows and blankets"", ""Table corner guards"", ""Room-darkening shades"", ""Kitchen""]",$92.00,2,10,3.0,3.0,10.0,10.0,3.0,10.0,,t,25,48,71,346,05/03/25,7,1,0,283,1,6,552.0,17/09/15,28/10/24,4.71,4.71,4.57,5.0,4.86,4.57,4.57,IT058091C1PXXJ8LAL,f,1,1,0,0,0.06
2527,6816898.0,https://www.airbnb.com/rooms/6816898,20250300000000.0,11/03/25,city scrape,Lovely Flat Next To Vatican (WIFI),"Nice ground floor apartment very close to the Vatican City and all the major attractions. Very safe neighborhood, there are three supermarkets just around the corner and an excellent choice of restaurants nearby. The apartment is perfect for 2/4 people.<br />It was thought of everything for you for the necessary comfort.<br />You are close to the metro and the bus that will take you in the heart of Rome. <br />I will be your reference for any information, I can not wait to meet you :) :)","The apartment is located in a beautiful location, in the quiet neighborhood Aurelio / San Pietro inhabited by distinct professionals and young families, a few steps from St. Peter's Basilica, the Vatican Museums and the Sistine Chapel which are among the main destinations of international tourism, as well as Castel Sant'Angelo and Via Cola di Rienzo who like Via del Corso shopping street with boutiques, bars and restaurants. In the square below, there are supermarkets, Pharmacy, Bakery, Florist, Restaurants, Pizzerias, Fitness Center, Banks / ATM, Public Garage, Tobacconists, Libraries, Wine Bar as well as Night bar 24/24 - 7/7 ..",https://a0.muscache.com/pictures/hosting/Hosting-U3RheVN1cHBseUxpc3Rpbmc6NjgxNjg5OA%3D%3D/original/1fa78e2e-3d9e-4b27-b5a0-f6ad3b01f66c.jpeg,21773252,https://www.airbnb.com/users/show/21773252,Serena,25/09/14,"Vatican City, Vatican City","I am a smiling and friendly person. I love my beautiful city and I can answer almost any question you may have about this city...
I would like to welcome you in my lovely home, and wish you a great stay in Rome!",within an hour,100%,100%,t,https://a0.muscache.com/im/pictures/user/615bf1c8-af32-4d29-afc4-35c16350d7eb.jpg?aki_policy=profile_small,https://a0.muscache.com/im/pictures/user/615bf1c8-af32-4d29-afc4-35c16350d7eb.jpg?aki_policy=profile_x_medium,Aurelio,2.0,2.0,"['email', 'phone']",t,t,"Rome, Lazio, Italy",XIII Aurelia,,41.89684,12.43705,Entire condo,Entire home/apt,4,1.0,1 bath,1.0,2.0,"[""Bidet"", ""Smoke alarm"", ""Hangers"", ""Fire extinguisher"", ""Refrigerator"", ""Coffee"", ""Microwave"", ""TV"", ""Private entrance"", ""Wifi"", ""Coffee maker"", ""Free street parking"", ""Host greets you"", ""Hot water kettle"", ""Hot water"", ""Heating"", ""Wine glasses"", ""Crib"", ""Dishes and silverware"", ""Air conditioning"", ""First aid kit"", ""Bed linens"", ""Shower gel"", ""Backyard"", ""Hair dryer"", ""Shampoo"", ""Essentials"", ""Cooking basics"", ""Extra pillows and blankets"", ""Patio or balcony"", ""Kitchen""]",$87.00,2,28,2.0,2.0,1125.0,1125.0,2.0,1125.0,,t,26,43,66,244,11/03/25,288,40,0,244,45,240,20880.0,07/09/15,04/01/25,4.85,4.93,4.87,4.95,4.97,4.67,4.84,IT058091C29AIASYMI,t,2,2,0,0,2.49
2536,6856723.0,https://www.airbnb.com/rooms/6856723,20250300000000.0,05/03/25,city scrape,Camera singola/doppia vicino metroB,"Apartment on the 8th floor, recently renovated. It is 5 minutes away on foot from metro B, Ponte Mammolo or Santa Maria del Soccorso, only 4 stops from Tiburtina station and 7 minutes from Termini station, in a quiet residential setting, in the green .","The apartment is located in the Pietralata district, a residential area of East Rome well connected with the Center thanks to the metro B. Nearby is the main University 'La Sapienza.Pescosolido is a small and circular street, with limited access to cars, for this very quiet, a central garden, surrounded by buildings and inhabited by families. At 200 meters there are bars and pizzerias",https://a0.muscache.com/pictures/89605973/8efb6426_original.jpg,35930453,https://www.airbnb.com/users/show/35930453,Serena,16/06/15,"Rome, Italy","Ciao sono Serena! Ho 33 anni e lavoro nel no-profit. 
Adoro fare running la mattina presto, ovunque mi trovi, al mare o in montagna in città o in un posto sconosciuto, correre mi aiuta a conoscere nuovi luoghi ed ad esplorare quelli già noti...ogni luogo la mattina ha colori e odori differenti che mi danno la giusta la carica per affrontare la giornata. 
Amo Roma e penso che tutti una volta nella vita dovrebbero avere la possibilità di vederla. 
Sono mamma di uno splendido bambino e un altro in arrivo e con lui e Rudy, il mio compagno, desideriamo accogliere i nostri ospiti per offrire loro uno splendido soggiono nella città più bella del mondo. 
",,,,f,https://a0.muscache.com/im/users/35930453/profile_pic/1434440638/original.jpg?aki_policy=profile_small,https://a0.muscache.com/im/users/35930453/profile_pic/1434440638/original.jpg?aki_policy=profile_x_medium,,1.0,1.0,"['email', 'phone']",t,t,"Rome, Lazio, Italy",IV Tiburtina,,41.9186,12.56284,Private room in rental unit,Private room,2,2.0,2 baths,1.0,2.0,"[""Fire extinguisher"", ""Essentials"", ""Free parking on premises"", ""Elevator"", ""Breakfast"", ""First aid kit"", ""Washer"", ""Kitchen"", ""Heating""]",$35.00,365,1125,365.0,365.0,1125.0,1125.0,365.0,1125.0,,t,0,0,2,277,05/03/25,1,0,0,214,0,0,0.0,28/07/15,28/07/15,4.0,5.0,5.0,5.0,5.0,3.0,4.0,,f,1,0,1,0,0.01
2780,7449496.0,https://www.airbnb.com/rooms/7449496,20250300000000.0,11/03/25,city scrape,Cozy dbl bedroom-Metro S. Giovanni/ALSO LONG TERM,,,https://a0.muscache.com/pictures/57baabf0-a892-44f1-bc4b-452942942db2.jpg,15299114,https://www.airbnb.com/users/show/15299114,Laura,09/05/14,"Rome, Italy","Mi piace il sole, il mare, l'estate. 
Il mio stile di viaggio è avere un bagaglio essenziale ed entusiasmarmi davanti alle bellezze dei luoghi senza fare tanti programmi ma vivendo liberamente la vacanza seguendo ciò che mi attira di più.",within an hour,100%,100%,t,https://a0.muscache.com/im/users/15299114/profile_pic/1428167475/original.jpg?aki_policy=profile_small,https://a0.muscache.com/im/users/15299114/profile_pic/1428167475/original.jpg?aki_policy=profile_x_medium,San Giovanni,6.0,6.0,"['email', 'phone']",t,t,,VII San Giovanni/Cinecittà,,41.88431,12.51143,Private room in rental unit,Private room,2,1.0,1 private bath,1.0,1.0,"[""Paid parking off premises"", ""Smoke alarm"", ""Hangers"", ""Fire extinguisher"", ""Refrigerator"", ""Self check-in"", ""TV"", ""Wifi"", ""Coffee maker"", ""Hot water"", ""Heating"", ""Carbon monoxide alarm"", ""Elevator"", ""Air conditioning"", ""First aid kit"", ""Building staff"", ""Bed linens"", ""Hair dryer"", ""Shampoo"", ""Essentials"", ""Extra pillows and blankets"", ""Exterior security cameras on property"", ""Oven""]",$190.00,2,30,2.0,2.0,30.0,1125.0,2.0,88.8,,t,2,11,36,263,11/03/25,88,27,3,194,29,162,30780.0,10/08/15,23/02/25,4.76,4.94,4.71,4.9,4.9,4.76,4.71,IT058091B4XQ9VBKCO,t,6,1,5,0,0.75
2817,7640685.0,https://www.airbnb.com/rooms/7640685,20250300000000.0,12/03/25,city scrape,Nice 1 bedroom MetroS.Giovanni private bathroom,"Delightful, spacious and bright Shabby Chic style furnished room with private en-suite bathroom and air conditioning/heating",,https://a0.muscache.com/pictures/6778a0c0-ecea-45aa-825a-6c4b8182da06.jpg,15299114,https://www.airbnb.com/users/show/15299114,Laura,09/05/14,"Rome, Italy","Mi piace il sole, il mare, l'estate. 
Il mio stile di viaggio è avere un bagaglio essenziale ed entusiasmarmi davanti alle bellezze dei luoghi senza fare tanti programmi ma vivendo liberamente la vacanza seguendo ciò che mi attira di più.",within an hour,100%,100%,t,https://a0.muscache.com/im/users/15299114/profile_pic/1428167475/original.jpg?aki_policy=profile_small,https://a0.muscache.com/im/users/15299114/profile_pic/1428167475/original.jpg?aki_policy=profile_x_medium,San Giovanni,6.0,6.0,"['email', 'phone']",t,t,,VII San Giovanni/Cinecittà,,41.88431,12.51143,Private room in condo,Private room,1,1.0,1 shared bath,1.0,1.0,"[""Paid parking off premises"", ""Smoke alarm"", ""Hangers"", ""Fire extinguisher"", ""Refrigerator"", ""Self check-in"", ""TV"", ""Wifi"", ""Coffee maker"", ""Lock on bedroom door"", ""Hot water"", ""Heating"", ""Carbon monoxide alarm"", ""Dishes and silverware"", ""Elevator"", ""Air conditioning"", ""First aid kit"", ""Building staff"", ""Bed linens"", ""Hair dryer"", ""Shampoo"", ""Essentials"", ""Extra pillows and blankets"", ""Exterior security cameras on property"", ""Oven""]",$989.00,2,30,2.0,2.0,30.0,1125.0,2.0,88.8,,t,5,5,5,5,12/03/25,45,14,2,0,10,84,83076.0,03/09/15,20/02/25,4.8,4.7,4.8,4.82,4.96,4.91,4.69,IT058091B4XQ9VBKCO,t,6,1,5,0,0.39
2826,7648345.0,https://www.airbnb.com/rooms/7648345,20250300000000.0,11/03/25,previous scrape,M&J Hostel - Quad Room,"Private room for friends or families. AC, WiFi Free, 24 ore, Info, mappe, Vatican Tours, Ancient city Tour.",,https://a0.muscache.com/pictures/97114509/57687e53_original.jpg,4002716,https://www.airbnb.com/users/show/4002716,Mario,29/10/12,"Rome, Italy","I like to travel and I like to welcome people to describe my city and give them tips....
",,,,f,https://a0.muscache.com/im/users/4002716/profile_pic/1351507588/original.jpg?aki_policy=profile_small,https://a0.muscache.com/im/users/4002716/profile_pic/1351507588/original.jpg?aki_policy=profile_x_medium,Castro Pretorio,3.0,4.0,"['email', 'phone']",t,t,,I Centro Storico,,41.90478,12.50191,Private room in guesthouse,Private room,4,,1 bath,1.0,,"[""Smoke alarm"", ""Hangers"", ""Dryer"", ""Wifi"", ""Essentials"", ""Heating"", ""Air conditioning"", ""Ethernet connection"", ""Bed linens"", ""Kitchen"", ""Hot water"", ""Hair dryer""]",,31,1125,31.0,31.0,1125.0,1125.0,31.0,1125.0,,t,0,0,0,0,11/03/25,0,0,0,0,0,0,,,,,,,,,,,,t,3,0,3,0,
2835,7553165.0,https://www.airbnb.com/rooms/7553165,20250300000000.0,07/03/25,city scrape,Beautiful Apartment Rome Vaticano,"Apartment of 60 square meters, ideal for a couple or a family. It has a living room (with sofa bed) with a kitchenette, a very spacious bathroom, a bedroom and a small terrace. The house is equipped with all comforts.","Surely one of the strengths of the house is the neighborhood, the historic one of Prati, which is located in the I Municipality of Rome. In particular, the apartment is located between the metro stop Ottaviano and that of Cyprus and is very close to the Vatican, reachable on foot in 5 minutes. The neighborhood is quiet and residential, despite being in the center of Rome, and during the day it is full of lawyers and accountants, so there are also many beautiful trendy restaurants and bars where you can go both for lunch, aperitif and dinner.",https://a0.muscache.com/pictures/hosting/Hosting-U3RheVN1cHBseUxpc3Rpbmc6NzU1MzE2NQ%3D%3D/original/99b7ed01-2dba-4056-85fa-937a4373c7b3.jpeg,2665257,https://www.airbnb.com/users/show/2665257,Laura,17/06/12,"Rome, Italy",I'm Laura and i'm italian from Rome. ,within an hour,100%,100%,t,https://a0.muscache.com/im/users/2665257/profile_pic/1438785279/original.jpg?aki_policy=profile_small,https://a0.muscache.com/im/users/2665257/profile_pic/1438785279/original.jpg?aki_policy=profile_x_medium,Prati,1.0,1.0,"['email', 'phone']",t,t,"Rome, Lazio, Italy",I Centro Storico,,41.91202,12.44906,Entire rental unit,Entire home/apt,4,1.0,1 bath,1.0,2.0,"[""Dedicated workspace"", ""Bidet"", ""Iron"", ""Hangers"", ""Refrigerator"", ""Coffee"", ""Dining table"", ""Washer"", ""Microwave"", ""TV"", ""Wifi"", ""Coffee maker"", ""Free street parking"", ""Host greets you"", ""Oven"", ""Stove"", ""Pets allowed"", ""Luggage dropoff allowed"", ""Hot water"", ""Body soap"", ""Smoking allowed"", ""Heating"", ""Dishes and silverware"", ""Air conditioning"", ""Bed linens"", ""Hair dryer"", ""Shampoo"", ""Essentials"", ""Cooking basics"", ""Freezer"", ""Books and reading material"", ""Extra pillows and blankets"", ""Patio or balcony"", ""Exterior security cameras on property"", ""Room-darkening shades"", ""Kitchen""]",$149.00,3,30,1.0,3.0,30.0,30.0,2.4,30.0,,t,26,41,68,156,07/03/25,51,8,0,156,7,48,7152.0,10/08/15,17/01/25,4.94,4.94,4.82,4.92,4.94,4.78,4.82,IT058091C27DGW7GLA,t,1,1,0,0,0.44
3103,8834149.0,https://www.airbnb.com/rooms/8834149,20250300000000.0,06/03/25,city scrape,Irene's home. Bright apartament,"Irene's home is a ready to stay cozy apartament near the new Underground C line of Rome (Torrespaccata station). Wide and bright, perfect for a family or friends (up to 6 persons) weekend or a longer stay.<br />Silent and full option","Ours is a real Roman neighborhood, not touristy, born in the '60s as an experiment of urban planning on a human scale (parking lots, wide streets, airy apartments) so, at Irene's house,  you will see the life of every day.<br />Nearby are a bar, a pharmacy, a pizzeria. The supermarket is 10 minutes by foot.",https://a0.muscache.com/pictures/111781578/c1783462_original.jpg,46268435,https://www.airbnb.com/users/show/46268435,Serena,11/10/15,"Rome, Italy",,,,0%,f,https://a0.muscache.com/im/pictures/user/fead4f0b-b1ae-4b06-89fa-b7e71655b4fc.jpg?aki_policy=profile_small,https://a0.muscache.com/im/pictures/user/fead4f0b-b1ae-4b06-89fa-b7e71655b4fc.jpg?aki_policy=profile_x_medium,,1.0,1.0,"['email', 'phone']",t,t,"Rome, Lazio, Italy",VI Roma delle Torri,,41.86635,12.58419,Entire rental unit,Entire home/apt,5,2.0,2 baths,2.0,4.0,"[""TV"", ""Shampoo"", ""Wifi"", ""Free parking on premises"", ""Elevator"", ""Breakfast"", ""Air conditioning"", ""Washer"", ""Pets allowed"", ""Kitchen"", ""Smoking allowed"", ""First aid kit"", ""Heating""]",$126.00,31,1125,31.0,31.0,1125.0,1125.0,31.0,1125.0,,t,22,48,78,353,06/03/25,6,0,0,289,0,0,0.0,29/03/16,29/07/21,4.5,4.33,4.5,4.83,4.83,4.33,4.67,,f,1,1,0,0,0.06
3104,8834758.0,https://www.airbnb.com/rooms/8834758,20250300000000.0,06/03/25,city scrape,Vatican Sweet Suite,"A quiet road in a lovely green area of Rome with an incredible view<br />of Saint Peters. Furnished with love, design and vintage. Independent entrance. Bedroom. A lounge on 2 levels: a comfortable bed-settee on the bottom and a second bedroom on the top.","A few steps away from the Vatican, from here you can almost embrace the Basilica of St. Peter's in your hands. Thisarea of the city still has its breath of the small village: quiet, peaceful, in the green, but maintaining all the services of a metropolis.",https://a0.muscache.com/pictures/99ae0de8-c9f1-4143-a2a8-93b3fc83ba17.jpg,30476795,https://www.airbnb.com/users/show/30476795,Laura,02/04/15,"Rome, Italy","Sono architetto ma mi sono occupato prevalentemente di postproduzione nel Cinema.
",within an hour,100%,100%,t,https://a0.muscache.com/im/pictures/user/User-30476795/original/63cb70b5-a728-41ea-b99b-99f8c0b433d5.jpeg?aki_policy=profile_small,https://a0.muscache.com/im/pictures/user/User-30476795/original/63cb70b5-a728-41ea-b99b-99f8c0b433d5.jpeg?aki_policy=profile_x_medium,Aurelio,1.0,2.0,"['email', 'phone']",t,f,"Rome, Lazio, Italy",I Centro Storico,,41.90105,12.4498,Entire rental unit,Entire home/apt,4,1.0,1 bath,2.0,2.0,"[""Paid parking off premises"", ""Dedicated workspace"", ""Bidet"", ""Iron"", ""Smoke alarm"", ""Hangers"", ""Fire extinguisher"", ""TV with DVD player"", ""Refrigerator"", ""Paid parking on premises"", ""Dining table"", ""Washer"", ""Exercise equipment"", ""Coffee maker: espresso machine"", ""Wifi"", ""Free street parking"", ""Host greets you"", ""Oven"", ""Hot water kettle"", ""Stove"", ""Hot water"", ""Body soap"", ""Heating"", ""Carbon monoxide alarm"", ""Dishes and silverware"", ""Air conditioning"", ""First aid kit"", ""Bed linens"", ""Hair dryer"", ""Shampoo"", ""Essentials"", ""Cooking basics"", ""Extra pillows and blankets"", ""Room-darkening shades"", ""Kitchen""]",$120.00,2,30,1.0,2.0,1125.0,1125.0,2.0,1125.0,,t,11,15,18,197,06/03/25,555,73,3,133,81,255,30600.0,20/10/15,06/03/25,4.92,4.92,4.95,4.96,4.97,4.81,4.91,IT058091C2AW7N96NF,f,1,1,0,0,4.86
3134,8917162.0,https://www.airbnb.com/rooms/8917162,20250300000000.0,11/03/25,previous scrape,EnzHouse: Enjoy your Holiday,"THE HOME OF YOUR vacation IN ROME: for more information about the apartment read the detailed description below!<br />Don't forget to follow us on our F.b. page for the latest news, promotions and events!","EnzHouse is in one of the oldest Roman neighborhoods, Monti district. This neighborhood known for its history is between Roma dei Fori Imperiali and Esquilino; a short walk away are the magnificent basilicas of Santa Maria Maggiore with a characteristic Cosmatesco floor, that of San Pietro in Vincoli that houses the famous Mosè di Michelangelo and the Colosseum. Rione Monti is nestled between two large road thoroughfares, Via Cavour and Via Nazionale; inside it is the ancient ""Sub Urbe"" neighborhood (the Suburra), characteristic for its streets made up of cobblestones and alleys that are beautiful at night. The streets are lined with gourmet shops, slow food restaurants, and small shops for traders and artisans that make the neighborhood a place where time stands still.",https://a0.muscache.com/pictures/miso/Hosting-8917162/original/d3f120e2-02a8-4bc4-84c1-536d308a0cd3.jpeg,46634162,https://www.airbnb.com/users/show/46634162,Laura,15/10/15,"Rome, Italy","Sono nata a Roma e sono laureata in biologia. Mi piace cucinare e condividere con ospiti ed amici il buon vino e la buona tavola. Sono sempre molto interessata ad iniziative culturali che riguardano mostre e teatro. Quando sono libera da impegni mi dedico al bricolage in modo particolare il restauro di piccoli mobili.
Sarò lieta di avervi come ospiti!

I was born in Rome and graduated in biology. I love to cook and share with guests and friends good wine and good food. I'm always very interested in cultural initiatives relate to exhibitions and theatre. When I'm free from commitments I devote myself to the crafts in particular the restoration of small furniture.
I will be glad to have you as our guests!",within a few hours,100%,100%,f,https://a0.muscache.com/im/pictures/user/b7a7e655-975d-4398-bd98-92600f3f5374.jpg?aki_policy=profile_small,https://a0.muscache.com/im/pictures/user/b7a7e655-975d-4398-bd98-92600f3f5374.jpg?aki_policy=profile_x_medium,Monti,1.0,1.0,"['email', 'phone']",t,t,"Rome, Lazio, Italy",I Centro Storico,,41.89474,12.49367,Entire rental unit,Entire home/apt,5,,2 baths,3.0,,"[""Toaster"", ""Bidet"", ""Iron"", ""Fire extinguisher"", ""Hangers"", ""Refrigerator"", ""Paid parking on premises"", ""Dining table"", ""Washer"", ""Clothing storage: closet and dresser"", ""Microwave"", ""TV"", ""Wifi"", ""Coffee maker"", ""Host greets you"", ""Oven"", ""Hot water kettle"", ""Stove"", ""Cleaning products"", ""Drying rack for clothing"", ""Blender"", ""Hot water"", ""Body soap"", ""Heating"", ""Carbon monoxide alarm"", ""Single level home"", ""Wine glasses"", ""Crib"", ""Dishes and silverware"", ""Elevator"", ""Air conditioning"", ""First aid kit"", ""Bed linens"", ""Shower gel"", ""Hair dryer"", ""Baking sheet"", ""Shampoo"", ""Essentials"", ""Cooking basics"", ""Freezer"", ""Extra pillows and blankets"", ""Room-darkening shades"", ""Kitchen""]",,2,28,2.0,2.0,28.0,28.0,2.0,28.0,,t,0,0,0,0,11/03/25,61,5,1,0,4,30,,05/04/16,24/02/25,4.93,5.0,5.0,4.98,4.95,4.98,4.87,IT058091C2S57XXUOY,f,1,1,0,0,0.56
3189,9043879.0,https://www.airbnb.com/rooms/9043879,20250300000000.0,07/03/25,city scrape,appartamento 5 persone al Vaticano,"apartment  consisting of two bedrooms, a triple and a double bedroom, each with its own private en-suite bathroom, and a large equipped and habitable kitchen.<br />on the Vatican Walls, above the entrance of the Museums, is at a strategic location in the heart of Rome","in the immediate vicinity of Vatican City, the neighborhood is sleepy and residential, well connected to all public transportation",https://a0.muscache.com/pictures/11262b37-edcb-4829-a9d8-b1c56f4e6b3d.jpg,139716,https://www.airbnb.com/users/show/139716,Laura,07/06/10,"Rome, Italy","Mi piace diffondere allegria e cordialità
negli anni ho fatto della mia ospitalità la mia missione. conoscere nuove persone, confrontarsi e far sentire i propri ospiti a casa loro
questo è quello che faccio. 
credo nei rapporti umani ed effettivamente ho conosciuto molte persone e soprattutto molte belle persone, che danno un senso al mio lavoro.
amo la musica ma soprattutto il mare. Roma è la città più bella del mondo ma non lo sarebbe così tanto se non avesse il mare a due passi!
ho una bellissima famiglia e alcuni amici con i quali valga la pena spendere il proprio tempo libero e fare belle esperienze.
Vi aspetto... ",within an hour,100%,100%,f,https://a0.muscache.com/im/users/139716/profile_pic/1371218423/original.jpg?aki_policy=profile_small,https://a0.muscache.com/im/users/139716/profile_pic/1371218423/original.jpg?aki_policy=profile_x_medium,Aurelio,10.0,10.0,"['email', 'phone']",t,t,"Rome, Lazio, Italy",XIII Aurelia,,41.89896,12.44324,Entire condo,Entire home/apt,5,2.0,2 baths,2.0,4.0,"[""Iron"", ""Fire extinguisher"", ""Hangers"", ""Refrigerator"", ""Kitchen"", ""TV"", ""Wifi"", ""Coffee maker"", ""Pets allowed"", ""Luggage dropoff allowed"", ""Hot water"", ""Heating"", ""Dishes and silverware"", ""Elevator"", ""Air conditioning"", ""Backyard"", ""Hair dryer"", ""Private patio or balcony"", ""Essentials"", ""Cooking basics"", ""Free parking on premises"", ""Oven""]",$161.00,3,1125,1.0,3.0,1125.0,1125.0,2.2,1125.0,,t,22,45,70,262,07/03/25,23,0,0,261,0,0,0.0,21/10/16,04/03/19,4.0,4.3,4.26,4.48,4.57,4.35,4.17,IT058091B4U3P8BFLK,t,10,4,6,0,0.23
3442,9913343.0,https://www.airbnb.com/rooms/9913343,20250300000000.0,12/03/25,city scrape,Green room S. Giovanni Metro wifi,"French bed room with private internal bathroom (a very big shower) that has 2 slylights, not a window","In 10 minutes by feet you can reach Colosseo; the neighborhood is full of restaurants, supermarkets.<br />The area is always safe, at night too",https://a0.muscache.com/pictures/52eccdd1-9edf-435f-8f11-3f4554c4d37a.jpg,15299114,https://www.airbnb.com/users/show/15299114,Laura,09/05/14,"Rome, Italy","Mi piace il sole, il mare, l'estate. 
Il mio stile di viaggio è avere un bagaglio essenziale ed entusiasmarmi davanti alle bellezze dei luoghi senza fare tanti programmi ma vivendo liberamente la vacanza seguendo ciò che mi attira di più.",within an hour,100%,100%,t,https://a0.muscache.com/im/users/15299114/profile_pic/1428167475/original.jpg?aki_policy=profile_small,https://a0.muscache.com/im/users/15299114/profile_pic/1428167475/original.jpg?aki_policy=profile_x_medium,San Giovanni,6.0,6.0,"['email', 'phone']",t,t,"Rome, Lazio, Italy",VII San Giovanni/Cinecittà,,41.88442,12.5116,Private room in rental unit,Private room,1,1.0,1 private bath,1.0,1.0,"[""Paid parking off premises"", ""Dedicated workspace"", ""Bidet"", ""Toaster"", ""Fire extinguisher"", ""Hangers"", ""Refrigerator"", ""Dining table"", ""Self check-in"", ""Wifi"", ""Hot water kettle"", ""Luggage dropoff allowed"", ""Lock on bedroom door"", ""Hot water"", ""Body soap"", ""Heating"", ""Dishes and silverware"", ""Elevator"", ""Air conditioning"", ""Clothing storage: wardrobe"", ""First aid kit"", ""Building staff"", ""Bed linens"", ""TV with standard cable"", ""Hair dryer"", ""Baking sheet"", ""Essentials"", ""Freezer"", ""Extra pillows and blankets"", ""Room-darkening shades"", ""Oven""]",$429.00,2,30,2.0,2.0,30.0,1125.0,2.0,88.8,,t,1,1,1,1,12/03/25,52,3,1,0,0,18,7722.0,11/04/16,23/02/25,4.56,4.73,4.83,4.79,4.79,4.85,4.56,IT058091B4XQ9VBKCO,t,6,1,5,0,0.48
3512,10467574.0,https://www.airbnb.com/rooms/10467574,20250300000000.0,07/03/25,city scrape,Luxury City Center Loft on a Traffic-Free Street,"Take an early morning stroll and enjoy the Trevi Fountain without the tourists. Wander around the historic streets while the city sleeps, then head back for a morning coffee at this urban-chic studio with a suspended loft bedroom.<br /><br />Guests have the whole loft to themselves.<br />Numerous points of interest such as historical sites, restaurants, shops and public transport can be reached on foot.","The loft is just steps away from the Trevi Fountain, the Piazza di Spagna, countless boutiques, restaurants, and Rome's world-famous piazzas.",https://a0.muscache.com/pictures/44d693f3-1109-42a5-a065-5010176f502b.jpg,53940281,https://www.airbnb.com/users/show/53940281,Serena,09/01/16,"Rome, Italy","Ciao sono Serena e mi dedico ad ospitare persone da tutto il mondo!
La mia passione è ricercare appartamenti e ristrutturarli mettendo al centro le esigenze dei viaggiatori!
Amo girare il mondo quindi conosco bene l’importanza di soggiornare in una casa che mi faccia sentire accolta e coccolata.
Un luogo dove poter tornare dopo una lunga giornata di esplorazione.
Mi auguro di ospitarvi presto nelle mie case:)",within an hour,100%,100%,t,https://a0.muscache.com/im/pictures/user/User-53940281/original/12efe830-0593-4d05-9323-92777aaa792c.jpeg?aki_policy=profile_small,https://a0.muscache.com/im/pictures/user/User-53940281/original/12efe830-0593-4d05-9323-92777aaa792c.jpeg?aki_policy=profile_x_medium,Trevi,3.0,4.0,"['email', 'phone']",t,t,"Rome, Lazio, Italy",I Centro Storico,,41.9027,12.48822,Entire loft,Entire home/apt,2,1.0,1 bath,0.0,1.0,"[""Toaster"", ""Bidet"", ""Iron"", ""Smoke alarm"", ""Hangers"", ""Mosquito net"", ""Fire extinguisher"", ""Refrigerator"", ""Coffee"", ""Ethernet connection"", ""Dining table"", ""Mini fridge"", ""Self check-in"", ""Microwave"", ""Other gas stove"", ""Private entrance"", ""Wifi"", ""Oven"", ""Dishwasher"", ""Hot water kettle"", ""Cleaning products"", ""Free washer \u2013 In unit"", ""Drying rack for clothing"", ""Free dryer \u2013 In unit"", ""Hot water"", ""Body soap"", ""Bluetooth sound system"", ""Carbon monoxide alarm"", ""Wine glasses"", ""Dishes and silverware"", ""Keypad"", ""Window guards"", ""First aid kit"", ""Bed linens"", ""Shower gel"", ""Private hot tub - available all year, open 24 hours"", ""Conditioner"", ""Hair dryer"", ""Heating - split type ductless system"", ""Baking sheet"", ""Coffee maker: Nespresso"", ""Shampoo"", ""Essentials"", ""AC - split type ductless system"", ""Cooking basics"", ""Books and reading material"", ""Extra pillows and blankets"", ""Bathtub"", ""Freezer"", ""HDTV with Netflix, DVD player, Amazon Prime Video"", ""Room-darkening shades"", ""Kitchen""]",$152.00,2,30,1.0,2.0,1125.0,1125.0,2.0,1125.0,,t,5,12,21,262,07/03/25,490,61,3,197,60,255,38760.0,24/02/16,03/03/25,4.95,4.96,4.95,4.97,4.99,4.92,4.89,IT058091C2VX2EKP2B,t,1,1,0,0,4.45
3515,10002834.0,https://www.airbnb.com/rooms/10002834,20250300000000.0,07/03/25,city scrape,Lovely new apt in Rome!,"We just renovated this nice apartment in the very heart of Rome, few steps away from Vatican area and from the historical city center.<br />The house is well located to explore the city, buses and metro stop few minutes away.<br />We","The apartment is in Prati, one of the most dynamic and elegant neighborhoods in the city, full of shops and places of interest, such as the Vatican which is reachable in a few minutes. With a pleasant walk you reach the Tiber and its bridges.",https://a0.muscache.com/pictures/13aa8fd0-c987-4f2f-96ef-7597ecbabc9a.jpg,2756943,https://www.airbnb.com/users/show/2756943,Serena,27/06/12,"Rome, Italy","I m Serena, from Rome, I am 37 years old and I love travelling, meeting new people and sailing!",within a day,59%,76%,f,https://a0.muscache.com/im/users/2756943/profile_pic/1340799123/original.jpg?aki_policy=profile_small,https://a0.muscache.com/im/users/2756943/profile_pic/1340799123/original.jpg?aki_policy=profile_x_medium,Prati,3.0,7.0,"['email', 'phone', 'work_email']",t,t,"Rome, Lazio, Italy",I Centro Storico,,41.90768,12.46117,Entire rental unit,Entire home/apt,6,2.0,2 baths,2.0,2.0,"[""Iron"", ""Smoke alarm"", ""Hangers"", ""Refrigerator"", ""Self check-in"", ""Microwave"", ""TV"", ""Wifi"", ""Coffee maker"", ""Free street parking"", ""Body soap"", ""Heating"", ""Carbon monoxide alarm"", ""Dishes and silverware"", ""Elevator"", ""Air conditioning"", ""Building staff"", ""Bed linens"", ""Hair dryer"", ""Shampoo"", ""Essentials"", ""Cooking basics"", ""Extra pillows and blankets"", ""Kitchen""]",$293.00,2,1125,2.0,2.0,1125.0,1125.0,2.0,1125.0,,t,30,60,84,352,07/03/25,325,38,0,287,43,228,66804.0,01/01/16,01/01/25,4.83,4.87,4.85,4.9,4.87,4.93,4.83,IT058091B4U8GPNQ4G,t,3,1,2,0,2.91
3569,10045947.0,https://www.airbnb.com/rooms/10045947,20250300000000.0,06/03/25,city scrape,"1900s Apartment, Piazza Fiume",,"The House is located at 656 ft. from Piazza Fiume, a hub for bus lines connecting the city. In fact, in just 20 minutes, you can reach various tourist attractions like the Colosseum, Trevi Fountain, the Archbasilica of St. John Lateran, Santa Maria Maggiore, or the most famous shopping streets of Rome, such as Via del Corso and Via Condotti <br />In addition, it is a 15 minute walk from the Borghese Gallery and from the Metro stops of REPUBBLICA and BARBERINI on Line A, allowing you to easily reach other major destinations, such as Saint Peter's Basilica, the Vatican Museums, and the entire historical center of the city.",https://a0.muscache.com/pictures/9d4e83bc-ec88-480f-ad91-7aa32103a738.jpg,51564738,https://www.airbnb.com/users/show/51564738,Serena,17/12/15,"Rome, Italy",,within an hour,100%,100%,f,https://a0.muscache.com/im/pictures/user/1511c992-b1fd-42b7-a83e-d73e1d54696b.jpg?aki_policy=profile_small,https://a0.muscache.com/im/pictures/user/1511c992-b1fd-42b7-a83e-d73e1d54696b.jpg?aki_policy=profile_x_medium,,1.0,1.0,"['email', 'phone']",t,t,"Rome, Lazio, Italy",II Parioli/Nomentano,,41.91223,12.49699,Entire rental unit,Entire home/apt,5,1.5,1.5 baths,2.0,4.0,"[""Dedicated workspace"", ""Bidet"", ""Iron"", ""Fire extinguisher"", ""Hangers"", ""Refrigerator"", ""Paid parking on premises"", ""Coffee"", ""Ethernet connection"", ""Dining table"", ""Washer"", ""Single oven"", ""Portable fans"", ""Self check-in"", ""TV"", ""Laundromat nearby"", ""Wifi"", ""Coffee maker"", ""Free street parking"", ""Hot water kettle"", ""Long term stays allowed"", ""Stove"", ""Cleaning products"", ""Hot water"", ""Heating"", ""City skyline view"", ""Crib"", ""Dishes and silverware"", ""Elevator"", ""Window guards"", ""First aid kit"", ""Bed linens"", ""Lockbox"", ""Hair dryer"", ""Baking sheet"", ""Essentials"", ""Cooking basics"", ""Freezer"", ""Books and reading material"", ""Extra pillows and blankets"", ""Paid street parking off premises"", ""Kitchen""]",$104.00,3,30,2.0,3.0,1125.0,1125.0,3.0,1125.0,,t,1,1,6,154,06/03/25,328,38,3,94,38,228,23712.0,01/01/16,04/03/25,4.52,4.71,4.55,4.77,4.86,4.65,4.6,IT058091C2S2KNA3QR,t,1,1,0,0,2.93
3589,10704249.0,https://www.airbnb.com/rooms/10704249,20250300000000.0,08/03/25,city scrape,Camera con bagno privato a Monti,Very central and very well connected by public transportation. Ten minute walk by the Coliseum or by Termini Station. Each suite has a double bed and a private bathroom. The kitchen is shared with the other two suites. Free Wi-fi,"The apartment is located in the ancient Suburra, the oldest district in Rome. Full of places to eat and drink the typical Italian products.<br />We are in the picturesque Monti district .<br />It's particularly appreciated and very popular among Roman people in the evening . The area between Nazionale and Cavour streets (including Boschetto, Serpenti,Panisperna and Baccina streets) , for the modesty of dwelling houses , the narrow streets , craft shops , small shops seems to retain the characteristics of nineteenth-century Rome . There are a lot of  restaurants , bars and several pubs nearby.",https://a0.muscache.com/pictures/ff098db2-052d-4351-9a99-06ce9060d7a6.jpg,34794477,https://www.airbnb.com/users/show/34794477,Laura,02/06/15,,"sono romana, e sono cresciuta a Roma, nel Rione Monti ! mi occupo da sempre di ospitalità e lo faccio con passione !",within an hour,100%,100%,t,https://a0.muscache.com/im/pictures/user/dd5ddea6-56f4-4a12-b8c9-049acf5e093d.jpg?aki_policy=profile_small,https://a0.muscache.com/im/pictures/user/dd5ddea6-56f4-4a12-b8c9-049acf5e093d.jpg?aki_policy=profile_x_medium,Monti,3.0,6.0,"['email', 'phone']",t,t,"Rome, Lazio, Italy",I Centro Storico,,41.89703,12.49499,Private room in serviced apartment,Private room,2,1.5,1.5 baths,1.0,1.0,"[""Toaster"", ""Iron"", ""Smoke alarm"", ""Hangers"", ""Fire extinguisher"", ""Refrigerator"", ""Paid parking on premises"", ""Coffee"", ""Dining table"", ""Washer"", ""Mini fridge"", ""Microwave"", ""TV"", ""Coffee maker: espresso machine"", ""Wifi"", ""Host greets you"", ""Hot water kettle"", ""Long term stays allowed"", ""Blender"", ""Luggage dropoff allowed"", ""Hot water"", ""Heating"", ""Carbon monoxide alarm"", ""Dishes and silverware"", ""Elevator"", ""Air conditioning"", ""First aid kit"", ""Hair dryer"", ""Shampoo"", ""Essentials"", ""Cooking basics"", ""Freezer"", ""Kitchen""]",$153.00,3,31,3.0,3.0,31.0,31.0,3.0,31.0,,t,18,25,25,25,08/03/25,37,0,0,25,0,0,0.0,24/05/16,14/03/23,4.92,4.86,4.92,4.92,4.95,4.86,4.92,IT058091C1GWD5ISOV,f,3,0,3,0,0.35
3594,10716703.0,https://www.airbnb.com/rooms/10716703,20250300000000.0,12/03/25,city scrape,A due passi da Piazza di Spagna,"On the first floor of a timeless historic building in Rome, the newly renovated apartment has a large bedroom with a double bed, a living room with a double sofa bed and a fully equipped kitchen (nespresso, microwave, kettle, toaster) and bathroom with shower.<br />AIR CONDITIONING in all rooms","You are in the real historic center of Rome, with all its charm and the opportunities it offers. Experience Rome from a unique and true perspective so that your trip is a memory and an unforgettable experience. 3 minutes walk to the Spanish Steps and most of the wonders of Rome.",https://a0.muscache.com/pictures/962581ea-a5fd-4cd8-aa35-52a231deb95c.jpg,33366926,https://www.airbnb.com/users/show/33366926,Laura,14/05/15,"Rome, Italy","Sono una mamma di due bimbi e, dopo aver viaggiato molto per lavoro e piacere, ho deciso di mettere a frutto la mia esperienza di viaggiatrice per creare un appartamento e una visione di ospitalità fatta di correttezza, attenzioni e cura per i propri ospiti, senza dimenticare il calore e la disponibilità tutte italiane! Perchè quando viaggi è bello sentirti accolto, con discrezione e allegria.",within an hour,100%,100%,t,https://a0.muscache.com/im/pictures/user/ca7f97bb-4319-4c77-93f0-a49ba610a6fb.jpg?aki_policy=profile_small,https://a0.muscache.com/im/pictures/user/ca7f97bb-4319-4c77-93f0-a49ba610a6fb.jpg?aki_policy=profile_x_medium,Monteverde Vecchio,4.0,4.0,"['email', 'phone']",t,t,"Rome, Lazio, Italy",I Centro Storico,,41.90432,12.48623,Entire rental unit,Entire home/apt,4,1.0,1 bath,1.0,2.0,"[""Paid parking off premises"", ""Iron"", ""Fire extinguisher"", ""Hangers"", ""Refrigerator"", ""Paid parking on premises"", ""Self check-in"", ""Microwave"", ""Wifi"", ""Pack \u2019n play/Travel crib"", ""Coffee maker"", ""Oven"", ""Babysitter recommendations"", ""Long term stays allowed"", ""Free washer \u2013 In unit"", ""Pets allowed"", ""Luggage dropoff allowed"", ""Hot water"", ""Heating"", ""Central air conditioning"", ""City skyline view"", ""Crib"", ""Dishes and silverware"", ""Elevator"", ""Outdoor furniture"", ""Smart lock"", ""First aid kit"", ""Bed linens"", ""Hair dryer"", ""Private patio or balcony"", ""Shampoo"", ""Essentials"", ""Cooking basics"", ""Extra pillows and blankets"", ""37 inch TV with standard cable"", ""Kitchen""]",$205.00,2,28,1.0,3.0,28.0,99.0,1.8,91.5,,t,0,0,0,0,12/03/25,58,13,0,0,13,78,15990.0,24/05/16,12/10/24,4.78,4.83,4.81,4.83,4.98,4.83,4.72,IT058091B4IRFWKPBO,t,4,2,2,0,0.54
3612,10744937.0,https://www.airbnb.com/rooms/10744937,20250300000000.0,11/03/25,previous scrape,Large Bright Room,"LARGE BRIGHT ROOM IN TRASTEVERE<br />SINGLE ROOM, DOUBLE BED, INTERNET WIFI<br />We are two Italian girls, looking for another person to share the apartment. We speak Italian, English, Spanish and French. The apartment is in a typical ancient roman building, composed of three rooms with full furnished kitchen and bathroom, and a washing machine. <br />The room is very large, quiet and bright a big window on the courtyard. There is a double bed and a 32’ TV with digital signal antenna. INTERNET WIFI","There are fabulous restaurants right nearby, close access to night life and hot spots, many adorable second hand shops, café, bars, gym and supermarkets (two within 100 meters).",https://a0.muscache.com/pictures/a66f06f5-8323-4820-a1da-831af930f6e3.jpg,19177610,https://www.airbnb.com/users/show/19177610,Laura,30/07/14,"Rome, Italy","Hi, this is Laura and I’m Italian! 
In my free time, I love going to art exhibitions and museums. I also enjoy good food, so trying to discover local cuisine and not being afraid of tasting new exotic dishes, when abroad. 
I love travelling, especially to less touristy places, where you can better feel what it's like to live there, get a more genuine spirit of the place.
I speak Italian, English, Spanish and French.  
Respect the privacy of the guests, but can also be very sociable.",,,0%,f,https://a0.muscache.com/im/pictures/user/User-19177610/original/cd9b4808-a42d-4b1c-9f7a-4652b905a8d9.jpeg?aki_policy=profile_small,https://a0.muscache.com/im/pictures/user/User-19177610/original/cd9b4808-a42d-4b1c-9f7a-4652b905a8d9.jpeg?aki_policy=profile_x_medium,,2.0,2.0,"['email', 'phone']",t,f,"Rome, Lazio, Italy",XII Monte Verde,,41.87564,12.46859,Private room in rental unit,Private room,2,,1 shared bath,2.0,,"[""Toaster"", ""Refrigerator"", ""Wifi"", ""Essentials"", ""Cooking basics"", ""Dishes and silverware"", ""Freezer"", ""Free street parking"", ""Hot water kettle"", ""Washer \u2013\u00a0In unit"", ""Long term stays allowed"", ""Cleaning products"", ""Pocket wifi"", ""Bed linens"", ""Lock on bedroom door"", ""Kitchen"", ""Microwave""]",,31,730,31.0,31.0,730.0,730.0,31.0,730.0,,,0,0,0,0,11/03/25,0,0,0,0,0,0,,,,,,,,,,,,f,2,0,2,0,
3659,10173472.0,https://www.airbnb.com/rooms/10173472,20250300000000.0,06/03/25,city scrape,Holiday Room Trastevere,"Beautiful small villa surrounded by gardens a brief walk from Trastevere Station. Quiet, well connected. Independent access with private garden and car park. Sleeping accomodation for 5 people, 3 bedrooms, 3 bathrooms, WiFi, air conditioned and more conforts","We are in the most exclusive area of Trastevere just a stone's throw from Trastevere Station that connects Leonardo da Vinci Airport and Leonardo da Vinci Airport and tram 8, which takes you to the historic center in less than five minutes.",https://a0.muscache.com/pictures/96341903-48d1-49f0-93bc-b855a1fac523.jpg,52233172,https://www.airbnb.com/users/show/52233172,Laura,25/12/15,"Rome, Italy",":Sono single ed ho molti amici in tutto il mondo.
Amo la musica, la famiglia, stare in compagnia con gli amici, la natura, gli animali. Amo la cucina sana ma non sono vegetariana. Se potessi, viaggerrei per tutto il mondo.",within a few hours,100%,99%,f,https://a0.muscache.com/im/pictures/user/682edb37-76e1-4b20-b185-ccc9e58e4e61.jpg?aki_policy=profile_small,https://a0.muscache.com/im/pictures/user/682edb37-76e1-4b20-b185-ccc9e58e4e61.jpg?aki_policy=profile_x_medium,,1.0,3.0,"['email', 'phone']",t,t,"Rome, Lazio, Italy",XII Monte Verde,,41.87408,12.46452,Private room in home,Private room,2,1.0,1 private bath,1.0,2.0,"[""Dedicated workspace"", ""Bidet"", ""Fire extinguisher"", ""Hangers"", ""Mosquito net"", ""Refrigerator"", ""Dining table"", ""Piano"", ""Clothing storage: closet and dresser"", ""Microwave"", ""Private entrance"", ""Wifi"", ""Free street parking"", ""Host greets you"", ""Stove"", ""Cleaning products"", ""Free washer \u2013 In unit"", ""Luggage dropoff allowed"", ""Lock on bedroom door"", ""Hot water"", ""Body soap"", ""Single level home"", ""Dishes and silverware"", ""First aid kit"", ""Shower gel"", ""Hair dryer"", ""Shampoo"", ""Essentials"", ""Cooking basics"", ""Freezer"", ""Extra pillows and blankets"", ""Room-darkening shades"", ""Kitchen""]",$44.00,1,14,1.0,1.0,14.0,14.0,1.0,14.0,,t,11,16,27,178,06/03/25,145,53,1,178,53,255,11220.0,24/01/16,14/02/25,4.67,4.72,4.58,4.72,4.72,4.82,4.65,IT058091C2FJ84RUB5,f,1,0,1,0,1.31
3754,11187009.0,https://www.airbnb.com/rooms/11187009,20250300000000.0,09/03/25,city scrape,camera con bagno rione Monti,Very central and very well connected by public transport. 10 minutes walk to the Coliseum and Termini Railway Station.The b&b appartment has 3 double bedroom en-suites bathroom.The kitchen is shared with the other two rooms. Free wi-fi,"We are in the picturesque Monti district .<br />It's particularly appreciated and very popular among Roman people in the evening . The area between Nazionale and Cavour streets (including Boschetto, Serpenti,Panisperna and Baccina streets) , for the modesty of dwelling houses , the narrow streets , craft shops , small shops seems to retain the characteristics of nineteenth-century Rome . There are a lot of  restaurants , bars and several pubs nearby.",https://a0.muscache.com/pictures/6c3f682f-2f0f-443b-9399-cd56513193a5.jpg,34794477,https://www.airbnb.com/users/show/34794477,Laura,02/06/15,,"sono romana, e sono cresciuta a Roma, nel Rione Monti ! mi occupo da sempre di ospitalità e lo faccio con passione !",within an hour,100%,100%,t,https://a0.muscache.com/im/pictures/user/dd5ddea6-56f4-4a12-b8c9-049acf5e093d.jpg?aki_policy=profile_small,https://a0.muscache.com/im/pictures/user/dd5ddea6-56f4-4a12-b8c9-049acf5e093d.jpg?aki_policy=profile_x_medium,Monti,3.0,6.0,"['email', 'phone']",t,t,"Rome, Lazio, Italy",I Centro Storico,,41.89803,12.49549,Private room in serviced apartment,Private room,2,1.0,1 private bath,1.0,2.0,"[""Paid parking off premises"", ""Toaster"", ""Iron"", ""Smoke alarm"", ""Hangers"", ""Fire extinguisher"", ""Refrigerator"", ""Coffee"", ""Dining table"", ""Washer"", ""Mini fridge"", ""Microwave"", ""TV"", ""Laundromat nearby"", ""Private entrance"", ""Wifi"", ""Coffee maker"", ""Free street parking"", ""Host greets you"", ""Hot water kettle"", ""Long term stays allowed"", ""Stove"", ""Blender"", ""Luggage dropoff allowed"", ""Hot water"", ""Heating"", ""Carbon monoxide alarm"", ""Dishes and silverware"", ""Elevator"", ""Air conditioning"", ""Hair dryer"", ""Shampoo"", ""Essentials"", ""Cooking basics"", ""Freezer"", ""Extra pillows and blankets"", ""Kitchen""]",$153.00,2,31,2.0,2.0,31.0,31.0,2.0,31.0,,t,27,38,38,38,09/03/25,71,3,0,38,3,18,2754.0,29/03/16,30/09/24,4.82,4.91,4.96,4.97,5.0,4.86,4.86,It058091c1gwd51sov,f,3,0,3,0,0.65
3765,11194959.0,https://www.airbnb.com/rooms/11194959,20250300000000.0,10/03/25,city scrape,Roma: Casa con cortile!!! Occasione,"The Elisola holiday home, located in Pigneto, is a two-room apartment with an independent entrance complete with all the comforts. The apartment is equipped with living room with kitchenette, bedroom with large closet, bathroom and a small outdoor courtyard, shared with the other apartment of the same structure. Close to Termini station, which are about 3 km away, it is easily reached both by metro and trams or buses.","The Pigneto is a historic neighborhood, built at the end of the 1800s behind Porta Maggiore, and today it is enjoying a second youth and is one of the meeting points for many people who want to spend pleasant evenings in its streets. A connection between the center and the suburbs, a place where old and new meet and where tradition and trend coexist. After seeing all the classic must-sees of Rome within the walls, the Pigneto is definitely worth a visit. In the morning the traditional market welcomes you with its typical colors, scents and sounds; in the afternoon you can walk through the streets of the neighborhood and the area of the villas, enjoying the recovered spontaneous architecture. In the evening, the pedestrian island fills up for an aperitif or dinner; finally, you can choose to end the evening in one of the many bars in the area.",https://a0.muscache.com/pictures/461a2f0b-4a19-4dee-918f-9ddc18d31e5c.jpg,11531450,https://www.airbnb.com/users/show/11531450,Mario,22/01/14,"Rome, Italy",,within an hour,100%,100%,t,https://a0.muscache.com/im/pictures/user/5a19f4a4-a9ea-438c-8f54-3c8b486d909d.jpg?aki_policy=profile_small,https://a0.muscache.com/im/pictures/user/5a19f4a4-a9ea-438c-8f54-3c8b486d909d.jpg?aki_policy=profile_x_medium,Pigneto,3.0,4.0,"['email', 'phone']",t,t,"Rome, Lazio, Italy",V Prenestino/Centocelle,,41.88847351,12.52577782,Entire rental unit,Entire home/apt,2,1.0,1 bath,1.0,1.0,"[""Dedicated workspace"", ""Hangers"", ""Refrigerator"", ""Self check-in"", ""Microwave"", ""Wifi"", ""Coffee maker"", ""Free street parking"", ""Host greets you"", ""Stove"", ""Private backyard \u2013 Fully fenced"", ""Luggage dropoff allowed"", ""Hot water"", ""Shared patio or balcony"", ""Heating"", ""Dishes and silverware"", ""Outdoor furniture"", ""First aid kit"", ""Lockbox"", ""Hair dryer"", ""Essentials"", ""32 inch TV"", ""AC - split type ductless system"", ""Cooking basics"", ""Kitchen""]",$50.00,4,10,2.0,4.0,1125.0,1125.0,3.9,1125.0,,t,0,0,0,0,10/03/25,287,54,1,0,56,255,12750.0,13/04/16,10/02/25,4.8,4.78,4.62,4.93,4.95,4.7,4.76,IT058091C29PUL7VE6,t,3,3,0,0,2.65
3781,11244926.0,https://www.airbnb.com/rooms/11244926,20250300000000.0,12/03/25,city scrape,camera con bagno a Monti,Very central and very well connected by public transport. 10 minutes walk to the Coliseum.The b & b appartment has 3 double bedroom en-suites.The kitchen is shared with the other two rooms. Free wi-fi <br />look at the other rooms in my flat :<br />https://www.airbnb.it/rooms/11187009?preview<br />https://www.airbnb.it/rooms/10704249?preview,"The apartment is located in the ancient Suburra, the oldest neighborhood in Rome. Full of places to eat and drink the typical Italian products.<br />We are in the picturesque Monti district .<br />It's particularly appreciated and very popular among Roman people in the evening . The area between Nazionale and Cavour streets (including Boschetto, Serpenti,Panisperna and Baccina streets) , for the modesty of dwelling houses , the narrow streets , craft shops , small shops seems to retain the characteristics of nineteenth-century Rome . There are a lot of  restaurants , bars and several pubs nearby.",https://a0.muscache.com/pictures/3cf0ca0f-b1e1-46b1-8593-bb67927729ba.jpg,34794477,https://www.airbnb.com/users/show/34794477,Laura,02/06/15,,"sono romana, e sono cresciuta a Roma, nel Rione Monti ! mi occupo da sempre di ospitalità e lo faccio con passione !",within an hour,100%,100%,t,https://a0.muscache.com/im/pictures/user/dd5ddea6-56f4-4a12-b8c9-049acf5e093d.jpg?aki_policy=profile_small,https://a0.muscache.com/im/pictures/user/dd5ddea6-56f4-4a12-b8c9-049acf5e093d.jpg?aki_policy=profile_x_medium,Monti,3.0,6.0,"['email', 'phone']",t,t,"Rome, Lazio, Italy",I Centro Storico,,41.8962,12.49467,Private room in serviced apartment,Private room,2,1.0,1 private bath,1.0,1.0,"[""Toaster"", ""Iron"", ""Fire extinguisher"", ""Hangers"", ""Refrigerator"", ""Coffee"", ""Dining table"", ""Washer"", ""Mini fridge"", ""Microwave"", ""Private entrance"", ""Wifi"", ""Coffee maker"", ""Host greets you"", ""Oven"", ""Hot water kettle"", ""Stove"", ""Long term stays allowed"", ""Blender"", ""Luggage dropoff allowed"", ""Hot water"", ""Heating"", ""32 inch HDTV"", ""Dishes and silverware"", ""Elevator"", ""Air conditioning"", ""First aid kit"", ""Hair dryer"", ""Private patio or balcony"", ""Shampoo"", ""Essentials"", ""Cooking basics"", ""Freezer"", ""Extra pillows and blankets"", ""Kitchen""]",$117.00,3,31,3.0,3.0,31.0,31.0,3.0,31.0,,t,17,36,46,143,12/03/25,114,22,0,143,23,132,15444.0,20/06/16,01/01/25,4.93,4.96,4.93,4.91,4.94,4.95,4.86,IT058091C1GWD5ISOV,f,3,0,3,0,1.07
3929,12149293.0,https://www.airbnb.com/rooms/12149293,20250300000000.0,12/03/25,city scrape,6A Trastevere Comfort Apartments,"Beautiful and bright 57 sqm apartment, on the third floor of a modern palace with a doorman and 2 elevators. Renovated, it is quiet, clean, well furnished, perfectly equipped with everything you need for short and long stays. Very central in the famous Trastevere neighborhood that can be visited on foot, it is well connected with all the most important tourist sites. Lots of restaurants, pizzerias, pubs, bars reachable on foot in a few minutes. Perfect for couples and families up to 4 people up to 4 people.","The Trastevere district is one of the oldest and most characteristic of Rome.<br />Upon your arrival we will give you a list of our favorite restaurants, ice cream parlors and various suggestions and we will be happy to give you all the information you can.",https://a0.muscache.com/pictures/070daf25-f453-4fc0-a3a1-a76cf6626ff0.jpg,65229394,https://www.airbnb.com/users/show/65229394,Laura,31/03/16,"Rome, Italy","Da poco piu' di un anno ho ristrutturato questo immobile ricavando quattro piccoli appartamenti che sono ideali per stare a Rome per un breve o lungo periodo.
Per il progetto mi sono affidata ad un architetto ed io li ho poi arredati personalmente.
",within an hour,100%,100%,t,https://a0.muscache.com/im/pictures/user/a6372ba9-91b2-4e0a-8fdd-2f96e1927bfb.jpg?aki_policy=profile_small,https://a0.muscache.com/im/pictures/user/a6372ba9-91b2-4e0a-8fdd-2f96e1927bfb.jpg?aki_policy=profile_x_medium,Trastevere,4.0,4.0,"['email', 'phone']",t,t,"Rome, Lazio, Italy",XII Monte Verde,,41.88256,12.4718,Entire rental unit,Entire home/apt,4,1.0,1 bath,1.0,1.0,"[""Toaster"", ""Bidet"", ""Iron"", ""Fire extinguisher"", ""Hangers"", ""Refrigerator"", ""Paid parking garage off premises"", ""Coffee maker: drip coffee maker, french press"", ""Dining table"", ""Induction stove"", ""Washer"", ""Self check-in"", ""Microwave"", ""TV"", ""Wifi"", ""Free street parking"", ""Oven"", ""Dishwasher"", ""Hot water kettle"", ""Long term stays allowed"", ""Cleaning products"", ""Hot water"", ""Body soap"", ""Heating"", ""Single level home"", ""Wine glasses"", ""Paid parking garage on premises \u2013 1 space"", ""Dishes and silverware"", ""Elevator"", ""Air conditioning"", ""Paid crib - available upon request"", ""First aid kit"", ""Bed linens"", ""Lockbox"", ""Hair dryer"", ""Baking sheet"", ""Private patio or balcony"", ""Shampoo"", ""Clothing storage: wardrobe and dresser"", ""Essentials"", ""Cooking basics"", ""Freezer"", ""Extra pillows and blankets"", ""Room-darkening shades"", ""Kitchen""]",$95.00,2,280,2.0,2.0,1125.0,1125.0,2.0,1125.0,,t,2,2,2,2,12/03/25,92,20,0,0,20,120,11400.0,26/05/16,05/01/25,4.84,4.86,4.79,4.95,4.95,4.64,4.71,IT058091B4AILLGSEH,t,4,4,0,0,0.86
3934,12150283.0,https://www.airbnb.com/rooms/12150283,20250300000000.0,15/03/25,city scrape,6B Trastevere Comfort Apartment,"Beautiful and bright 47m2 studio apartment on the third floor of a modern building with doorman and 2 lifts. Renovated, it is quiet, clean, well furnished, perfectly equipped with everything needed for short and long stays. Very central in the famous Trastevere district which can be visited on foot, it is well connected to all the most important tourist sites. Many restaurants, pizzerias, pubs, bars within walking distance in a few minutes. Perfect for couples and families of up to 4 people.","The Trastevere district is one of the oldest and most characteristic of Rome.<br />Upon your arrival we will give you a list of our favorite restaurants, ice cream parlors and various suggestions and we will be happy to give you all the information you can.",https://a0.muscache.com/pictures/1d32073c-ebb4-4f19-befe-8a191d39524b.jpg,65229394,https://www.airbnb.com/users/show/65229394,Laura,31/03/16,"Rome, Italy","Da poco piu' di un anno ho ristrutturato questo immobile ricavando quattro piccoli appartamenti che sono ideali per stare a Rome per un breve o lungo periodo.
Per il progetto mi sono affidata ad un architetto ed io li ho poi arredati personalmente.
",within an hour,100%,100%,t,https://a0.muscache.com/im/pictures/user/a6372ba9-91b2-4e0a-8fdd-2f96e1927bfb.jpg?aki_policy=profile_small,https://a0.muscache.com/im/pictures/user/a6372ba9-91b2-4e0a-8fdd-2f96e1927bfb.jpg?aki_policy=profile_x_medium,Trastevere,4.0,4.0,"['email', 'phone']",t,t,"Rome, Lazio, Italy",XII Monte Verde,,41.88323,12.47185,Entire rental unit,Entire home/apt,4,1.0,1 bath,0.0,2.0,"[""Extra pillows and blankets"", ""Cleaning products"", ""Air conditioning"", ""Hair dryer"", ""Dedicated workspace"", ""Paid parking on premises"", ""Crib"", ""First aid kit"", ""Kitchen"", ""Oven"", ""Heating"", ""Hot water kettle"", ""Room-darkening shades"", ""Hangers"", ""Dining table"", ""Books and reading material"", ""Microwave"", ""Hot water"", ""TV"", ""Fire extinguisher"", ""Iron"", ""Paid parking off premises"", ""Long term stays allowed"", ""Coffee maker: drip coffee maker, french press"", ""Host greets you"", ""Essentials"", ""Bed linens"", ""Toaster"", ""Dishwasher"", ""Clothing storage: closet and dresser"", ""Elevator"", ""Wine glasses"", ""Dishes and silverware"", ""Shampoo"", ""Induction stove"", ""Body soap"", ""Bidet"", ""Freezer"", ""Wifi"", ""Single level home"", ""Refrigerator"", ""Cooking basics"", ""Free street parking"", ""Luggage dropoff allowed"", ""Washer""]",$108.00,2,150,1.0,2.0,1125.0,1125.0,2.0,1125.0,,t,1,1,4,224,15/03/25,171,7,0,151,7,42,4536.0,26/05/16,02/01/25,4.85,4.88,4.82,4.95,4.92,4.71,4.75,IT058091B4YTAMOCCW,t,4,4,0,0,1.6
3941,12187559.0,https://www.airbnb.com/rooms/12187559,20250300000000.0,06/03/25,city scrape,6C Trastevere Comfort Apartment free 1GB/s wi-fi,"Beautiful and bright 57m2 apartment, on the third floor of a modern building with doorman and 2 lifts. Renovated, it is quiet, clean, well furnished, perfectly equipped with everything needed for short and long stays. Very central in the famous Trastevere district which can be visited on foot, it is well connected to all the most important tourist sites. Many restaurants, pizzerias, pubs, bars within walking distance in a few minutes. Perfect for couples and families of up to 4 people.","The Trastevere district is one of the oldest and most characteristic of Rome.<br />Upon your arrival we will give you a list of our favorite restaurants, ice cream parlors and various suggestions and we will be happy to give you all the information you can.",https://a0.muscache.com/pictures/0a40e839-a1fc-474b-808d-f07982129a14.jpg,65229394,https://www.airbnb.com/users/show/65229394,Laura,31/03/16,"Rome, Italy","Da poco piu' di un anno ho ristrutturato questo immobile ricavando quattro piccoli appartamenti che sono ideali per stare a Rome per un breve o lungo periodo.
Per il progetto mi sono affidata ad un architetto ed io li ho poi arredati personalmente.
",within an hour,100%,100%,t,https://a0.muscache.com/im/pictures/user/a6372ba9-91b2-4e0a-8fdd-2f96e1927bfb.jpg?aki_policy=profile_small,https://a0.muscache.com/im/pictures/user/a6372ba9-91b2-4e0a-8fdd-2f96e1927bfb.jpg?aki_policy=profile_x_medium,Trastevere,4.0,4.0,"['email', 'phone']",t,t,"Rome, Lazio, Italy",XII Monte Verde,,41.88112,12.46972,Entire rental unit,Entire home/apt,4,1.0,1 bath,1.0,2.0,"[""Paid parking off premises"", ""Bidet"", ""Iron"", ""Fire extinguisher"", ""Hangers"", ""Refrigerator"", ""Paid parking on premises"", ""Coffee maker: drip coffee maker, french press"", ""Induction stove"", ""Washer"", ""Microwave"", ""TV"", ""Wifi"", ""Free street parking"", ""Host greets you"", ""Oven"", ""Dishwasher"", ""Hot water kettle"", ""Long term stays allowed"", ""Cleaning products"", ""Hot water"", ""Body soap"", ""Heating"", ""Single level home"", ""Wine glasses"", ""Crib"", ""Dishes and silverware"", ""Elevator"", ""Outdoor furniture"", ""Air conditioning"", ""First aid kit"", ""Bed linens"", ""Hair dryer"", ""Baking sheet"", ""Private patio or balcony"", ""Shampoo"", ""Clothing storage: wardrobe and dresser"", ""Essentials"", ""Cooking basics"", ""Freezer"", ""Extra pillows and blankets"", ""Room-darkening shades"", ""Kitchen""]",$135.00,2,150,2.0,2.0,1125.0,1125.0,2.0,1125.0,,t,11,17,25,245,06/03/25,153,42,0,181,42,252,34020.0,29/08/16,06/01/25,4.82,4.93,4.81,4.94,4.92,4.76,4.77,IT058091B4XQH4ULLC,t,4,4,0,0,1.47
3942,12187903.0,https://www.airbnb.com/rooms/12187903,20250300000000.0,10/03/25,city scrape,6D FRIENDLY COMFORT TRASTEVERE,"Bright and spacious apartment of about 50 sqm, on the third floor of a modern building with 2 lifts. Just renovated, it is quiet, clean and well furnished. Centrally located in the famous Trastevere district that can be visited on foot, it is well connected to the most important tourist sites.<br />PLEASE NOTE THAT FROM 2019 THE FINAL CLEANING WILL BE PAID THROUGH AIRBNB AT THE TIME OF BOOKING AND YOU WILL SEE THEM IN THE QUOTE THAT IS PROVIDED TO YOU WHEN YOU MAKE YOUR RESERVATION.","Upon your arrival we will give you a list of our favorite restaurants, ice cream parlors and various suggestions and we will be happy to give you all the information you can.",https://a0.muscache.com/pictures/d620e4ba-0ed2-491e-9925-46eb686a3750.jpg,65229394,https://www.airbnb.com/users/show/65229394,Laura,31/03/16,"Rome, Italy","Da poco piu' di un anno ho ristrutturato questo immobile ricavando quattro piccoli appartamenti che sono ideali per stare a Rome per un breve o lungo periodo.
Per il progetto mi sono affidata ad un architetto ed io li ho poi arredati personalmente.
",within an hour,100%,100%,t,https://a0.muscache.com/im/pictures/user/a6372ba9-91b2-4e0a-8fdd-2f96e1927bfb.jpg?aki_policy=profile_small,https://a0.muscache.com/im/pictures/user/a6372ba9-91b2-4e0a-8fdd-2f96e1927bfb.jpg?aki_policy=profile_x_medium,Trastevere,4.0,4.0,"['email', 'phone']",t,t,"Rome, Lazio, Italy",XII Monte Verde,,41.88308,12.47102,Entire rental unit,Entire home/apt,4,1.0,1 bath,1.0,2.0,"[""Paid parking off premises"", ""Iron"", ""Fire extinguisher"", ""Hangers"", ""Refrigerator"", ""Paid parking on premises"", ""Washer"", ""Microwave"", ""TV"", ""Wifi"", ""Coffee maker"", ""Free street parking"", ""Host greets you"", ""Oven"", ""Dishwasher"", ""Stove"", ""Long term stays allowed"", ""Luggage dropoff allowed"", ""Hot water"", ""Heating"", ""Single level home"", ""Crib"", ""Dishes and silverware"", ""Elevator"", ""Air conditioning"", ""First aid kit"", ""Bed linens"", ""Hair dryer"", ""Shampoo"", ""Essentials"", ""Cooking basics"", ""Extra pillows and blankets"", ""Room-darkening shades"", ""Kitchen""]",$108.00,40,300,40.0,40.0,1125.0,1125.0,40.0,1125.0,,t,0,0,0,0,10/03/25,49,0,0,0,0,0,0.0,22/04/16,02/01/20,4.71,4.9,4.9,4.88,4.9,4.73,4.69,,f,4,4,0,0,0.45
4000,12307075.0,https://www.airbnb.com/rooms/12307075,20250300000000.0,12/03/25,previous scrape,A due passi dal mare,Composed of 1 bright room with sea view and private bathroom with whirlpool.<br />Elegance and Comfort are its (URL HIDDEN) Sea is under the house at 100 Mt,,https://a0.muscache.com/pictures/91a65a53-35fd-47f4-b64a-b5a252b08dc2.jpg,66362645,https://www.airbnb.com/users/show/66362645,Mario,08/04/16,"Ostia, Italy",,,,,f,https://a0.muscache.com/im/pictures/user/05102797-df35-4270-88eb-efc0f92cc82b.jpg?aki_policy=profile_small,https://a0.muscache.com/im/pictures/user/05102797-df35-4270-88eb-efc0f92cc82b.jpg?aki_policy=profile_x_medium,,1.0,1.0,"['email', 'phone']",t,f,,X Ostia/Acilia,,41.72427,12.29624,Private room in condo,Private room,2,,1 private bath,,,"[""TV"", ""Hangers"", ""Refrigerator"", ""Wifi"", ""Essentials"", ""Elevator"", ""Heating"", ""Bathtub"", ""Air conditioning"", ""Breakfast"", ""Long term stays allowed"", ""Hot tub"", ""Beach access \u2013 Beachfront"", ""Luggage dropoff allowed"", ""Smoking allowed"", ""Hair dryer""]",,1,1125,1.0,1.0,1125.0,1125.0,1.0,1125.0,,t,0,0,0,0,12/03/25,0,0,0,0,0,0,,,,,,,,,,,IT058091C1GOPE28M7,f,1,0,1,0,
4067,12459120.0,https://www.airbnb.com/rooms/12459120,20250300000000.0,06/03/25,city scrape,Casa Dolce Casa...5 minutes walking from metro,"Just 5 minutes from the Metro Jonio / Conca d' Oro , bright and comfortable apartment with furniture, located in the historic Montesacro district, full of green, quiet and well connected .","Only 5 minutes walking , at Conca d'Oro station, the Metro B1 will take you to Termini or Tiburtina railway stations in no time, and the connection with Metro A allows you to conveniently reach the city center (Piazza del Popolo, Piazza Venezia, the Coliseum, the Spanish Steps, the Trevi Fountain, Circus Maximus, the Vatican). By train you are also just 10 minutes away from the University La Sapienza and the Policlinico Umberto I.<br />If you prefer to reach the center while doing some sightseeing on the way, there are numerous bus stops about 100 meters away.",https://a0.muscache.com/pictures/0ef7ae2c-90fc-4612-a765-78e2294e64a3.jpg,64807010,https://www.airbnb.com/users/show/64807010,Laura,28/03/16,"Rome, Italy","After working for about 20 years in hotels in the capital with great passion and satisfaction I decided to start a family and enjoy my two pregnancies .With the passage of time I have rated the ' opportunities to capitalize on the ' experience and passion for my work with enthusiasm , throwing in this experience !!! I'm in Rome .... I like to travel and learn about different cultures from my !! I love the hospitality and hope to be a landmark of my guests to discover Rome ! !

Dopo aver lavorato per circa 20 anni in alberghi della Capitale con grande passione e soddisfazione ho deciso di mettere su famiglia e di godermi le mie due gravidanze .Con il passare del tempo ho valutato l' opportunità di mettere a frutto l' esperienza e la passione per il mio lavoro gettandomi con entusiasmo in questa esperienza !!!Sono di Roma ....mi piace viaggiare e conoscere culture diverse dalla mia !!Adoro l ospitalità e spero di essere un punto di riferimento dei miei ospiti alla scoperta di Roma !!",,,100%,f,https://a0.muscache.com/im/pictures/user/3396be0a-afac-46ba-a04b-11f85305a464.jpg?aki_policy=profile_small,https://a0.muscache.com/im/pictures/user/3396be0a-afac-46ba-a04b-11f85305a464.jpg?aki_policy=profile_x_medium,,1.0,1.0,"['email', 'phone']",t,t,"Rome, Lazio, Italy",III Monte Sacro,,41.9435,12.52366,Entire rental unit,Entire home/apt,2,1.5,1.5 baths,1.0,2.0,"[""Toaster"", ""Bidet"", ""Iron"", ""Smoke alarm"", ""Hangers"", ""Fire extinguisher"", ""Refrigerator"", ""High chair"", ""Coffee"", ""Ethernet connection"", ""Clothing storage"", ""Dining table"", ""Portable fans"", ""Microwave"", ""Children\u2019s books and toys for ages 2-5 years old"", ""Laundromat nearby"", ""Altro gas stove"", ""Private entrance"", ""Coffee maker: espresso machine"", ""HDTV with standard cable"", ""Free street parking"", ""Host greets you"", ""Oven"", ""Long term stays allowed"", ""Cleaning products"", ""Free washer \u2013 In unit"", ""Drying rack for clothing"", ""Blender"", ""Luggage dropoff allowed"", ""Hot water"", ""Body soap"", ""Pack \u2019n play/Travel crib - available upon request"", ""Carbon monoxide alarm"", ""Single level home"", ""Wine glasses"", ""Crib"", ""Dishes and silverware"", ""Central heating"", ""First aid kit"", ""Bed linens"", ""Shower gel"", ""Fast wifi \u2013 325 Mbps"", ""Hair dryer"", ""Baking sheet"", ""Private patio or balcony"", ""Shampoo"", ""Essentials"", ""AC - split type ductless system"", ""Cooking basics"", ""Books and reading material"", ""Extra pillows and blankets"", ""Freezer"", ""Kitchen""]",$86.00,5,60,3.0,3.0,1125.0,1125.0,3.0,1125.0,,t,0,0,16,188,06/03/25,16,1,0,188,3,10,860.0,31/12/16,18/04/24,4.94,4.94,5.0,4.94,5.0,4.69,4.94,IT058091C2XBN9NI69,f,1,1,0,0,0.16
4121,12616227.0,https://www.airbnb.com/rooms/12616227,20250300000000.0,08/03/25,city scrape,Elegant and Spacious Apartment next to Pantheon,"Cozy and Very Quiet Apartment in an historical and well-known building WITH ELEVATOR. The apartment is located in the heart of the city, overlooking the Pantheon (20 MT from there), perfect for3people, with a very large bedroom!<br /><br /><br />Walking distance to all the most famous attractions,restaurants, bars and clubs. Steps from bus, trams and subways stations.","The apartament is located between Pigna and Colonna, in the heart of Rome. My guest could visit the whole centre by walk, reaching Fontana di Trevi in 5 min, Piazza di Spagna, Piazza Venezia, Piazza del Popolo and Villa Borghese, Castel Sant' Angelo and Colosseo. You also should reach Vatican City by walk, in only 20 min.",https://a0.muscache.com/pictures/monet/Select-12616227/original/2b4dc7d7-a74a-4862-9a8e-223b953bfb2b,33598138,https://www.airbnb.com/users/show/33598138,Serena,17/05/15,"Rome, Italy","Ciao sono Serena e sono lieta di ospitarvi nella mia casa Roma Pantheon Suite!
Ho studiato Economia e Marketing a Milano e dopo essermi laureata sono tornata a vivere nella mia adorata città Roma! Dopo qualche anno sono finalmente riuscita a trasformare questa casa di famiglia in una splendida casa vacanze! Ed è con grande cura e passione che sto seguendo questo progetto, dedicando tutto il tempo possibile. Non vedo l'ora di poter accogliere i miei ospiti, prendermi cura di loro, ascoltare i bisogni, dando loro le migliori indicazioni!
Amo viaggiare, condividere le mie esperienze e conoscere nuove persone. 
Spero che possiate trascorrere un soggiorno fantastico in questa meravigliosa città!
",within an hour,100%,100%,,https://a0.muscache.com/im/pictures/user/b740589f-9abb-4292-8ccb-0b3d303d9767.jpg?aki_policy=profile_small,https://a0.muscache.com/im/pictures/user/b740589f-9abb-4292-8ccb-0b3d303d9767.jpg?aki_policy=profile_x_medium,Colonna,5.0,6.0,"['email', 'phone', 'work_email']",t,t,"Rome, Lazio, Italy",I Centro Storico,,41.89902,12.47775,Entire rental unit,Entire home/apt,3,1.0,1 bath,1.0,2.0,"[""Paid parking off premises"", ""Toaster"", ""Bidet"", ""Iron"", ""Smoke alarm"", ""Hangers"", ""Mosquito net"", ""Baby bath"", ""Fire extinguisher"", ""Refrigerator"", ""High chair"", ""Dining table"", ""Washer"", ""Self check-in"", ""Clothing storage: closet and dresser"", ""Microwave"", ""TV with Netflix"", ""Coffee maker: espresso machine"", ""Wifi"", ""Children\u2019s dinnerware"", ""Oven"", ""Dishwasher"", ""Stove"", ""Hot water kettle"", ""Cleaning products"", ""Drying rack for clothing"", ""Hot water"", ""Body soap"", ""Heating"", ""Carbon monoxide alarm"", ""Wine glasses"", ""Crib"", ""Dishes and silverware"", ""Keypad"", ""Air conditioning"", ""First aid kit"", ""Bed linens"", ""Shower gel"", ""Hair dryer"", ""Shampoo"", ""Essentials"", ""Cooking basics"", ""Freezer"", ""Extra pillows and blankets"", ""Patio or balcony"", ""Exterior security cameras on property"", ""Room-darkening shades"", ""Kitchen"", ""Safe""]",$224.00,3,28,2.0,3.0,1125.0,1125.0,3.0,1125.0,,t,9,10,15,176,08/03/25,452,58,3,117,56,255,57120.0,10/06/16,21/02/25,4.99,4.99,5.0,4.99,4.99,5.0,4.94,IT058091C253N4OCIH,t,1,1,0,0,4.25
4180,12929497.0,https://www.airbnb.com/rooms/12929497,20250300000000.0,07/03/25,city scrape,4 ROOMS Apartment for 6 people near Colosseo,"The apartment, completely refurbished in the Shabby Chic style, is suitable for couples, business travelers, families (with children ) and large groups up to 6 people. Available for free: towels, sheets, toilet paper, hair dryer, wi fi, soap shower","Safe area at night too, walking distance to the Colosseum; near the underground you can find the best suppli and tiramisu just right round the corner, and Cannolli shop, pizza by the slice shop and various other small and local trattorias.<br />There are loads of small bars and restaurants and it's only 1 minute from the metro.<br />Close by there is a bakery and many well-stocked supermarkets",https://a0.muscache.com/pictures/hosting/Hosting-U3RheVN1cHBseUxpc3Rpbmc6MTI5Mjk0OTc%3D/original/2411c96d-5beb-47c5-9c06-bbd0cc1aba83.jpeg,15299114,https://www.airbnb.com/users/show/15299114,Laura,09/05/14,"Rome, Italy","Mi piace il sole, il mare, l'estate. 
Il mio stile di viaggio è avere un bagaglio essenziale ed entusiasmarmi davanti alle bellezze dei luoghi senza fare tanti programmi ma vivendo liberamente la vacanza seguendo ciò che mi attira di più.",within an hour,100%,100%,t,https://a0.muscache.com/im/users/15299114/profile_pic/1428167475/original.jpg?aki_policy=profile_small,https://a0.muscache.com/im/users/15299114/profile_pic/1428167475/original.jpg?aki_policy=profile_x_medium,San Giovanni,6.0,6.0,"['email', 'phone']",t,t,"Rome, Lazio, Italy",VII San Giovanni/Cinecittà,,41.88433,12.51151,Entire rental unit,Entire home/apt,6,4.0,4 baths,4.0,4.0,"[""Paid parking off premises"", ""Toaster"", ""Bidet"", ""Smoke alarm"", ""Hangers"", ""Fire extinguisher"", ""Refrigerator"", ""Dining table"", ""Self check-in"", ""Private entrance"", ""Wifi"", ""Hot water kettle"", ""Luggage dropoff allowed"", ""Hot water"", ""Body soap"", ""Heating"", ""Carbon monoxide alarm"", ""Dishes and silverware"", ""Elevator"", ""Air conditioning"", ""Clothing storage: wardrobe"", ""First aid kit"", ""Building staff"", ""Bed linens"", ""TV with standard cable"", ""Hair dryer"", ""Essentials"", ""Freezer"", ""Extra pillows and blankets"", ""Exterior security cameras on property"", ""Room-darkening shades"", ""Oven""]",$205.00,2,30,2.0,2.0,30.0,30.0,2.0,30.0,,t,0,5,28,255,07/03/25,185,20,1,190,25,120,24600.0,03/10/17,11/02/25,4.71,4.83,4.7,4.8,4.85,4.84,4.75,IT058091B4XQ9VBKCO,t,6,1,5,0,2.05
4312,13537410.0,https://www.airbnb.com/rooms/13537410,20250300000000.0,11/03/25,city scrape,Casa Paradiso,"Characteristic and quiet apartment in the heart of ancient Rome, Piazza de Paradiso is only 100 mt. from Piazza Campo de' Fiori and 300 mt. from Piazza Navona. The apartment is on the second floor of an historical two-floor palace of the XVIth century, there's parquet in every room.<br />Fantastic view of Saint Andrea's dome.",,https://a0.muscache.com/pictures/miso/Hosting-13537410/original/ccb77f59-8b88-4a3a-a949-3951ebb493b8.jpeg,77862094,https://www.airbnb.com/users/show/77862094,Laura,15/06/16,"Rome, Italy","We are Laura Alberto and Ettore, the owners of Casa Paradiso. We like very much this job because we love to get to know people that like us love traveling. Most of our guests says: ""It felt like come Home at the end of each day""",within an hour,100%,100%,t,https://a0.muscache.com/im/pictures/user/e00a4629-8043-46b3-a1d1-c73008cb4019.jpg?aki_policy=profile_small,https://a0.muscache.com/im/pictures/user/e00a4629-8043-46b3-a1d1-c73008cb4019.jpg?aki_policy=profile_x_medium,Parione,1.0,1.0,"['email', 'phone']",t,t,,I Centro Storico,,41.89605,12.47373,Entire rental unit,Entire home/apt,5,1.0,1 bath,2.0,4.0,"[""Iron"", ""Fire extinguisher"", ""Hangers"", ""Refrigerator"", ""Washer"", ""Self check-in"", ""Wifi"", ""Coffee maker"", ""Heating"", ""City skyline view"", ""Dishes and silverware"", ""Keypad"", ""Air conditioning"", ""First aid kit"", ""Indoor fireplace"", ""TV with standard cable"", ""Hair dryer"", ""Essentials"", ""Cooking basics"", ""Kitchen""]",$256.00,3,29,1.0,3.0,30.0,30.0,2.8,30.0,,t,13,18,20,69,11/03/25,86,18,0,69,19,108,27648.0,04/07/16,01/01/25,4.84,4.81,4.86,4.86,4.91,4.99,4.83,IT058091C22Y9923MP,t,1,1,0,0,0.81
4381,13696174.0,https://www.airbnb.com/rooms/13696174,20250300000000.0,06/03/25,city scrape,Alloggio Turistico Ninuphar Apartment,"apartment connected to the city center by bus n ° 60 and connected to termini station by bus 90 . it has 2 double room and one sigle room , a bathroom a kitchen and a balcony. free parking on the road","Pub, tipical restaurants, Pizzerie, Bar, Park, bicycle lane.",https://a0.muscache.com/pictures/hosting/Hosting-U3RheVN1cHBseUxpc3Rpbmc6MTM2OTYxNzQ%3D/original/65375027-6719-4d32-8de7-100712978556.jpeg,67000865,https://www.airbnb.com/users/show/67000865,Serena,13/04/16,"Rome, Italy",ninuphar eventi,,,13%,f,https://a0.muscache.com/im/pictures/user/a4cfcdae-bc7a-40fe-bde9-3cdbb596d435.jpg?aki_policy=profile_small,https://a0.muscache.com/im/pictures/user/a4cfcdae-bc7a-40fe-bde9-3cdbb596d435.jpg?aki_policy=profile_x_medium,,3.0,3.0,"['email', 'phone']",t,t,"Rome, Lazio, Italy",III Monte Sacro,,41.93193,12.52878,Entire condo,Entire home/apt,5,1.0,1 bath,3.0,3.0,"[""Dedicated workspace"", ""Iron"", ""Hangers"", ""Refrigerator"", ""Kitchen"", ""TV"", ""Wifi"", ""Free street parking"", ""Breakfast"", ""Hot water"", ""Heating"", ""Dishes and silverware"", ""Elevator"", ""Shared backyard \u2013 Fully fenced"", ""Bed linens"", ""Hair dryer"", ""Shampoo"", ""Essentials"", ""Cooking basics"", ""Free parking on premises"", ""Extra pillows and blankets"", ""Oven""]",$95.00,1,30,1.0,1.0,30.0,30.0,1.0,30.0,,t,29,59,89,364,06/03/25,33,1,0,300,1,6,570.0,11/07/16,14/04/24,4.97,4.97,5.0,4.94,4.91,4.61,4.85,IT058091C273AHBTVX,f,3,1,2,0,0.31
4382,13700490.0,https://www.airbnb.com/rooms/13700490,20250300000000.0,12/03/25,city scrape,Deliziosa SUITE room full comfort,"The suite is in a newly renovated apartment with taste and every comfort . In a historic building of the '900, overlooks one of the most beautiful streets of an elegant and green area, with all services. <br />Private garage 200 meters away ONLY upon reservation and availability. Cost €20 per night to be paid at check-in. Not suitable for minivan.","For those who really want to get to know Rome, off the beaten track, without sacrificing its charm, with elegance and comfort. <br />One of the areas most loved by filmmakers and artists both as a set and as a residence.",https://a0.muscache.com/pictures/miso/Hosting-13700490/original/22db8967-0a58-4976-9514-27052e4f5d95.jpeg,33366926,https://www.airbnb.com/users/show/33366926,Laura,14/05/15,"Rome, Italy","Sono una mamma di due bimbi e, dopo aver viaggiato molto per lavoro e piacere, ho deciso di mettere a frutto la mia esperienza di viaggiatrice per creare un appartamento e una visione di ospitalità fatta di correttezza, attenzioni e cura per i propri ospiti, senza dimenticare il calore e la disponibilità tutte italiane! Perchè quando viaggi è bello sentirti accolto, con discrezione e allegria.",within an hour,100%,100%,t,https://a0.muscache.com/im/pictures/user/ca7f97bb-4319-4c77-93f0-a49ba610a6fb.jpg?aki_policy=profile_small,https://a0.muscache.com/im/pictures/user/ca7f97bb-4319-4c77-93f0-a49ba610a6fb.jpg?aki_policy=profile_x_medium,Monteverde Vecchio,4.0,4.0,"['email', 'phone']",t,t,"Rome, Lazio, Italy",XII Monte Verde,,41.87757,12.46392,Private room in rental unit,Private room,4,1.0,1 private bath,1.0,2.0,"[""Paid parking off premises"", ""Iron"", ""Fire extinguisher"", ""Hangers"", ""Refrigerator"", ""High chair"", ""Paid parking on premises"", ""Self check-in"", ""Paid washer \u2013 In unit"", ""Wifi"", ""Children\u2019s dinnerware"", ""Pack \u2019n play/Travel crib"", ""Coffee maker"", ""Free street parking"", ""Breakfast"", ""Long term stays allowed"", ""Luggage dropoff allowed"", ""Lock on bedroom door"", ""Hot water"", ""Heating"", ""Central air conditioning"", ""Crib"", ""Dishes and silverware"", ""Elevator"", ""Garden view"", ""Smart lock"", ""Paid dryer"", ""First aid kit"", ""Hair dryer"", ""Shampoo"", ""Essentials"", ""25 inch TV with standard cable"", ""Cooking basics"", ""Free parking on premises"", ""Kitchen""]",$112.00,2,1125,2.0,2.0,20.0,1125.0,2.0,397.0,,t,0,0,0,0,12/03/25,43,2,0,0,2,12,1344.0,08/08/16,14/09/24,4.98,4.98,4.93,4.93,4.95,4.66,4.85,IT058091B45IY2N26T,t,4,2,2,0,0.41
4391,13725809.0,https://www.airbnb.com/rooms/13725809,20250300000000.0,11/03/25,city scrape,lola's house,"My place is near San Giovanni in Laterano Basilica, in walking distance of the Coliseum. It's 3 minutes from the Metro stop, bus stops, and the tram that go directly to Rome's historic centre in a few minutes. There is a supermarket downstairs; and 3 restaurants, and cafes on my street. You will like your terrace, my many books at your disposal, and my four cats that are friendly but not intrusive. As your host, I am always available to make you feel at home. I welcome every kind of guest.","It is close to everything yet quiet; served by the Metro and plenty of bus lines; full of historic monuments, and art treasures: the ancient Roman walls, extraordinary churches. It is also full of shops, pizzerias, and many types of cafes and restaurants that aren't expensive; some of which offer a discount to my guests.",https://a0.muscache.com/pictures/78d378a2-8741-47f8-b28d-29bac5ab39e2.jpg,80254277,https://www.airbnb.com/users/show/80254277,Laura,27/06/16,"Rome, Italy","Sono un'insegnante di lettere delle scuole superiori. in pensione da due anni, continuo ad andare a scuola con  un progetto gratuito per il grande amore che sento per il rapporto con i ragazzi e con le cose che insegno. Prediligo sopra tutto la poesia. Canto in alcuni cori polifonici, vado quando posso a teatro e mi piace il cinema. Sono molto affezionata ai miei gattini, che sono assai  affettuosi e simpatici anche con chi frequenta questa casa. Fare questa attività mi fa molto piacere soprattutto perché ho ...il mondo in casa!..",within an hour,100%,100%,t,https://a0.muscache.com/im/pictures/user/01c38040-2da8-4490-8581-c42eb7f75e38.jpg?aki_policy=profile_small,https://a0.muscache.com/im/pictures/user/01c38040-2da8-4490-8581-c42eb7f75e38.jpg?aki_policy=profile_x_medium,San Giovanni,2.0,2.0,"['email', 'phone']",t,t,"Rome, Lazio, Italy",VII San Giovanni/Cinecittà,,41.88308,12.51163,Private room in home,Private room,1,1.0,1 shared bath,1.0,1.0,"[""Smoke alarm"", ""Hangers"", ""Fire extinguisher"", ""Washer"", ""TV"", ""Wifi"", ""Coffee maker"", ""Lock on bedroom door"", ""Hot water"", ""Heating"", ""Carbon monoxide alarm"", ""Dishes and silverware"", ""Elevator"", ""Air conditioning"", ""First aid kit"", ""Hair dryer"", ""Shampoo"", ""Essentials"", ""Patio or balcony"", ""Kitchen""]",$45.00,1,1125,1.0,1.0,1125.0,1125.0,1.0,1125.0,,t,4,4,4,4,11/03/25,253,60,2,0,61,255,11475.0,02/07/16,28/02/25,4.75,4.88,4.51,4.93,4.94,4.9,4.78,IT058091C2QOTHKL4B,t,2,0,2,0,2.39
4405,13762181.0,https://www.airbnb.com/rooms/13762181,20250300000000.0,06/03/25,city scrape,Nel verde fra Trastevere e St.Pietro appartamento,"Our apartment has been recently renovated with love and attention to detail. In an historic building of the early '900 overlooking one of the most beautiful streets of Rome of one of the most elegant and green areas of the city, enjoys tranquility with all services. Private parking at 200mt (by reservation require costs). Pets are accepted upon deposit and 100€ additional per stay per each.","Monte verde Vecchio is a pearl in the heart of Rome between San Pietro and Trastevere, composed of Art Nouveau and early twentieth century buildings. On the historic hill of the Janiculum, from which you can see the spectacular view of Rome, you can enjoy the green and fresh Roman Ponentine without sacrificing comfort and connections.",https://a0.muscache.com/pictures/22f05a07-7431-4177-8c2e-9673e3eba1f8.jpg,33366926,https://www.airbnb.com/users/show/33366926,Laura,14/05/15,"Rome, Italy","Sono una mamma di due bimbi e, dopo aver viaggiato molto per lavoro e piacere, ho deciso di mettere a frutto la mia esperienza di viaggiatrice per creare un appartamento e una visione di ospitalità fatta di correttezza, attenzioni e cura per i propri ospiti, senza dimenticare il calore e la disponibilità tutte italiane! Perchè quando viaggi è bello sentirti accolto, con discrezione e allegria.",within an hour,100%,100%,t,https://a0.muscache.com/im/pictures/user/ca7f97bb-4319-4c77-93f0-a49ba610a6fb.jpg?aki_policy=profile_small,https://a0.muscache.com/im/pictures/user/ca7f97bb-4319-4c77-93f0-a49ba610a6fb.jpg?aki_policy=profile_x_medium,Monteverde Vecchio,4.0,4.0,"['email', 'phone']",t,t,"Rome, Lazio, Italy",XII Monte Verde,,41.87744,12.4624,Entire rental unit,Entire home/apt,6,2.0,2 baths,2.0,3.0,"[""Dedicated workspace"", ""Toaster"", ""Iron"", ""Smoke alarm"", ""Hangers"", ""Fire extinguisher"", ""Refrigerator"", ""30 inch TV with standard cable"", ""Paid parking garage off premises"", ""Free carport on premises \u2013 1 space"", ""Coffee"", ""Dining table"", ""Mini fridge"", ""Self check-in"", ""Microwave"", ""Paid washer \u2013 In unit"", ""Wifi"", ""Pack \u2019n play/Travel crib"", ""Coffee maker"", ""Free street parking"", ""Oven"", ""Dishwasher"", ""Hot water kettle"", ""Breakfast"", ""Long term stays allowed"", ""Pets allowed"", ""Luggage dropoff allowed"", ""Hot water"", ""Heating"", ""Electrolux stainless steel induction stove"", ""City skyline view"", ""Wine glasses"", ""Paid parking garage on premises \u2013 1 space"", ""Dishes and silverware"", ""Courtyard view"", ""Elevator"", ""Shared backyard \u2013 Not fully fenced"", ""Garden view"", ""Paid dryer \u2013 In building"", ""Smart lock"", ""Paid crib - available upon request"", ""First aid kit"", ""Hair dryer"", ""Baking sheet"", ""Shampoo"", ""Essentials"", ""AC - split type ductless system"", ""Cooking basics"", ""Freezer"", ""Kitchen""]",$197.00,2,28,1.0,3.0,99.0,99.0,1.6,99.0,,t,0,16,33,162,06/03/25,64,6,0,162,6,36,7092.0,11/07/16,05/01/25,4.81,4.88,4.77,4.88,4.94,4.75,4.78,IT058091B45IY2N26T,t,4,2,2,0,0.61
4410,13781162.0,https://www.airbnb.com/rooms/13781162,20250300000000.0,11/03/25,city scrape,Casa di Lola,"My place is close to St. John's Basilica, Colosseum, Scala Santa, Via Appia Viejo; supermarkets, restaurants, bars and garages on the street, Mercato di Via Sannio, metro A and B, buses leading to downtown and Trastevere. You will love the family climate, the willingness to guide guests on city visits, outdoor spaces. My accommodation is suitable for all types of guests.<br />A single bed is available for a third guest with an additional cost of 20 euros.","In the neighborhood there are very important churches, such as the Basilica of St. John, the Holy Staircase, S.Croce in Jerusalem; the wall of the historic Aurelian walls.  Close to the church of S.Maria Maggiore, Termini station, the Colosseum that can be reached on foot with a walk during which you can meet ancient churches such as S.Clemente and I Santi Quattro Coronati, followed by the Republic and Imperial Forums and Piazza Venezia; a stone's throw away some beautiful historical villas such as Villa Celimontana, not far away via Appia Antica and much more. The neighborhood is also very well-stocked with shops, supermarkets, thrift markets, restaurants and bars.",https://a0.muscache.com/pictures/207d8054-4c96-45ac-9a2f-4190b2ba96ac.jpg,80254277,https://www.airbnb.com/users/show/80254277,Laura,27/06/16,"Rome, Italy","Sono un'insegnante di lettere delle scuole superiori. in pensione da due anni, continuo ad andare a scuola con  un progetto gratuito per il grande amore che sento per il rapporto con i ragazzi e con le cose che insegno. Prediligo sopra tutto la poesia. Canto in alcuni cori polifonici, vado quando posso a teatro e mi piace il cinema. Sono molto affezionata ai miei gattini, che sono assai  affettuosi e simpatici anche con chi frequenta questa casa. Fare questa attività mi fa molto piacere soprattutto perché ho ...il mondo in casa!..",within an hour,100%,100%,t,https://a0.muscache.com/im/pictures/user/01c38040-2da8-4490-8581-c42eb7f75e38.jpg?aki_policy=profile_small,https://a0.muscache.com/im/pictures/user/01c38040-2da8-4490-8581-c42eb7f75e38.jpg?aki_policy=profile_x_medium,San Giovanni,2.0,2.0,"['email', 'phone']",t,t,"Rome, Lazio, Italy",VII San Giovanni/Cinecittà,,41.88235,12.51096,Private room in rental unit,Private room,3,1.0,1 shared bath,1.0,2.0,"[""Dedicated workspace"", ""Bidet"", ""Iron"", ""Fire extinguisher"", ""Hangers"", ""Refrigerator"", ""Clothing storage"", ""Washer"", ""TV"", ""Wifi"", ""Coffee maker"", ""Host greets you"", ""Cleaning products"", ""Drying rack for clothing"", ""Lock on bedroom door"", ""Hot water"", ""Body soap"", ""Heating"", ""Carbon monoxide alarm"", ""Dishes and silverware"", ""Elevator"", ""Air conditioning"", ""First aid kit"", ""Bed linens"", ""Backyard"", ""Hair dryer"", ""Shampoo"", ""Essentials"", ""Books and reading material"", ""Extra pillows and blankets"", ""Bathtub"", ""Room-darkening shades"", ""Kitchen""]",$54.00,1,1125,1.0,1.0,1125.0,1125.0,1.0,1125.0,,t,4,8,15,279,11/03/25,227,39,0,210,40,234,12636.0,04/07/16,01/01/25,4.74,4.81,4.48,4.91,4.93,4.88,4.66,IT058091C2QOTHKL4B,t,2,0,2,0,2.15
4414,13808719.0,https://www.airbnb.com/rooms/13808719,20250300000000.0,15/03/25,city scrape,Ninuphar Maison Room violet,,"Pub, tipical restaurants, Pizzerie, Bar, Park, bicycle lane.",https://a0.muscache.com/pictures/hosting/Hosting-U3RheVN1cHBseUxpc3Rpbmc6MTM4MDg3MTk%3D/original/02dead3a-4217-4ca8-ba01-485ed31843e5.jpeg,67000865,https://www.airbnb.com/users/show/67000865,Serena,13/04/16,"Rome, Italy",ninuphar eventi,,,13%,f,https://a0.muscache.com/im/pictures/user/a4cfcdae-bc7a-40fe-bde9-3cdbb596d435.jpg?aki_policy=profile_small,https://a0.muscache.com/im/pictures/user/a4cfcdae-bc7a-40fe-bde9-3cdbb596d435.jpg?aki_policy=profile_x_medium,,3.0,3.0,"['email', 'phone']",t,t,"Rome, Lazio, Italy",III Monte Sacro,,41.931,12.52885,Private room in condo,Private room,2,1.0,1 shared bath,1.0,2.0,"[""Smoke alarm"", ""Hair dryer"", ""Dedicated workspace"", ""Kitchen"", ""Heating"", ""Hangers"", ""Hot water"", ""TV"", ""Iron"", ""Exterior security cameras on property"", ""Essentials"", ""Elevator"", ""Shampoo"", ""Carbon monoxide alarm"", ""Breakfast"", ""Wifi"", ""Free parking on premises"", ""Lock on bedroom door"", ""Washer""]",$99.00,1,1125,1.0,1.0,1125.0,1125.0,1.0,1125.0,,t,30,60,90,365,15/03/25,17,0,0,292,0,0,0.0,31/12/16,29/05/19,4.88,4.82,5.0,4.94,4.82,4.53,5.0,IT058091C273AHBTVX,f,3,1,2,0,0.17
4415,13809543.0,https://www.airbnb.com/rooms/13809543,20250300000000.0,10/03/25,city scrape,alloggio turistico ninuphar room - pink,,"Pub, tipical restaurants, Pizzerie, Bar, Park, bicycle lane.",https://a0.muscache.com/pictures/hosting/Hosting-U3RheVN1cHBseUxpc3Rpbmc6MTM4MDk1NDM%3D/original/42bde3b5-c1c6-4318-891d-3705965de094.jpeg,67000865,https://www.airbnb.com/users/show/67000865,Serena,13/04/16,"Rome, Italy",ninuphar eventi,,,13%,f,https://a0.muscache.com/im/pictures/user/a4cfcdae-bc7a-40fe-bde9-3cdbb596d435.jpg?aki_policy=profile_small,https://a0.muscache.com/im/pictures/user/a4cfcdae-bc7a-40fe-bde9-3cdbb596d435.jpg?aki_policy=profile_x_medium,,3.0,3.0,"['email', 'phone']",t,t,"Rome, Lazio, Italy",III Monte Sacro,,41.931,12.52885,Private room in condo,Private room,2,1.0,1 shared bath,1.0,1.0,"[""Iron"", ""Hangers"", ""Refrigerator"", ""Clothing storage"", ""Washer"", ""TV"", ""Wifi"", ""Breakfast"", ""Lock on bedroom door"", ""Heating"", ""Carbon monoxide alarm"", ""Dishes and silverware"", ""Elevator"", ""Bed linens"", ""Hair dryer"", ""Shampoo"", ""Essentials"", ""Free parking on premises"", ""Extra pillows and blankets"", ""Patio or balcony"", ""Exterior security cameras on property"", ""Room-darkening shades"", ""Kitchen""]",$94.00,1,1125,1.0,1.0,1125.0,1125.0,1.0,1125.0,,t,29,59,89,364,10/03/25,12,0,0,296,0,0,0.0,10/12/16,06/08/20,4.83,4.83,5.0,4.92,4.92,4.67,4.83,IT058091C273AHBTVX,f,3,1,2,0,0.12
4462,13920294.0,https://www.airbnb.com/rooms/13920294,20250300000000.0,12/03/25,city scrape,Deliziosa Camera full confort,"An intimate room in an apartment of 2 rooms, newly renovated with taste and every comfort. Perfect especially for 1-4 days. Not recommended for very large suitcases.<br /> In a historic building of the '900, it overlooks one of the most beautiful streets of an elegant and green area, with all services and is located 10 minutes walk from Trastevere and from the tram stop 8 that, like a Metro, will take you in a few minutes to the heart of the historic center. Private GARAGE 200 meters away upon reservation.","Monteverde Vecchio is a pearl in the heart of Rome between San Pietro and Trastevere, made up of liberty and early 20th century buildings. On the Gianicolo hill, from which you can see the spectacular view of Rome, you can enjoy the green and fresh Roman Ponentino, not sacrificing comfort and connections .<br />A staircase (less than 10' walk) connects you to Viale Trastevere. If you don't want to take the stairs, you can go the alternative, a little uphill.",https://a0.muscache.com/pictures/af39a4c1-e7e5-4f69-88c4-59f996664826.jpg,33366926,https://www.airbnb.com/users/show/33366926,Laura,14/05/15,"Rome, Italy","Sono una mamma di due bimbi e, dopo aver viaggiato molto per lavoro e piacere, ho deciso di mettere a frutto la mia esperienza di viaggiatrice per creare un appartamento e una visione di ospitalità fatta di correttezza, attenzioni e cura per i propri ospiti, senza dimenticare il calore e la disponibilità tutte italiane! Perchè quando viaggi è bello sentirti accolto, con discrezione e allegria.",within an hour,100%,100%,t,https://a0.muscache.com/im/pictures/user/ca7f97bb-4319-4c77-93f0-a49ba610a6fb.jpg?aki_policy=profile_small,https://a0.muscache.com/im/pictures/user/ca7f97bb-4319-4c77-93f0-a49ba610a6fb.jpg?aki_policy=profile_x_medium,Monteverde Vecchio,4.0,4.0,"['email', 'phone']",t,t,"Rome, Lazio, Italy",XII Monte Verde,,41.87852,12.46426,Private room in rental unit,Private room,2,1.0,1 private bath,1.0,1.0,"[""Paid parking off premises"", ""Iron"", ""Smoke alarm"", ""Hangers"", ""Baby bath"", ""Fire extinguisher"", ""Refrigerator"", ""High chair"", ""Paid parking on premises"", ""Changing table"", ""Self check-in"", ""Microwave"", ""Children\u2019s bikes"", ""Wifi"", ""Children\u2019s dinnerware"", ""Pack \u2019n play/Travel crib"", ""Coffee maker"", ""Free street parking"", ""Breakfast"", ""Babysitter recommendations"", ""Dishwasher"", ""Long term stays allowed"", ""Outdoor playground"", ""Free washer \u2013 In unit"", ""Luggage dropoff allowed"", ""Lock on bedroom door"", ""Baby monitor"", ""Hot water"", ""Heating"", ""City skyline view"", ""Crib"", ""Dishes and silverware"", ""Elevator"", ""Smart lock"", ""First aid kit"", ""Ikea stainless steel induction stove"", ""Hair dryer"", ""Shampoo"", ""Essentials"", ""AC - split type ductless system"", ""Cooking basics"", ""Free parking on premises"", ""27 inch HDTV with standard cable"", ""Kitchen"", ""Children's playroom""]",$85.00,2,1125,1.0,2.0,15.0,99.0,1.2,98.0,,t,0,0,0,0,12/03/25,75,6,0,0,7,36,3060.0,14/08/16,26/10/24,4.84,4.83,4.77,4.85,4.91,4.41,4.76,IT058091B45IY2N26T,t,4,2,2,0,0.72
4496,14009154.0,https://www.airbnb.com/rooms/14009154,20250300000000.0,12/03/25,city scrape,Love nest near Colosseum - Foscolo Apt,"Cosy apartment of 35sqm (375 sqft), fully restructured, very quiet and perfectly positioned in the Esquilino neighborhood, halfways between Termini central station and Colosseum.<br />Free WI-FI with superfast  fibre broadband (1Gb/s) available.","We are in the Esquilino multicultural neighborhood, vibrant with bars and eateries. Perfectly located between Termini central station and Colosseum,  Foscolo Apartment is 800 mt equidistant from those two poles. In the neighborhood, you can find all you need, from the close Metro Stop ""Vittorio Emanuele"", to supermarkets, many restaurants and bars, bakeries, ice cream bars, tobacconists, banks, post office, pharmacies, all within easy reach. And of course, cathedrals from which to start your historical strolls. Finally, two beautiful gardens (in Piazza Vittorio and in Piazza Dante) have been recently refurbished and are perfect places for a stroll in the shade and tranquillity.<br />For a list of recommended places please look at my neighborhood guidebook.",https://a0.muscache.com/pictures/miso/Hosting-14009154/original/f4c6d693-69d3-40cb-bdb3-088ed3483a19.jpeg,17092224,https://www.airbnb.com/users/show/17092224,Laura,22/06/14,"Rome, Italy","I am a translator and in my free time I practice triathlon. Running is my preferred sport of the three (swimming, cycling and running). I have three children and they are my personal triathlon :)

Faccio la traduttrice e nel tempo libero pratico il triathlon. Dei tre sport (nuoto, bici, corsa)  la corsa è quello che amo di più. Ho tre figli, che sono l'altro mio triathlon personale :)",within an hour,100%,100%,,https://a0.muscache.com/im/pictures/user/bd75dd10-0aee-43a9-801d-cbd07377c961.jpg?aki_policy=profile_small,https://a0.muscache.com/im/pictures/user/bd75dd10-0aee-43a9-801d-cbd07377c961.jpg?aki_policy=profile_x_medium,Esquilino,6.0,7.0,"['email', 'phone']",t,t,"Rome, Lazio, Italy",I Centro Storico,,41.89277,12.50466,Entire condo,Entire home/apt,2,1.0,1 bath,1.0,1.0,"[""Paid parking off premises"", ""Dedicated workspace"", ""Bidet"", ""Iron"", ""Toaster"", ""Smoke alarm"", ""Hangers"", ""Fire extinguisher"", ""Refrigerator"", ""Coffee"", ""Ethernet connection"", ""HDTV"", ""Dining table"", ""Kitchen"", ""Clothing storage: closet and dresser"", ""Private entrance"", ""Free street parking"", ""Host greets you"", ""Oven"", ""Dishwasher"", ""Hot water kettle"", ""Cleaning products"", ""Free washer \u2013 In unit"", ""Drying rack for clothing"", ""Hot water"", ""Body soap"", ""Heating"", ""Central air conditioning"", ""Single level home"", ""Wine glasses"", ""Dishes and silverware"", ""Courtyard view"", ""First aid kit"", ""Bed linens"", ""Shower gel"", ""Conditioner"", ""Hair dryer"", ""Baking sheet"", ""Shampoo"", ""Essentials"", ""Cooking basics"", ""Freezer"", ""Extra pillows and blankets"", ""Coffee maker: drip coffee maker, espresso machine"", ""Room-darkening shades"", ""Fast wifi \u2013 384 Mbps""]",$91.00,3,15,1.0,5.0,1125.0,1125.0,3.0,1125.0,,t,0,0,0,145,12/03/25,564,74,7,89,74,255,23205.0,08/08/16,10/03/25,4.97,4.98,4.99,4.98,4.99,4.8,4.92,IT058091C2LQF2YCND,t,1,1,0,0,5.39
4541,14356237.0,https://www.airbnb.com/rooms/14356237,20250300000000.0,15/03/25,city scrape,Colisseum brand new flat with private  courtyard,"My place is close to Regoli Pasticceria and Trattoria Monti. My place is good for couples, solo adventurers, and business travelers.","Monti neighborhood is tucked between Nazionale and Cavour street.<br />Trevi Fountain is 15 minutes walking  away   from the apartment, Spanish Steps,Navona square,Pantheon,Campo dei Fiori 20-25 min walking.",https://a0.muscache.com/pictures/34260eb8-7067-4ac5-afad-08667ce92cb5.jpg,3504,https://www.airbnb.com/users/show/3504,Laura,08/10/08,"Rome, Italy","I've a degree in Art History
",within a day,100%,0%,f,https://a0.muscache.com/im/users/3504/profile_pic/1335690922/original.jpg?aki_policy=profile_small,https://a0.muscache.com/im/users/3504/profile_pic/1335690922/original.jpg?aki_policy=profile_x_medium,Monti,6.0,11.0,"['email', 'phone']",t,t,"Rome, Lazio, Italy",I Centro Storico,,41.89478,12.49137,Entire rental unit,Entire home/apt,5,1.0,1 bath,1.0,1.0,"[""Extra pillows and blankets"", ""Backyard"", ""Outdoor dining area"", ""Air conditioning"", ""Hair dryer"", ""Outdoor furniture"", ""Dedicated workspace"", ""TV with standard cable"", ""Crib"", ""Oven"", ""Kitchen"", ""Coffee maker"", ""Heating"", ""Private patio or balcony"", ""Hangers"", ""Microwave"", ""Hot water"", ""Iron"", ""Essentials"", ""Bed linens"", ""Dishwasher"", ""Dishes and silverware"", ""Shampoo"", ""Pocket wifi"", ""Stove"", ""Wifi"", ""Refrigerator"", ""Cooking basics"", ""Luggage dropoff allowed"", ""Washer""]",$162.00,240,1125,240.0,240.0,1125.0,1125.0,240.0,1125.0,,t,30,60,90,365,15/03/25,4,0,0,292,0,0,0.0,01/05/17,13/01/20,5.0,4.75,4.75,4.75,4.75,4.75,5.0,,f,6,6,0,0,0.04
4611,14480478.0,https://www.airbnb.com/rooms/14480478,20250300000000.0,06/03/25,city scrape,Short term apartment rental in Rome Via Nomentana,"The apartment is located near the Nomentana Street, in the Montesacro district, well connected to the historical center and Fiumicino Airport.<br /><br />The apartment is bright and quiet and  it is equipped with air conditioning, central heating, TV, FREE Wi-fi, washing machine, iron and ironing board.<br />Free street parking.<br />The apartment is registered as accommodation for tourist use by the Municipality of Rome (QD / 2016/0059128) and by the Lazio Region (ID1036)","The apartment is located in the lively residential neighborhood of Montesacro, which offers a wide choice of restaurants, bars, pubs, shops, a supermarket, pharmacy, banks, services of all kinds.<br /><br />A green area belonging to the Aniene Natural Reserve crossed by a cycle path that leads up to Porta Pia.<br /><br />A Supermarket open on sunday too is near the home.<br /><br />The historic center is easily accessible in a short time by public transport which stops nearby. Easy to reach the metro station “Conca d'Oro” and the “Nomentana Station railway” where it stops the underground train FL1 to Fiumicino Airport .<br /><br />Not far away, on Nomentana street you can visit Villa Torlonia park and its museums, the Mausoleum of Santa Costanza and the Basilica of St. Agnes overtake in a few minutes with one of the public transport stops nearby. Easy to reach the Sapienza University, the L.U.I.S.S. University, and the Policlinico Umberto I Hospital .",https://a0.muscache.com/pictures/3ad70d9c-693a-4f87-bd10-c8b028e62ecd.jpg,63216661,https://www.airbnb.com/users/show/63216661,Laura,16/03/16,"Rome, Italy","Non solo Host ma molto spesso anche ospite!
Amo viaggiare in famiglia in Italia e all'estero  e per i  soggiorni preferisco prenotare appartamenti, poiché ritengo sia la formula più conveniente, ma sopratutto la più confortevole. 
Avendo un appartamento appena ristrutturato a disposizione, ho scelto  di offrirlo in affitto per soggiorni brevi, rendendolo confortevole, non solo per singoli e coppie, ma anche per le famiglie, conoscendone bene le esigenze grazie alle  numerose esperienze di viaggiatrice in compagnia della famiglia. 


",,,100%,f,https://a0.muscache.com/im/pictures/user/e5a08ac4-9e72-416b-b055-b26e3ae2b321.jpg?aki_policy=profile_small,https://a0.muscache.com/im/pictures/user/e5a08ac4-9e72-416b-b055-b26e3ae2b321.jpg?aki_policy=profile_x_medium,,2.0,2.0,"['email', 'phone']",t,t,"Rome, Lazio, Italy",III Monte Sacro,,41.93593,12.53059,Entire rental unit,Entire home/apt,4,1.0,1 bath,1.0,2.0,"[""Dedicated workspace"", ""Bidet"", ""Iron"", ""Smoke alarm"", ""Hangers"", ""Fire extinguisher"", ""Refrigerator"", ""Dining table"", ""Clothing storage: closet and dresser"", ""Microwave"", ""Laundromat nearby"", ""Wifi"", ""Children\u2019s dinnerware"", ""Coffee maker"", ""Free street parking"", ""Host greets you"", ""Hot water kettle"", ""Cleaning products"", ""Free washer \u2013 In unit"", ""Drying rack for clothing"", ""Hot water"", ""Carbon monoxide alarm"", ""City skyline view"", ""32 inch HDTV"", ""Single level home"", ""Wine glasses"", ""Crib"", ""Dishes and silverware"", ""Outdoor furniture"", ""Ikea gas stove"", ""Central heating"", ""Bed linens"", ""Hair dryer"", ""Heating - split type ductless system"", ""Private patio or balcony"", ""Essentials"", ""AC - split type ductless system"", ""Cooking basics"", ""Freezer"", ""Extra pillows and blankets"", ""Kitchen"", ""Safe""]",$76.00,3,29,2.0,3.0,29.0,29.0,3.0,29.0,,t,13,13,26,98,06/03/25,35,5,0,98,5,30,2280.0,20/10/16,11/06/24,4.97,4.97,4.97,4.97,5.0,4.66,4.86,IT058091C2GL8EDT7V,f,1,1,0,0,0.34
4664,15021117.0,https://www.airbnb.com/rooms/15021117,20250300000000.0,12/03/25,city scrape,Bright Apt with Terrace in the heart of Trastevere,"All the pics are just uploaded in August ‘24. Please, have a sit under the gazebo climbing with plants and enjoy the panoramic views, of the Gianicolo Hill and St. Peter's Dome. Descend the handmade craft staircase to the colourful living area, featuring a wall-sized bookcase filled with local and global volumes. Welcome to Cavallino Rosso 2 in Rome-Trastevere. Sleep tight, the apt faces in a quite courtyard. Enjoy your stay in the heart of the eternal city","The apt faces on a charming quite court, hidden from the crowded streets of the neighborhood. From its romantic terrace, you can enjoy a glass of wine in front of the sunset on the Gianicolo hill and the Saint Peter's Dome.  Well known for its night life full of bars and restaurants, Trastevere has also cultural sites like Raffaello's frescos, Santa Maria in Trastevere, Santa Cecilia Academy, the Bramante Temple, the beautiful Paola Fountain on the top of the hill and Portaportese flea market",https://a0.muscache.com/pictures/hosting/Hosting-15021117/original/a0ab59a3-dd8e-47a9-877f-3abe4e222c6b.jpeg,9150741,https://www.airbnb.com/users/show/9150741,Mario,30/09/13,"Rome, Italy","Architetto, amante del verde e del vivere in armonia",within a few hours,100%,93%,t,https://a0.muscache.com/im/pictures/user/User-9150741/original/a1cafb7d-39b9-4772-9e58-539e51002474.jpeg?aki_policy=profile_small,https://a0.muscache.com/im/pictures/user/User-9150741/original/a1cafb7d-39b9-4772-9e58-539e51002474.jpeg?aki_policy=profile_x_medium,Trastevere,6.0,15.0,"['email', 'phone']",t,t,"Rome, Lazio, Italy",I Centro Storico,,41.89098,12.46889,Entire rental unit,Entire home/apt,2,1.0,1 bath,1.0,1.0,"[""Paid parking off premises"", ""Dedicated workspace"", ""Bidet"", ""Iron"", ""Smoke alarm"", ""Hangers"", ""42 inch HDTV with Netflix, DVD player"", ""Refrigerator"", ""Paid parking on premises"", ""Dining table"", ""Microwave"", ""Coffee maker: espresso machine"", ""Wifi"", ""Host greets you"", ""Oven"", ""Dishwasher"", ""Hot water kettle"", ""Long term stays allowed"", ""Free washer \u2013 In unit"", ""Luggage dropoff allowed"", ""Hot water"", ""Body soap"", ""Heating"", ""Carbon monoxide alarm"", ""Central air conditioning"", ""City skyline view"", ""Smeg gas stove"", ""Dishes and silverware"", ""Courtyard view"", ""Bed linens"", ""Hair dryer"", ""Shampoo"", ""Essentials"", ""Cooking basics"", ""Extra pillows and blankets"", ""Outdoor dining area"", ""Room-darkening shades"", ""Kitchen""]",$162.00,3,30,3.0,5.0,30.0,30.0,3.1,30.0,,t,1,1,1,1,12/03/25,79,12,0,0,12,72,11664.0,13/10/16,08/11/24,4.94,4.93,4.96,4.94,4.96,5.0,4.87,IT111105C2000Q4779,f,3,3,0,0,0.77
4898,16089979.0,https://www.airbnb.com/rooms/16089979,20250300000000.0,05/03/25,city scrape,"Cloe,  beautiful room in cozy, clean flat.","10 min by bus you can get to Piazza Venezia or Colosseum. All shops, gym, many trendy&local restaurants and cafes walking distance. <br />30min from beaches of Ostia and Fiumicino airport by direct train. <br />5 min away from metro B line Piramide stop.<br />EATALY is 5 min walking away where you can eat and shop the most quality Italian food from 9 am to midnight.<br />There is big supermarket open 7/24m just 2 min walking.","It used to be an industrial area until late 80s. <br />Now all the factories have became museums, cultural centers, shops, restaurants, university buildings. <br />It's next to well known Testaccio, Garbatella, Aventino, S.Saba and S.Paolo. <br />It's quite lively especially weekend nights. <br />You can have great time in the excellently located flat. <br />Capitolino Museums and Basilica di S.Paolo which is one of the four big churches of Rome is 15 min walking distance. <br />The only Roman Piramid left from Roman times is just around the corner, next to Protestant cemetery which is one of the most poetic place to visit in the city. There is lovely small museum with free entrance on the Porta San Paolo.",https://a0.muscache.com/pictures/c06eec49-2e84-4fa7-9e27-b27bfb9129a3.jpg,3047,https://www.airbnb.com/users/show/3047,Elif,18/09/08,"Rome, Italy","I am a Turkish-Italian who was born in Istanbul, travelled in different countries for livning or  visiting  and has been living in Rome since 1998. I live with my three daughters. We speak Turkish, English, Italian, Spanish.
We love traveling and meeting new people. When we are on holiday we don't like staying in the hotels and feeling like a tourist so we rather prefer living in local people's houses and feel like the real life or the place. That's also why we opened our house to people to make them comfortable and feel like locals while they are in Rome.
If you want to come to Rome and feel comfortably as your own home, meet other housemates, live in a non touristic neighborhood but in the same time, be very close to down town, you are in the right place!
Looking forward to meeting you!
",within a few hours,100%,0%,f,https://a0.muscache.com/im/pictures/user/User/original/eb5d16fa-235d-4523-a442-cd2cfcae6bf7.jpeg?aki_policy=profile_small,https://a0.muscache.com/im/pictures/user/User/original/eb5d16fa-235d-4523-a442-cd2cfcae6bf7.jpeg?aki_policy=profile_x_medium,Testaccio,7.0,7.0,"['email', 'phone']",t,t,"Rome, Lazio, Italy",VIII Appia Antica,,41.87225,12.48425,Private room in rental unit,Private room,2,2.0,2 baths,1.0,1.0,"[""Dedicated workspace"", ""Bidet"", ""Iron"", ""Hangers"", ""Refrigerator"", ""Dining table"", ""Washer"", ""Portable fans"", ""Microwave"", ""Laundromat nearby"", ""Wifi"", ""Coffee maker"", ""Free street parking"", ""Oven"", ""Hot water kettle"", ""Long term stays allowed"", ""Cleaning products"", ""Drying rack for clothing"", ""Blender"", ""Luggage dropoff allowed"", ""Lock on bedroom door"", ""Hot water"", ""Gas stove"", ""Heating"", ""Dishes and silverware"", ""Elevator"", ""Bed linens"", ""Hair dryer"", ""Essentials"", ""Cooking basics"", ""Freezer"", ""Free parking on premises"", ""Extra pillows and blankets"", ""Outdoor dining area"", ""Kitchen""]",$46.00,31,1125,31.0,31.0,1125.0,1125.0,31.0,1125.0,,t,29,59,89,364,05/03/25,9,0,0,301,0,0,0.0,13/04/19,20/04/23,4.67,4.33,4.44,4.89,5.0,4.78,4.56,,f,6,0,6,0,0.13
4922,16426913.0,https://www.airbnb.com/rooms/16426913,20250300000000.0,05/03/25,city scrape,Y-our Home in Rome,"The accommodation is near the Rebibbia Metro Station and the night bus terminal. You will love the location,the people, the garden and the atmosphere. It is in a popular but very lively area, totally renovated and equipped with every comfort.","The quartirere is lively but quiet. Full of bars, supermarkets, it offers a wide and varied choice of bars and restaurants (Japanese, pizzerias, Roman cuisine). There are also two banks equipped with POS terminal, post office, laundry, barbers and hairdressers, 2 gyms, a public garden and a regional urban park not far away and accessible on foot.",https://a0.muscache.com/pictures/01c29bf8-caad-43dd-a464-1c7db59d2323.jpg,107691738,https://www.airbnb.com/users/show/107691738,Mario,18/12/16,"Rome, Italy",,within an hour,100%,91%,f,https://a0.muscache.com/im/pictures/user/0dd26889-fa89-4330-9b8c-3278b195763f.jpg?aki_policy=profile_small,https://a0.muscache.com/im/pictures/user/0dd26889-fa89-4330-9b8c-3278b195763f.jpg?aki_policy=profile_x_medium,,1.0,1.0,"['email', 'phone']",t,t,"Rome, Lazio, Italy",IV Tiburtina,,41.92505,12.57036,Entire condo,Entire home/apt,6,2.0,2 baths,2.0,3.0,"[""Bidet"", ""Hangers"", ""Mosquito net"", ""Refrigerator"", ""Coffee"", ""Dining table"", ""Clothing storage: walk-in closet"", ""Microwave"", ""TV"", ""Radiant heating"", ""Laundromat nearby"", ""Coffee maker: espresso machine"", ""Wifi"", ""Pack \u2019n play/Travel crib"", ""Free street parking"", ""Host greets you"", ""Oven"", ""Stove"", ""Drying rack for clothing"", ""Luggage dropoff allowed"", ""Hot water"", ""Body soap"", ""Central air conditioning"", ""Single level home"", ""Wine glasses"", ""Crib"", ""Dishes and silverware"", ""First aid kit"", ""Bed linens"", ""Backyard"", ""Ceiling fan"", ""Hair dryer"", ""Private patio or balcony"", ""Essentials"", ""Cooking basics"", ""Freezer"", ""Extra pillows and blankets"", ""Exterior security cameras on property"", ""Kitchen""]",$97.00,2,31,2.0,2.0,31.0,31.0,2.0,31.0,,t,29,50,80,170,05/03/25,72,3,0,170,4,18,1746.0,02/01/17,02/06/24,4.74,4.82,4.47,4.88,4.96,4.43,4.68,IT058091C2229JP9FP,f,1,1,0,0,0.72
4955,16201334.0,https://www.airbnb.com/rooms/16201334,20250300000000.0,05/03/25,city scrape,Villa Urbani B&B Red and Grey Suite,"Nestled away in Rome, just where the slopes of the Janiculum meet the edge of the Monteverde Vecchio quarter and the beginnings of the picturesque Trastevere area, you will come across this splendid little villa from the early 1900s – a family residence partially converted into a charming bed and breakfast.",,https://a0.muscache.com/pictures/d0ef23e2-cf2f-4b50-a86e-b4e0157519f2.jpg,9812794,https://www.airbnb.com/users/show/9812794,Laura,04/11/13,"Rome, Italy",,within a few hours,100%,97%,t,https://a0.muscache.com/defaults/user_pic-50x50.png?v=3,https://a0.muscache.com/defaults/user_pic-225x225.png?v=3,Trastevere,5.0,5.0,['phone'],f,t,,I Centro Storico,,41.8854,12.46316,Private room in bed and breakfast,Private room,3,1.0,1 shared bath,1.0,2.0,"[""Bidet"", ""Fire extinguisher"", ""Hangers"", ""TV"", ""Wifi"", ""Free street parking"", ""Breakfast"", ""Luggage dropoff allowed"", ""Lock on bedroom door"", ""Hot water"", ""Body soap"", ""Heating"", ""Crib"", ""Air conditioning"", ""Cleaning available during stay"", ""Bed linens"", ""Shower gel"", ""Hair dryer"", ""Shampoo"", ""Essentials""]",$155.00,2,1125,2.0,2.0,1125.0,1125.0,2.0,1125.0,,t,16,22,31,253,05/03/25,25,7,1,190,6,42,6510.0,13/10/19,23/02/25,4.96,5.0,4.92,4.96,4.96,4.92,4.96,IT058091C1K7VGZ7YG,f,4,0,4,0,0.38
4968,16234136.0,https://www.airbnb.com/rooms/16234136,20250300000000.0,10/03/25,city scrape,Villa Urbani B&B Orange Room,"Nestled away in Rome, just where the slopes of the Janiculum meet the edge of the Monteverde Vecchio quarter and the beginnings of the picturesque Trastevere area, you will come across this splendid little villa from the early 1900s – a family residence partially converted into a charming bed and breakfast.",,https://a0.muscache.com/pictures/7d056267-edc8-4aa6-b116-166e244a8389.jpg,9812794,https://www.airbnb.com/users/show/9812794,Laura,04/11/13,"Rome, Italy",,within a few hours,100%,97%,t,https://a0.muscache.com/defaults/user_pic-50x50.png?v=3,https://a0.muscache.com/defaults/user_pic-225x225.png?v=3,Trastevere,5.0,5.0,['phone'],f,t,,I Centro Storico,,41.88579,12.465,Private room in bed and breakfast,Private room,2,1.0,1 bath,1.0,1.0,"[""TV"", ""Hangers"", ""Shampoo"", ""Crib"", ""Essentials"", ""Wifi"", ""Heating"", ""Air conditioning"", ""Breakfast"", ""Pets allowed"", ""Hair dryer""]",$126.00,1,1125,2.0,2.0,1125.0,1125.0,2.0,1125.0,,t,9,14,20,240,10/03/25,18,3,0,172,3,18,2268.0,21/10/18,29/12/24,4.89,5.0,4.94,5.0,4.94,4.72,4.72,IT058091C1K7VGZ7YG,f,4,0,4,0,0.23
4969,16234390.0,https://www.airbnb.com/rooms/16234390,20250300000000.0,10/03/25,city scrape,Villa Urbani B&B Gold Room,"Nestled away in Rome, just where the slopes of the Janiculum meet the edge of the Monteverde Vecchio quarter and the beginnings of the picturesque Trastevere area, you will come across this splendid little villa from the early 1900s – a family residence partially converted into a charming bed and breakfast.",,https://a0.muscache.com/pictures/ae4cd74d-510a-43d8-8d8a-bfb89f828fd6.jpg,9812794,https://www.airbnb.com/users/show/9812794,Laura,04/11/13,"Rome, Italy",,within a few hours,100%,97%,t,https://a0.muscache.com/defaults/user_pic-50x50.png?v=3,https://a0.muscache.com/defaults/user_pic-225x225.png?v=3,Trastevere,5.0,5.0,['phone'],f,t,,I Centro Storico,,41.88782,12.46493,Private room in bed and breakfast,Private room,2,1.0,1 bath,1.0,1.0,"[""TV"", ""Hangers"", ""Shampoo"", ""Crib"", ""Essentials"", ""Wifi"", ""Housekeeping - included with your stay"", ""Heating"", ""Air conditioning"", ""Breakfast"", ""Pets allowed"", ""Shower gel"", ""Hair dryer""]",$140.00,2,1125,2.0,2.0,1125.0,1125.0,2.0,1125.0,,t,11,18,28,263,10/03/25,24,5,0,195,5,30,4200.0,05/07/17,22/10/24,4.88,4.92,4.88,4.92,4.83,4.79,4.67,IT058091C1K7VGZ7YG,f,4,0,4,0,0.26
4970,16234589.0,https://www.airbnb.com/rooms/16234589,20250300000000.0,05/03/25,city scrape,Villa Urbani B&B Single Room,"Nestled away in Rome, just where the slopes of the Janiculum meet the edge of the Monteverde Vecchio quarter and the beginnings of the picturesque Trastevere area, you will come across this splendid little villa from the early 1900s – a family residence partially converted into a charming bed and breakfast.",,https://a0.muscache.com/pictures/a145ca39-6076-486b-a1ee-28196d25b46a.jpg,9812794,https://www.airbnb.com/users/show/9812794,Laura,04/11/13,"Rome, Italy",,within a few hours,100%,97%,t,https://a0.muscache.com/defaults/user_pic-50x50.png?v=3,https://a0.muscache.com/defaults/user_pic-225x225.png?v=3,Trastevere,5.0,5.0,['phone'],f,t,,I Centro Storico,,41.88574,12.46328,Private room in bed and breakfast,Private room,1,1.0,1 private bath,1.0,1.0,"[""TV"", ""Hangers"", ""Shampoo"", ""Crib"", ""Essentials"", ""Wifi"", ""Heating"", ""Air conditioning"", ""Breakfast"", ""Pets allowed"", ""Hair dryer""]",$70.00,2,1125,2.0,2.0,1125.0,1125.0,2.0,1125.0,,t,8,11,13,213,05/03/25,99,38,0,150,38,228,15960.0,15/04/17,07/01/25,4.88,4.92,4.95,4.95,4.93,4.8,4.83,IT058091C1K7VGZ7YG,f,4,0,4,0,1.03
5098,16687956.0,https://www.airbnb.com/rooms/16687956,20250300000000.0,11/03/25,city scrape,Mini Apartment in Rome,"Hour home is located in the centre of Rome, a few minutes' walk from Termini Station and the Coliseum. With a walk of approximately 4 minutes you can reach the Vittorio Emanuele Metro stop (line A), names after the beautiful square where it is located. The apartment has a kitchen and, a few minutes' walk, there is a supermarket that is also open in the evening.","This neighbourhood is ideal for both vacation and work, as it is only a few steps from Metro A and only 10 minutes walk away from the Coliseum (Metro B).",https://a0.muscache.com/pictures/85eb5945-9bbd-47b8-b10a-27e05335d050.jpg,12330273,https://www.airbnb.com/users/show/12330273,Laura,17/02/14,"Rome, Italy","Io e mio marito Luciano siamo assidui frequentatori dell'isola di San Pietro e di Carloforte stessa. Non abbiamo mai perso il contatto con questo splendido posto , a partire dal nostro matrimonio. Abitiamo vicino alla casa che ora è in affitto, io lui e nostro figlio Francesco.",within an hour,100%,100%,f,https://a0.muscache.com/im/users/12330273/profile_pic/1392676352/original.jpg?aki_policy=profile_small,https://a0.muscache.com/im/users/12330273/profile_pic/1392676352/original.jpg?aki_policy=profile_x_medium,Esquilino,4.0,4.0,"['email', 'phone', 'work_email']",t,t,"Rome, Lazio, Italy",I Centro Storico,,41.89204,12.5068,Entire rental unit,Entire home/apt,2,1.0,1 bath,1.0,3.0,"[""Paid parking off premises"", ""Dedicated workspace"", ""Hangers"", ""Refrigerator"", ""Coffee"", ""Dining table"", ""Microwave"", ""Private entrance"", ""Wifi"", ""Coffee maker"", ""Host greets you"", ""Other induction stove"", ""Hot water kettle"", ""Luggage dropoff allowed"", ""Hot water"", ""Body soap"", ""Heating"", ""Carbon monoxide alarm"", ""Wine glasses"", ""Dishes and silverware"", ""Window guards"", ""Bed linens"", ""Shower gel"", ""Hair dryer"", ""HDTV with Amazon Prime Video, Chromecast, Disney+, Netflix, Roku, HBO Max"", ""Shampoo"", ""Essentials"", ""AC - split type ductless system"", ""Cooking basics"", ""Kitchen""]",$60.00,1,16,1.0,1.0,16.0,16.0,1.0,16.0,,t,5,5,5,5,11/03/25,188,37,4,0,33,222,13320.0,14/02/17,05/03/25,4.66,4.74,4.82,4.81,4.82,4.48,4.62,IT058091C27H4IIIAS,f,3,1,2,0,1.91
5138,17005579.0,https://www.airbnb.com/rooms/17005579,20250300000000.0,09/03/25,previous scrape,B&B Lost in Trastevere- La Grande Bellezza,"Lost In Trastevere is a B&B located in the Trastevere area, in the heart of Rome.<br />Our property is family run and has 4 rooms with attention to detail. Free Wi-Fi internet, sheets, towels, breakfast and daily tidying up included in the cost. Each room is named after a film that has made the history of world cinema and has been furnished so as to bring back to mind thoughts and memories of the history of the last 60 years of Rome.","In the heart of Rome, between narrow and winding alleys, cobblestones and medieval houses, stands Trastevere, one of the most historic and evocative districts of the Capital. Walking through the wonderful streets and squares of Trastevere will allow you to rediscover the magic of ancient Rome, with its history, its scents and its authentic beauty: legends, myths and culture intertwine among the streets of the neighborhood, enchanting tourists and leaving them speechless. Trastevere is the perfect place for lovers of art and culture, for those who love nightlife and good food.",https://a0.muscache.com/pictures/12a5e698-eeb2-43ab-874a-66d9efb9b416.jpg,10406168,https://www.airbnb.com/users/show/10406168,Serena,03/12/13,"Rome, Italy","Mi chiamo Serena, adoro viaggiare e mi piace incontrare persone sempre nuove provenienti da ogni parte del mondo.Questa è la casa dove sono nata e cresciuta e che ora ho trasformato in un caldo e confortevole bed and breakfast. Quindi, se cercate un ambiente familiare e confortevole, venitemi a trovare a B&B Lost in Trastevere

Hi, My name is Serena my passion is traveling and I enjoy meeting new people from all over the world. This is the house where I grew up that I transformed in a warm and comfortable B&B. Therefore if you are looking for a “homey” environment this is the place for you, ill do my best to make your visit unforgettable
B&B Lost in Trastevere",,,,f,https://a0.muscache.com/im/users/10406168/profile_pic/1386606081/original.jpg?aki_policy=profile_small,https://a0.muscache.com/im/users/10406168/profile_pic/1386606081/original.jpg?aki_policy=profile_x_medium,Trastevere,4.0,5.0,"['email', 'phone']",t,f,"Rome, Lazio, Italy",I Centro Storico,,41.8868,12.46869,Private room in bed and breakfast,Private room,3,,1 private bath,1.0,,"[""Fire extinguisher"", ""Hangers"", ""Refrigerator"", ""Microwave"", ""Wifi"", ""Coffee maker"", ""Breakfast"", ""Luggage dropoff allowed"", ""Hot water"", ""Heating"", ""Dishes and silverware"", ""Elevator"", ""Air conditioning"", ""First aid kit"", ""Bed linens"", ""Shower gel"", ""Hair dryer"", ""Shampoo"", ""Essentials"", ""Extra pillows and blankets""]",,31,1125,1.0,4.0,99.0,99.0,3.8,99.0,,t,15,18,43,313,09/03/25,0,0,0,246,0,0,,,,,,,,,,,IT058091C1QEULOX75,t,4,0,3,0,
5175,17518938.0,https://www.airbnb.com/rooms/17518938,20250300000000.0,06/03/25,city scrape,Casa Vacanze Elisola,"The Elisola holiday home, located in Pigneto, is a two-room apartment with an independent entrance complete with all the comforts. The apartment is equipped with living room with kitchenette, bedroom with large closet, bathroom and a small outdoor courtyard, shared with the other apartment of the same structure. Close to Termini station, which are about 3 km away, it is easily reached both by metro and trams or buses.","The Pigneto is a historic neighborhood, built at the end of the 1800s behind Porta Maggiore, and today it is enjoying a second youth and is one of the meeting points for many people who want to spend pleasant evenings in its streets. A connection between the center and the suburbs, a place where old and new meet and where tradition and trend coexist. After seeing all the classic must-sees of Rome within the walls, the Pigneto is definitely worth a visit. In the morning the traditional market welcomes you with its typical colors, scents and sounds; in the afternoon you can walk through the streets of the neighborhood and the area of the villas, enjoying the recovered spontaneous architecture. In the evening, the pedestrian island fills up for an aperitif or dinner; finally, you can choose to end the evening in one of the many bars in the area.",https://a0.muscache.com/pictures/a27fa3e9-fd59-4580-bfd6-32c87c5040dd.jpg,11531450,https://www.airbnb.com/users/show/11531450,Mario,22/01/14,"Rome, Italy",,within an hour,100%,100%,t,https://a0.muscache.com/im/pictures/user/5a19f4a4-a9ea-438c-8f54-3c8b486d909d.jpg?aki_policy=profile_small,https://a0.muscache.com/im/pictures/user/5a19f4a4-a9ea-438c-8f54-3c8b486d909d.jpg?aki_policy=profile_x_medium,Pigneto,3.0,4.0,"['email', 'phone']",t,t,"Rome, Lazio, Italy",V Prenestino/Centocelle,,41.88851929,12.52571392,Entire rental unit,Entire home/apt,2,1.0,1 bath,1.0,1.0,"[""Hangers"", ""Refrigerator"", ""Self check-in"", ""Private entrance"", ""Wifi"", ""HDTV with standard cable"", ""Coffee maker"", ""Free street parking"", ""Host greets you"", ""Stove"", ""Hot water"", ""Shared patio or balcony"", ""Heating"", ""Dishes and silverware"", ""Outdoor furniture"", ""Lockbox"", ""Hair dryer"", ""Essentials"", ""AC - split type ductless system"", ""Cooking basics"", ""Kitchen""]",$50.00,4,10,2.0,4.0,1125.0,1125.0,3.9,1125.0,,t,1,5,8,25,06/03/25,309,51,1,25,55,255,12750.0,13/03/17,09/02/25,4.78,4.85,4.59,4.96,4.99,4.73,4.77,IT058091C29PUL7VE6,t,3,3,0,0,3.18
5181,17541086.0,https://www.airbnb.com/rooms/17541086,20250300000000.0,07/03/25,city scrape,S.Giovanni apartment,"Spacious and quiet apartment located in an excellent location between the Basilica of San Giovanni in Laterano and the Basilica of Santa Croce in Jerusalem, a few meters from the A and C lines of the metro.",,https://a0.muscache.com/pictures/3fc1e351-5267-4bcf-837e-58e30b8982fe.jpg,118985374,https://www.airbnb.com/users/show/118985374,Laura,03/03/17,,,,,0%,f,https://a0.muscache.com/im/pictures/user/54a7e09b-fdbc-4063-8a98-3478d2c54cb3.jpg?aki_policy=profile_small,https://a0.muscache.com/im/pictures/user/54a7e09b-fdbc-4063-8a98-3478d2c54cb3.jpg?aki_policy=profile_x_medium,Esquilino,1.0,1.0,"['email', 'phone']",t,t,,I Centro Storico,,41.88722,12.51238,Entire rental unit,Entire home/apt,6,1.0,1 bath,2.0,2.0,"[""TV"", ""Iron"", ""Fire extinguisher"", ""Hangers"", ""Shampoo"", ""Wifi"", ""Essentials"", ""Private entrance"", ""Host greets you"", ""Heating"", ""Air conditioning"", ""First aid kit"", ""Kitchen"", ""Hair dryer""]",$270.00,2,1125,2.0,2.0,1125.0,1125.0,2.0,1125.0,,t,28,58,88,363,07/03/25,19,1,0,298,1,6,1620.0,28/05/17,06/04/24,4.84,4.79,4.89,4.89,4.95,4.74,4.74,IT058091B45E4B70AF,f,1,1,0,0,0.2
5234,17635687.0,https://www.airbnb.com/rooms/17635687,20250300000000.0,05/03/25,city scrape,Cozy apartment near the Gemelli Metro Station,"Cozy and charming apartment in a quiet area near the Gemelli Hospital and station with double bedroom, bedroom with two beds, living room with sofa bed and kitchenette, 2 bathrooms and balconies. Ideal for families or couples close to the main services, well served by public transport, bike path nearby and parks. (Read the ""SPACE"" section for details)<br />Cleaning fees included in the rate.<br />Free high-speed Internet with wi-fi","The district Trionfale / Torrevecchia / Pineta Sacchetti, is close to the hospitals (Policlinico Gemelli Hospital San Filippo Neri, Hospital Cristo Re), and the Catholic University of the Sacred Heart. Very well-stocked supermarkets, pharmacies, shops and bars and restaurants. Green spaces around as the little Arianna park for children available to the consortium, the new bike path, the Pineto Urban Regional Park ideal for walking, jogging and biking, and the Santa Maria della Pietà park.",https://a0.muscache.com/pictures/a5b150cf-21f0-48f7-b4d4-1462412b34fe.jpg,119942053,https://www.airbnb.com/users/show/119942053,Laura,09/03/17,"Rome, Italy","Sono Laura amo viaggiare e incontrare persone di diverse nazionalità, sono felice di accogliervi nella mia casa.

I'm Laura I love to travel and meet people of different nationalities, I'm happy to welcome you to my home.",within an hour,100%,100%,t,https://a0.muscache.com/im/pictures/user/b6038ec6-518f-47fa-8b22-0a9b3446b8f2.jpg?aki_policy=profile_small,https://a0.muscache.com/im/pictures/user/b6038ec6-518f-47fa-8b22-0a9b3446b8f2.jpg?aki_policy=profile_x_medium,,1.0,1.0,"['email', 'phone']",t,t,"Rome, Lazio, Italy",XIV Monte Mario,,41.92891,12.41955,Entire condo,Entire home/apt,6,2.0,2 baths,2.0,4.0,"[""Dedicated workspace"", ""Bidet"", ""Iron"", ""Toaster"", ""Smoke alarm"", ""Hangers"", ""Mosquito net"", ""Fire extinguisher"", ""Coffee"", ""Ethernet connection"", ""Dining table"", ""Changing table"", ""Crib - available upon request"", ""Portable fans"", ""Microwave"", ""Children\u2019s books and toys for ages 0-2 years old, 2-5 years old, 5-10 years old, and 10+ years old"", ""Laundromat nearby"", ""Private entrance"", ""Children\u2019s dinnerware"", ""Free street parking"", ""Host greets you"", ""Hot water kettle"", ""Babysitter recommendations"", ""Dishwasher"", ""Board games"", ""Cleaning products"", ""Free washer \u2013 In unit"", ""Drying rack for clothing"", ""Baby safety gates"", ""Samsung refrigerator"", ""Hot water"", ""Body soap"", ""Pack \u2019n play/Travel crib - available upon request"", ""Ariston stainless steel gas stove"", ""Carbon monoxide alarm"", ""City skyline view"", ""Wine glasses"", ""Dishes and silverware"", ""Central heating"", ""Window guards"", ""First aid kit"", ""Coffee maker: espresso machine, french press, Nespresso"", ""Bed linens"", ""Shower gel"", ""Conditioner"", ""Hair dryer"", ""32 inch HDTV with standard cable"", ""Baking sheet"", ""Franke stainless steel oven"", ""Shampoo"", ""Private patio or balcony"", ""Essentials"", ""AC - split type ductless system"", ""Cooking basics"", ""Books and reading material"", ""Extra pillows and blankets"", ""Bathtub"", ""Clamp on table seat high chair - available upon request"", ""Freezer"", ""Fast wifi \u2013 106 Mbps"", ""Clothing storage: walk-in closet, closet, wardrobe, and dresser"", ""Housekeeping available 8 hours a day, 5 days a week - available at extra cost"", ""Kitchen"", ""Safe""]",$64.00,1,29,1.0,5.0,15.0,29.0,2.5,21.0,,t,7,14,26,177,05/03/25,229,38,2,177,36,228,14592.0,23/04/17,27/02/25,4.87,4.92,4.93,4.93,4.95,4.48,4.83,IT058091C28UO3T8QI,t,1,1,0,0,2.39
5331,17912520.0,https://www.airbnb.com/rooms/17912520,20250300000000.0,15/03/25,city scrape,Studio apartment near Vatican,"Modern stylish Apartment, in a central area of Rome, walking distance by metro stations Cornelia and Battistini, 3 metro stops from Vatican, near the Gemelli Hospital and Ergife Hotel. Located on the 3rd floor of a building with lift, completely furnished Kitchen, washing/dryer machine, shower with wellness system, king size double bed, Grohe micro filtered water system,  powerful A/C, smart lock, safety box, ultra-fast wifi, usb sockets, Smart TV, free Parking and main services nearby","The district is equipped with all services and is well connected through the public transport network, it is also located near the Gemelli Hospital, the via Boccea/Baldo degli Ubaldi and the east ring road in the direction of Foro Italico",https://a0.muscache.com/pictures/hosting/Hosting-U3RheVN1cHBseUxpc3Rpbmc6MTc5MTI1MjA%3D/original/99171d85-7ac8-45de-b3e9-c52e8ff6c2e8.jpeg,122789933,https://www.airbnb.com/users/show/122789933,Mario,27/03/17,"Rome, Italy",,within an hour,100%,100%,,https://a0.muscache.com/im/pictures/user/51a9d79c-6a8a-4663-a82a-8d1f4d023c92.jpg?aki_policy=profile_small,https://a0.muscache.com/im/pictures/user/51a9d79c-6a8a-4663-a82a-8d1f4d023c92.jpg?aki_policy=profile_x_medium,,9.0,15.0,"['email', 'phone', 'work_email']",t,t,"Rome, Italia, Lazio, Italy",XIII Aurelia,,41.90993,12.42278,Entire rental unit,Entire home/apt,2,1.0,1 bath,1.0,1.0,"[""Extra pillows and blankets"", ""Smoke alarm"", ""Outdoor dining area"", ""Cleaning products"", ""Hair dryer"", ""Ethernet connection"", ""Clothing storage: closet"", ""Dedicated workspace"", ""Baking sheet"", ""HDTV with Amazon Prime Video, Chromecast, Fire TV, Netflix, standard cable"", ""First aid kit"", ""Kitchen"", ""Oven"", ""Coffee maker"", ""Heating"", ""Private patio or balcony"", ""Hot water kettle"", ""Room-darkening shades"", ""Hangers"", ""Dining table"", ""Blender"", ""Microwave"", ""Hot water"", ""Fire extinguisher"", ""Pets allowed"", ""Iron"", ""City skyline view"", ""Mini fridge"", ""Long term stays allowed"", ""Window guards"", ""Drying rack for clothing"", ""Shower gel"", ""Paid parking lot off premises"", ""Private sauna"", ""Essentials"", ""Private entrance"", ""Bed linens"", ""Fast wifi \u2013 60 Mbps"", ""Toaster"", ""Dishwasher"", ""Laundromat nearby"", ""Central air conditioning"", ""Wine glasses"", ""Dishes and silverware"", ""Elevator"", ""Shampoo"", ""Coffee"", ""Paid parking lot on premises"", ""Safe"", ""Carbon monoxide alarm"", ""Stove"", ""Body soap"", ""Keypad"", ""Bidet"", ""Freezer"", ""Table corner guards"", ""Single level home"", ""Free washer \u2013 In unit"", ""Mosquito net"", ""Refrigerator"", ""Cooking basics"", ""Free street parking"", ""Self check-in"", ""Free dryer \u2013 In unit""]",$77.00,1,1125,1.0,1.0,1125.0,1125.0,1.0,1125.0,,t,9,30,60,335,15/03/25,434,60,4,262,53,255,19635.0,31/03/17,11/03/25,4.87,4.91,4.74,4.91,4.95,4.49,4.87,IT058091C24SKM5PQE,t,7,7,0,0,4.48
5553,18851882.0,https://www.airbnb.com/rooms/18851882,20250300000000.0,12/03/25,city scrape,STANZA PRIVATA VICINO SAN GIOVANNI,"Private room for tourist use with lock to ensure privacy and private bathroom. Equipped with all the comforts and also ideal for business trips.<br />Located in a semi-central area, near the A metro of Colli Albani and the terminus of various buses with which you can quickly reach the historic center, the Colosseum, the Imperial Forums, Piazza di Spagna and Ospedale San Giovanni in Laterano.<br />10 minutes from Tuscolana train station connected to Fiumicino airport.","Quiet, populated neighborhood with all the comforts.<br />There are shops, bars, supermarkets also open until 9:30 pm, restaurants, cinema, pubs, pharmacies and shopping mall",https://a0.muscache.com/pictures/2c723d85-f083-4be5-941c-1433ef319d9d.jpg,131320446,https://www.airbnb.com/users/show/131320446,Laura,21/05/17,"Rome, Italy",,within an hour,100%,54%,,https://a0.muscache.com/im/pictures/user/070a77c2-bf70-49e2-8069-be1c47e09076.jpg?aki_policy=profile_small,https://a0.muscache.com/im/pictures/user/070a77c2-bf70-49e2-8069-be1c47e09076.jpg?aki_policy=profile_x_medium,San Giovanni,3.0,3.0,"['email', 'phone']",t,t,"Rome, Lazio, Italy",VII San Giovanni/Cinecittà,,41.87111,12.52922,Private room in rental unit,Private room,2,1.0,1 private bath,3.0,3.0,"[""TV"", ""Private entrance"", ""Hangers"", ""Shampoo"", ""Wifi"", ""Essentials"", ""Refrigerator"", ""Elevator"", ""Coffee maker"", ""Heating"", ""Air conditioning"", ""Host greets you"", ""Hot water"", ""Microwave"", ""Hair dryer""]",$70.00,1,14,1.0,1.0,14.0,14.0,1.0,14.0,,t,29,54,84,359,12/03/25,92,17,0,289,19,102,7140.0,16/09/17,31/10/24,4.86,4.86,4.91,4.78,4.68,4.64,4.73,IT058091C2WL66YML6,f,2,0,2,0,1.01
5589,18970569.0,https://www.airbnb.com/rooms/18970569,20250300000000.0,12/03/25,city scrape,STANZA PRIVATA ZONA SAN GIOVANNI,"Private room for tourist use with lock to ensure privacy and private bathroom.  Equipped with all the comforts and also ideal for business trips.<br />Located in a semi-central area, near the metro A of the Albani hills and the terminus of various buses with which you can quickly reach the historic center, the Colosseum, the Imperial Forums, Piazza di Spagna and Ospedale San Giovanni in Laterano.<br />10 minutes from Tuscolana train station connected to Fiumicino airport.","Quiet, populated neighborhood with all the comforts.<br />There are shops, bars, supermarkets also open until 9:30 pm, restaurants, cinema, pubs, pharmacies and shopping mall",https://a0.muscache.com/pictures/2c723c97-3841-44d1-863a-290ccaf9a10d.jpg,131320446,https://www.airbnb.com/users/show/131320446,Laura,21/05/17,"Rome, Italy",,within an hour,100%,54%,,https://a0.muscache.com/im/pictures/user/070a77c2-bf70-49e2-8069-be1c47e09076.jpg?aki_policy=profile_small,https://a0.muscache.com/im/pictures/user/070a77c2-bf70-49e2-8069-be1c47e09076.jpg?aki_policy=profile_x_medium,San Giovanni,3.0,3.0,"['email', 'phone']",t,t,"Rome, Lazio, Italy",VII San Giovanni/Cinecittà,,41.87116,12.53105,Private room in rental unit,Private room,2,1.0,1 private bath,1.0,1.0,"[""TV"", ""Hangers"", ""Shampoo"", ""Dryer"", ""Essentials"", ""Wifi"", ""Elevator"", ""Heating"", ""Air conditioning"", ""Lock on bedroom door"", ""Hair dryer""]",$70.00,1,1125,1.0,1.0,1125.0,1125.0,1.0,1125.0,,t,2,2,2,2,12/03/25,94,8,0,0,9,48,3360.0,05/07/17,27/10/24,4.85,4.85,4.87,4.85,4.8,4.76,4.76,IT058091C2WL66YML6,f,2,0,2,0,1.0
5617,19153834.0,https://www.airbnb.com/rooms/19153834,20250300000000.0,09/03/25,previous scrape,"camera singola, 100 m METRO A","The house OF colors has a bright room with a single bed, large closet and desk, and all guests have free Wi-Fi.<br /> The apartment is in via tuscolana 200 meters from the stop lucio sestio  metro A, useful to reach Rome center.<br />Anyone who chooses it is welcome!!!!",in the area you can find shops of all kinds and enjoy some relaxation and clean air in the nearby aqueduct park,https://a0.muscache.com/pictures/37ebc849-bb4b-4c94-9338-747bcd3d826d.jpg,133918235,https://www.airbnb.com/users/show/133918235,Laura,07/06/17,"Rome, Italy",,,,,f,https://a0.muscache.com/im/pictures/user/493538c5-dc66-4ff9-8612-f76f20ea6010.jpg?aki_policy=profile_small,https://a0.muscache.com/im/pictures/user/493538c5-dc66-4ff9-8612-f76f20ea6010.jpg?aki_policy=profile_x_medium,Cinecittá,1.0,2.0,"['email', 'phone']",t,f,"Rome, Lazio, Italy",VII San Giovanni/Cinecittà,,41.85843,12.55935,Private room in rental unit,Private room,1,,1 shared bath,2.0,,"[""TV"", ""Hangers"", ""Shampoo"", ""Wifi"", ""Smoking allowed"", ""Elevator"", ""Host greets you"", ""Heating"", ""Breakfast"", ""Kitchen"", ""Hot water"", ""Hair dryer""]",,31,60,31.0,31.0,60.0,60.0,31.0,60.0,,t,0,0,0,0,09/03/25,3,0,0,0,0,0,,11/06/17,20/04/18,5.0,5.0,5.0,5.0,5.0,5.0,4.67,,f,1,0,1,0,0.03
5732,19822145.0,https://www.airbnb.com/rooms/19822145,20250300000000.0,15/03/25,city scrape,in centro a Via Sistina nella casa di Gogol,"Penthouse with large terrace, bright, furnished with care, two bedrooms. Very close to Piazza di Spagna and Trevi fountain. nearby transportation and supermarket","close to parks and monuments, restaurants, cinemas, theater. Supermarkets very close by.",https://a0.muscache.com/pictures/5209ced8-8d6e-4b26-8b02-cedd77fa69a4.jpg,13261908,https://www.airbnb.com/users/show/13261908,Laura,18/03/14,"Rome, Italy","mi piace, sciare andare in barca, giocare a golf, camminare,leggere. non posso fare a meno dei libri di carta.La musica è un prezioso compagno sempre.",within an hour,100%,87%,f,https://a0.muscache.com/im/users/13261908/profile_pic/1406026044/original.jpg?aki_policy=profile_small,https://a0.muscache.com/im/users/13261908/profile_pic/1406026044/original.jpg?aki_policy=profile_x_medium,Colonna,5.0,5.0,"['email', 'phone']",t,t,"Rome, Lazio, Italy",I Centro Storico,,41.90435,12.48664,Entire rental unit,Entire home/apt,3,2.0,2 baths,3.0,3.0,"[""Extra pillows and blankets"", ""Hair dryer"", ""Ethernet connection"", ""TV with standard cable"", ""Oven"", ""Kitchen"", ""Heating"", ""Hangers"", ""Building staff"", ""Microwave"", ""Hot water"", ""Fire extinguisher"", ""Paid parking off premises"", ""Iron"", ""Pets allowed"", ""Essentials"", ""Private entrance"", ""Bed linens"", ""Dishwasher"", ""Elevator"", ""Dishes and silverware"", ""Carbon monoxide alarm"", ""Stove"", ""Wifi"", ""Refrigerator"", ""Cooking basics"", ""Self check-in"", ""Washer""]",$250.00,4,30,4.0,4.0,30.0,30.0,4.0,30.0,,t,0,18,27,175,15/03/25,0,0,0,175,0,0,0.0,,,,,,,,,,IT058091C26EZE5YAQ,f,5,5,0,0,
5742,19840400.0,https://www.airbnb.com/rooms/19840400,20250300000000.0,07/03/25,city scrape,Terrazza al centro,"Downtown penthouse with two  bedrooms, dining room, small kitchen and large terrace. Bright, connected by metro and bus.",very close to the Trevi Fountain and Piazza di Spagna but very quiet,https://a0.muscache.com/pictures/e1470091-afe3-4f9b-9c7d-7c6b06452597.jpg,13261908,https://www.airbnb.com/users/show/13261908,Laura,18/03/14,"Rome, Italy","mi piace, sciare andare in barca, giocare a golf, camminare,leggere. non posso fare a meno dei libri di carta.La musica è un prezioso compagno sempre.",within an hour,100%,87%,f,https://a0.muscache.com/im/users/13261908/profile_pic/1406026044/original.jpg?aki_policy=profile_small,https://a0.muscache.com/im/users/13261908/profile_pic/1406026044/original.jpg?aki_policy=profile_x_medium,Colonna,5.0,5.0,"['email', 'phone']",t,t,"Rome, Lazio, Italy",I Centro Storico,,41.90435,12.48664,Entire rental unit,Entire home/apt,3,2.0,2 baths,2.0,4.0,"[""Paid parking off premises"", ""Dedicated workspace"", ""Bidet"", ""Iron"", ""Fire extinguisher"", ""Hangers"", ""Refrigerator"", ""Ethernet connection"", ""Washer"", ""Self check-in"", ""Clothing storage: closet and dresser"", ""Microwave"", ""Private entrance"", ""Wifi"", ""Coffee maker"", ""Oven"", ""Dishwasher"", ""Stove"", ""Window AC unit"", ""Cleaning products"", ""Drying rack for clothing"", ""Pets allowed"", ""Hot water"", ""Heating"", ""Carbon monoxide alarm"", ""Dishes and silverware"", ""Elevator"", ""Building staff"", ""Bed linens"", ""TV with standard cable"", ""Hair dryer"", ""Essentials"", ""Cooking basics"", ""Extra pillows and blankets"", ""Bathtub"", ""Patio or balcony"", ""Kitchen""]",$180.00,4,30,4.0,4.0,30.0,30.0,4.0,30.0,,t,0,17,17,187,07/03/25,20,10,0,187,9,80,14400.0,18/04/19,15/01/25,4.65,4.7,4.35,4.9,4.9,5.0,4.75,IT058091C26EZE5YAQ,f,5,5,0,0,0.28
5746,19851968.0,https://www.airbnb.com/rooms/19851968,20250300000000.0,12/03/25,city scrape,Lussuoso  attico con terrazze al centro,"Large penthouse with large terrace and two small ones, consisting of living room, studio, living room with sofa bed, double bedrooms, single bedroom, two kitchens, three bathrooms. Public transport 50 meters away (metro and bus): near Piazza di Spagna and Fontana di Trevi, independent heating","Being a stone's throw from Trevi Fountain, Piazza di Spagna and Pincio makes the neighborhood unique. There are supermarkets, pharmacy, shops, restaurants, laundry.",https://a0.muscache.com/pictures/4b393179-28da-4359-ab3a-89e19e063ecd.jpg,13261908,https://www.airbnb.com/users/show/13261908,Laura,18/03/14,"Rome, Italy","mi piace, sciare andare in barca, giocare a golf, camminare,leggere. non posso fare a meno dei libri di carta.La musica è un prezioso compagno sempre.",within an hour,100%,87%,f,https://a0.muscache.com/im/users/13261908/profile_pic/1406026044/original.jpg?aki_policy=profile_small,https://a0.muscache.com/im/users/13261908/profile_pic/1406026044/original.jpg?aki_policy=profile_x_medium,Colonna,5.0,5.0,"['email', 'phone']",t,t,"Rome, Lazio, Italy",I Centro Storico,,41.90435,12.48664,Entire rental unit,Entire home/apt,6,3.0,3 baths,4.0,4.0,"[""Paid parking off premises"", ""Dedicated workspace"", ""Fire extinguisher"", ""Hangers"", ""High chair"", ""Washer"", ""Self check-in"", ""TV"", ""Wifi"", ""Pets allowed"", ""Hot water"", ""Heating"", ""Carbon monoxide alarm"", ""Elevator"", ""Air conditioning"", ""Building staff"", ""Hair dryer"", ""Shampoo"", ""Essentials"", ""Kitchen""]",$296.00,4,30,4.0,4.0,30.0,30.0,4.0,30.0,,t,0,0,0,0,12/03/25,4,1,0,0,2,8,2368.0,15/07/23,15/07/24,4.5,4.75,3.75,5.0,5.0,5.0,4.25,IT058091C26EZE5YAQ,f,5,5,0,0,0.2
5942,20294434.0,https://www.airbnb.com/rooms/20294434,20250300000000.0,06/03/25,city scrape,Camera confortevole con bagno privato,"From March 2019  I wanted to provide a room with a private bathroom finely furnished, ideal for couples and singles.  Renovated apartment, where I live, modern and cozy, fourth floor with elevator. You just have to book the rest I'll  take care of making your stay as comfortable as possible! 🖤<br />I DO NOT SPEAK ENGLISH.<br />! I hope it's not a problem for you! I will do my best to make myself understood!!!!!","located in the heart of a multi-ethnic and unconventional neighborhood a short walk from the renowned Pigneto, which has been a meeting point of youth and Roman ""nightlife"" for a few years and a few kilometers from the historic center.<br /> The accommodation is a mix of hospitality, comfort close to all amenities and leisure.<br />The neighborhood is a concentration of different cultures and is part of an open-air museum project by Street Art: walking you can see over 30 murals made on various buildings.<br />Within the neighborhood there are shops, pizzerias, restaurants, a fast food , 350 meters a Carrefour market open 24 hours a day and San Camillo (clinic) . Parking on my street is free, in close proximity, there are also paid garages open until one at night.<br />located in the heart of a multi-ethnic and unconventional neighborhood, a few steps from the renowned Pigneto,<br />which for some years has become a meeting point for young people and the Roman ""movida"" and a few kilome",https://a0.muscache.com/pictures/9f76f21a-e390-4e34-b412-6047e8f98d93.jpg,144770388,https://www.airbnb.com/users/show/144770388,Laura,07/08/17,"Rome, Italy",,,,90%,f,https://a0.muscache.com/im/pictures/user/012db622-843f-485f-b7bf-2119cc2ad6d8.jpg?aki_policy=profile_small,https://a0.muscache.com/im/pictures/user/012db622-843f-485f-b7bf-2119cc2ad6d8.jpg?aki_policy=profile_x_medium,Tor Pignattara,1.0,1.0,"['email', 'phone']",t,t,"Rome, Lazio, Italy",V Prenestino/Centocelle,,41.87738,12.54208,Private room in rental unit,Private room,2,1.0,1 private bath,1.0,1.0,"[""Dedicated workspace"", ""Iron"", ""Fire extinguisher"", ""Hangers"", ""Refrigerator"", ""Coffee"", ""Ethernet connection"", ""Portable fans"", ""Laundromat nearby"", ""Wifi"", ""HDTV with standard cable"", ""Coffee maker"", ""Free street parking"", ""Host greets you"", ""Hot water kettle"", ""Cleaning products"", ""Lock on bedroom door"", ""Hot water"", ""Smoking allowed"", ""Heating"", ""Carbon monoxide alarm"", ""Dishes and silverware"", ""Courtyard view"", ""Elevator"", ""First aid kit"", ""Bed linens"", ""Shower gel"", ""Conditioner"", ""Hair dryer"", ""Shampoo"", ""Essentials"", ""Clothing storage: closet"", ""Extra pillows and blankets"", ""Patio or balcony"", ""Dove body soap"", ""Room-darkening shades""]",$80.00,2,7,2.0,2.0,7.0,7.0,2.0,7.0,,t,30,60,90,365,06/03/25,57,6,0,301,7,36,2880.0,06/04/19,23/06/24,4.96,4.93,4.93,4.91,4.89,4.18,4.84,IT058091C276ALQUMN,f,1,0,1,0,0.79
6170,21534823.0,https://www.airbnb.com/rooms/21534823,20250300000000.0,12/03/25,city scrape,Holiday in apartment in heart of Roma's old Town,"The apartment is located in the heart of Rome's Old Town,adjacent to the Basilica Santa maria maggiore,Just a 10-minute walk to the colosseo,all attractions are easily reached by two metro lines.In the room you will find all the essential Italian décor, an air conditioning for the summer season, heating in winter and an LCD TV.This apartment is 3 rooms with 2 bathrooms and an open kitchen.<br />The kitchen is equipped with refrigerator,microwave, kettle and cutlery, guests can cooking simple meals","The apartment is located in the heart of Rome's Old Town,adjacent to the Basilica Santa maria maggiore.",https://a0.muscache.com/pictures/hosting/Hosting-U3RheVN1cHBseUxpc3Rpbmc6MjE1MzQ4MjM%3D/original/71a5e7d6-d678-4a9c-9c26-094e2561dcd7.jpeg,93030653,https://www.airbnb.com/users/show/93030653,Mario,01/09/16,Italy,"My name is Mario. I work in the touristic world since 2009. I manage now 2 apartments: HOLIDAY SUNNY ROMA and CLAUDIAHOUSE, in the heart of Rome, just 400m from Termini station and just outside Vittorio Emanuele subway stop.
 I will give you all the tips you need to visit the Eternal city in the best way, according with your time and expectation.
 I don't know if you will have a nice stay with me, but I can promise you I will do all my best with a view to do it!",within a day,100%,0%,f,https://a0.muscache.com/im/pictures/user/327fa87c-3040-498a-af27-dd6022e2234b.jpg?aki_policy=profile_small,https://a0.muscache.com/im/pictures/user/327fa87c-3040-498a-af27-dd6022e2234b.jpg?aki_policy=profile_x_medium,,1.0,6.0,"['email', 'phone']",t,t,"Rome, Lazio, Italy",I Centro Storico,,41.89561,12.50306,Entire rental unit,Entire home/apt,7,2.0,2 baths,3.0,4.0,"[""TV"", ""Fire extinguisher"", ""Hangers"", ""Shampoo"", ""Wifi"", ""Essentials"", ""Refrigerator"", ""Dishes and silverware"", ""Coffee maker"", ""Heating"", ""Private entrance"", ""Hot water kettle"", ""Elevator"", ""Long term stays allowed"", ""Kitchen"", ""Microwave"", ""Hair dryer""]",$291.00,5,1125,5.0,5.0,1125.0,1125.0,5.0,1125.0,,t,27,50,80,260,12/03/25,39,0,0,260,0,0,0.0,02/01/18,25/12/22,4.26,4.54,4.51,4.74,4.46,4.67,4.46,IT058091C2J67GCWLF,f,1,1,0,0,0.45
6188,21570005.0,https://www.airbnb.com/rooms/21570005,20250300000000.0,07/03/25,city scrape,Laura Vatican Family Apartment 1,"The apartments have been renovated with the aim of making all guests feel old and old in their own home! The furnishings are simple and functional and the houses are all equipped with independent heating, air conditioning, kitchens equipped for cooking and equipped with dishwasher.","The apartment is in an area full of restaurants, bars, shops and supermarkets. Nearby is a tourism office where you can turn to visits to the museums and monuments of Rome. A few minutes walk to the Vatican and St. Peter's. Subway and buses are 5 minutes by foot. Piazza del Popolo you can reach it with a 15-minute walk.",https://a0.muscache.com/pictures/8cb6b107-a2cc-40cd-8ff9-376971555e27.jpg,11786917,https://www.airbnb.com/users/show/11786917,Laura,30/01/14,"Rome, Italy",,within an hour,100%,99%,t,https://a0.muscache.com/im/pictures/user/7897ca9e-5093-4428-8f8c-1c3485609e20.jpg?aki_policy=profile_small,https://a0.muscache.com/im/pictures/user/7897ca9e-5093-4428-8f8c-1c3485609e20.jpg?aki_policy=profile_x_medium,Prati,4.0,4.0,"['email', 'phone']",t,t,"Rome, Lazio, Italy",I Centro Storico,,41.90681,12.46148,Entire rental unit,Entire home/apt,4,1.0,1 bath,1.0,1.0,"[""Paid parking off premises"", ""Iron"", ""Smoke alarm"", ""Hangers"", ""Baby bath"", ""Fire extinguisher"", ""Refrigerator"", ""High chair"", ""Paid parking on premises"", ""Changing table"", ""Washer"", ""Microwave"", ""Children\u2019s books and toys"", ""Private entrance"", ""Wifi"", ""HDTV with Amazon Prime Video, Netflix, standard cable"", ""Children\u2019s dinnerware"", ""Pack \u2019n play/Travel crib"", ""Coffee maker"", ""Free street parking"", ""Host greets you"", ""Babysitter recommendations"", ""Outlet covers"", ""Dishwasher"", ""Stove"", ""Long term stays allowed"", ""Luggage dropoff allowed"", ""Hot water"", ""Baby monitor"", ""Heating"", ""Carbon monoxide alarm"", ""Central air conditioning"", ""Single level home"", ""Crib"", ""Dishes and silverware"", ""First aid kit"", ""Bed linens"", ""Hair dryer"", ""Dryer"", ""Shampoo"", ""Essentials"", ""AC - split type ductless system"", ""Cooking basics"", ""Extra pillows and blankets"", ""Bathtub"", ""Game console"", ""Table corner guards"", ""Room-darkening shades"", ""Kitchen""]",$142.00,1,100,1.0,1.0,1125.0,1125.0,1.0,1125.0,,t,10,14,17,125,07/03/25,64,9,1,125,11,54,7668.0,26/11/17,28/02/25,4.95,4.97,4.94,4.98,4.97,4.97,4.92,IT058091B4G8ZRN324,f,3,3,0,0,0.72
6213,21861997.0,https://www.airbnb.com/rooms/21861997,20250300000000.0,06/03/25,city scrape,"Nel cuore di Roma ""Mangani House""","The cute little apartment is part of a villa dating back to the 1920s<br />in a quiet setting of a village of the time.<br />Ideal for a couple, great for its  location, with easily accessible bus and metro stops, located between Batteria Nomentana and Tiburtina station. Recommended for all those looking for a comfortable and cozy stay in a central area of chaotic Rome.  Relaxing perhaps having breakfast in the small private garden available.","Located in a quiet and untrafficked area not far from the Tiburtina Station and Via Nomentana where all the bus stops are located that in about 20 minutes lead to the historic center, and Termini station, also not far from Nomentana station from which you can reach Fiumicino airport.<br />In  Via della Batteria Nomentana, reachable on foot are all the commercial services:shops, supermarket, bars, newspapers, restaurants.<br />Despite being in a central area and in a<br /> the context is similar to that of a small village, at the Mangani villa you can breathe  and live in a human dimension and where you still feel welcomed and integrated into the small community, even living in a chaotic city as is Rome.<br />For those who love to walk in the greenery, there is the nearby park of Acqua Virgo, Villa Torlonia.<br />Villa Leopardi, Villa Paganini",https://a0.muscache.com/pictures/5b215d99-8b9b-4847-9a68-ac7e44a7c81b.jpg,159227949,https://www.airbnb.com/users/show/159227949,Laura,18/11/17,"Rome, Italy",,within an hour,100%,100%,t,https://a0.muscache.com/im/pictures/user/3528fc9f-a53b-45fc-8a2f-6740381d7630.jpg?aki_policy=profile_small,https://a0.muscache.com/im/pictures/user/3528fc9f-a53b-45fc-8a2f-6740381d7630.jpg?aki_policy=profile_x_medium,,1.0,1.0,"['email', 'phone']",t,t,"Rome, Lazio, Italy",IV Tiburtina,,41.92589,12.52859,Entire home,Entire home/apt,2,1.0,1 bath,1.0,1.0,"[""Paid parking off premises"", ""Dedicated workspace"", ""Bidet"", ""Iron"", ""Smoke alarm"", ""Hangers"", ""Mosquito net"", ""Fire extinguisher"", ""Refrigerator"", ""Coffee"", ""Dining table"", ""Altro stainless steel gas stove"", ""Crib - available upon request"", ""Clothing storage: closet and dresser"", ""Microwave"", ""Private entrance"", ""Private backyard \u2013 Not fully fenced"", ""Wifi"", ""Free street parking"", ""Host greets you"", ""Hot water kettle"", ""Board games"", ""Cleaning products"", ""Drying rack for clothing"", ""Blender"", ""Pets allowed"", ""Luggage dropoff allowed"", ""Hot water"", ""Body soap"", ""Pack \u2019n play/Travel crib - available upon request"", ""Carbon monoxide alarm"", ""Single level home"", ""Wine glasses"", ""Dishes and silverware"", ""Outdoor furniture"", ""Central heating"", ""Garden view"", ""First aid kit"", ""Bed linens"", ""Shower gel"", ""Hair dryer"", ""Coffee maker: Nespresso"", ""Shampoo"", ""Essentials"", ""AC - split type ductless system"", ""Cooking basics"", ""Books and reading material"", ""Extra pillows and blankets"", ""Freezer"", ""Outdoor dining area"", ""Room-darkening shades"", ""Kitchen""]",$93.00,2,28,2.0,2.0,1125.0,1125.0,2.0,1125.0,,t,23,52,71,154,06/03/25,122,22,0,154,23,132,12276.0,01/01/18,02/11/24,4.93,4.94,4.85,4.96,4.93,4.58,4.8,IT058091C2UGSOXTZ,f,1,1,0,0,1.4
6271,21669730.0,https://www.airbnb.com/rooms/21669730,20250300000000.0,07/03/25,city scrape,Laura Vatican Family Apartment 2,"The apartment was renovated with the aim of making the guest feel in a cozy and clean environment. Just outside the palace there are many shops, supermarkets and less than 5 minutes on foot you can reach the Vatican. Subway station and bus stops are one block away. The perfect place to spend your holidays or business stays close to well-known restaurants and bars throughout Rome.",The Prati neighborhood is a downtown shopping district just steps from the Vatican and a 10-minute walk from the historic center. Known as a stately neighborhood and crowded with restaurants.,https://a0.muscache.com/pictures/1692bc4b-7ca9-4ea6-b2d1-665a9adab1bc.jpg,11786917,https://www.airbnb.com/users/show/11786917,Laura,30/01/14,"Rome, Italy",,within an hour,100%,99%,t,https://a0.muscache.com/im/pictures/user/7897ca9e-5093-4428-8f8c-1c3485609e20.jpg?aki_policy=profile_small,https://a0.muscache.com/im/pictures/user/7897ca9e-5093-4428-8f8c-1c3485609e20.jpg?aki_policy=profile_x_medium,Prati,4.0,4.0,"['email', 'phone']",t,t,"Rome, Lazio, Italy",I Centro Storico,,41.90891,12.46074,Entire rental unit,Entire home/apt,4,1.0,1 bath,1.0,1.0,"[""Paid parking off premises"", ""Iron"", ""Fire extinguisher"", ""Hangers"", ""Baby bath"", ""Refrigerator"", ""High chair"", ""Paid parking on premises"", ""Changing table"", ""Microwave"", ""Children\u2019s books and toys"", ""Private entrance"", ""HDTV with Amazon Prime Video, Netflix"", ""Wifi"", ""Children\u2019s dinnerware"", ""Pack \u2019n play/Travel crib"", ""Coffee maker"", ""Free street parking"", ""Host greets you"", ""Babysitter recommendations"", ""Dishwasher"", ""Stove"", ""Long term stays allowed"", ""Luggage dropoff allowed"", ""Baby monitor"", ""Hot water"", ""Heating"", ""Central air conditioning"", ""Single level home"", ""Crib"", ""Dishes and silverware"", ""Paid dryer"", ""First aid kit"", ""Bed linens"", ""Hair dryer"", ""Shampoo"", ""Essentials"", ""Cooking basics"", ""Extra pillows and blankets"", ""Room-darkening shades"", ""Kitchen""]",$137.00,2,90,1.0,2.0,1125.0,1125.0,2.0,1125.0,,t,8,17,30,181,07/03/25,92,2,0,178,2,12,1644.0,26/12/17,10/11/24,4.89,4.96,4.95,4.93,4.93,4.93,4.89,IT058091B4IP2M6Q4R,t,3,3,0,0,1.05
6337,22609815.0,https://www.airbnb.com/rooms/22609815,20250300000000.0,06/03/25,city scrape,La casetta di Laura,"Ciao!<br />I'm Laura, and I'm happy to welcome you to my little house at Pigneto, a charming neighborhood in a great location to explore the city!<br />This is a cute studio, perfect for couples and friends. The area is characterized by its liveliness, full of bars, clubs, restaurants, and all the services that can make your stay comfortable. Within a few minutes walk you will find the most trendy neighborhoods in Rome such as Pigneto, Tor Pignattara and Villa Certosa",,https://a0.muscache.com/pictures/miso/Hosting-22609815/original/61bf0ba1-e5f9-45ca-b224-f4e798fbc133.jpeg,29029564,https://www.airbnb.com/users/show/29029564,Laura,09/03/15,"Rome, Italy",,within an hour,100%,97%,t,https://a0.muscache.com/im/users/29029564/profile_pic/1425910721/original.jpg?aki_policy=profile_small,https://a0.muscache.com/im/users/29029564/profile_pic/1425910721/original.jpg?aki_policy=profile_x_medium,Pigneto,1.0,1.0,"['email', 'phone']",t,t,,V Prenestino/Centocelle,,41.88301,12.53743,Entire rental unit,Entire home/apt,2,1.0,1 bath,1.0,0.0,"[""TV"", ""Carbon monoxide alarm"", ""Bidet"", ""Iron"", ""Fire extinguisher"", ""Wifi"", ""Cooking basics"", ""Heating"", ""Air conditioning"", ""Hot water kettle"", ""Washer"", ""Kitchen"", ""Hot water"", ""Hair dryer""]",$67.00,2,29,2.0,3.0,29.0,29.0,2.7,29.0,,t,18,25,30,125,06/03/25,10,10,0,125,9,60,4020.0,06/09/24,03/01/25,5.0,4.8,5.0,5.0,5.0,4.3,4.9,IT058091C2SZFOIILY,f,1,1,0,0,1.65
6363,22660119.0,https://www.airbnb.com/rooms/22660119,20250300000000.0,12/03/25,city scrape,AMAZING VIEW SERENA'S LOFT,"With a SPECTACOLAR VIEW, close piazza Porta Maggiore, near Termini station, SERENA Loft is a super elegant openspace EXTREMELY quite on the 10th floor, very large and modern with a full equipped kitchen and bahroom.<br />Serena Loft and is 10 minutes walking distance from Pigneto e San Lorenzo very trendy areas, where you can meet local people like me, full of restaurants and pubs not expensive at all, and 5 minute distance from tram that every 4 or 5 minutes goes to Colosseo and Trastevere.","My neighborhood is a 10-minute walk from the young university area called San Lorenzo, a neighborhood famous for the bombing during the Second World War, a lively new life full of restaurants where young Roman and Italian students live, a way to explore the city from local people immersing you in the atmosphere of the Roman district of San Lorenzo. About 5 minutes walk you can take the tram 3 which goes through the Colosseum up to Trastevere historical Roman neighborhood . About 20 minutes walk is St. John with its important basilica and metro A which takes you to Piazza di Spagna, Trevi Fountain, as well as Piazza del Popolo to San Pietro. Below the apartment there is a small grocery store and an 8-minute supermarket.",https://a0.muscache.com/pictures/1b8bb96e-93c2-4401-af55-41eb18562773.jpg,166318113,https://www.airbnb.com/users/show/166318113,Serena,07/01/18,"Rome, Italy",,within an hour,100%,100%,f,https://a0.muscache.com/im/pictures/user/9d1e13f6-da9e-4b38-a2f1-7c5717dda762.jpg?aki_policy=profile_small,https://a0.muscache.com/im/pictures/user/9d1e13f6-da9e-4b38-a2f1-7c5717dda762.jpg?aki_policy=profile_x_medium,Esquilino,1.0,1.0,"['email', 'phone']",t,t,"Rome, Lazio, Italy",VII San Giovanni/Cinecittà,,41.88965,12.51903,Entire rental unit,Entire home/apt,4,1.0,1 bath,1.0,1.0,"[""Bidet"", ""Iron"", ""Fire extinguisher"", ""Hangers"", ""Refrigerator"", ""Dining table"", ""Microwave"", ""TV"", ""Wifi"", ""Coffee maker"", ""Free street parking"", ""Host greets you"", ""Oven"", ""Hot water kettle"", ""Stove"", ""Long term stays allowed"", ""Drying rack for clothing"", ""Hot water"", ""Body soap"", ""Smoking allowed"", ""Heating"", ""City skyline view"", ""Dishes and silverware"", ""Elevator"", ""Air conditioning"", ""First aid kit"", ""Bed linens"", ""Ceiling fan"", ""Hair dryer"", ""Essentials"", ""Clothing storage: closet"", ""Cooking basics"", ""Freezer"", ""Kitchen""]",$83.00,2,1125,2.0,2.0,1125.0,1125.0,2.0,1125.0,,t,17,47,77,352,12/03/25,302,48,1,282,54,255,21165.0,19/01/18,16/02/25,4.65,4.74,4.64,4.69,4.75,4.4,4.63,IT058091C24UY9LP3G,t,1,1,0,0,3.47
6412,22758787.0,https://www.airbnb.com/rooms/22758787,20250300000000.0,11/03/25,city scrape,Serena's Nights,"Serena’s Nights  is located on top of the Piccolomini hill in front of the St. Peter cathedral,  just at 15 minutes walking distance from the Vatican City. The apartament has a sleeping room with a  double bed, a living room with double sofa bed and dining area that include a kitchen complete with electric oven and microwave. A terrace with an open view on the centre of Rome and the surrounding mountains completes the flat.",,https://a0.muscache.com/pictures/a581a3f4-d807-4f33-8a4a-77c9c1897812.jpg,7695121,https://www.airbnb.com/users/show/7695121,Serena,24/07/13,"Rome, Italy",,within an hour,100%,100%,t,https://a0.muscache.com/im/pictures/user/51876d40-505b-408c-b4e6-c49621f4a964.jpg?aki_policy=profile_small,https://a0.muscache.com/im/pictures/user/51876d40-505b-408c-b4e6-c49621f4a964.jpg?aki_policy=profile_x_medium,Aurelio,1.0,1.0,"['email', 'phone']",t,t,,XIII Aurelia,,41.89237,12.44299,Entire rental unit,Entire home/apt,4,1.0,1 bath,1.0,2.0,"[""Toaster"", ""Bidet"", ""Iron"", ""Smoke alarm"", ""Hangers"", ""Fire extinguisher"", ""Refrigerator"", ""Housekeeping available from 9:00\u202fAM to 11:30\u202fAM, 3 days a week - available at extra cost"", ""High chair"", ""Coffee"", ""Dining table"", ""Clothing storage: closet and dresser"", ""Microwave"", ""Paid washer \u2013 In building"", ""TV"", ""Children\u2019s books and toys"", ""Laundromat nearby"", ""Private entrance"", ""Wifi"", ""Children\u2019s dinnerware"", ""Coffee maker"", ""Free street parking"", ""Oven"", ""Dishwasher"", ""Stove"", ""Board games"", ""Hot water kettle"", ""Cleaning products"", ""Long term stays allowed"", ""Drying rack for clothing"", ""Luggage dropoff allowed"", ""Hot water"", ""Body soap"", ""Pack \u2019n play/Travel crib - available upon request"", ""Heating"", ""Carbon monoxide alarm"", ""Dishes and silverware"", ""Elevator"", ""Outdoor furniture"", ""Air conditioning"", ""First aid kit"", ""Bed linens"", ""Shower gel"", ""Hair dryer"", ""Baking sheet"", ""Shampoo"", ""Essentials"", ""Cooking basics"", ""Freezer"", ""Books and reading material"", ""Extra pillows and blankets"", ""Outdoor dining area"", ""Patio or balcony"", ""Exterior security cameras on property"", ""Changing table - available upon request"", ""Kitchen""]",$102.00,2,100,2.0,2.0,100.0,100.0,2.0,100.0,,t,4,4,4,4,11/03/25,39,18,0,0,20,108,11016.0,02/04/18,13/12/24,4.92,5.0,4.97,4.97,4.92,4.67,4.82,IT058091C2I92I66TG,f,1,1,0,0,0.46
6508,22994920.0,https://www.airbnb.com/rooms/22994920,20250300000000.0,10/03/25,city scrape,Appartamento Monteverde,"The apartment is located in the Monteverde district where in just 20 minutes, by tram 8, you can reach the city center Piazza Venezia and the Trastevere station, directly connected to Fiumicino airport (about 25 minutes by train). The H bus line arrives in about 30 minutes at Termini station and bus 31 takes you to the Vatican City in 20 minutes. The area is served by numerous shops: supermarkets, restaurants, bars and pizzerias.","A few steps from the apartment is the famous San Giovanni di Dios neighborhood market where you can find fresh produce of all kinds every day. In the neighborhood there are also sites of historical cultural significance such as the Basilica of S.Pancrazio , and the Gianicolo promenade from which you can enjoy one of the most evocative views of the city. <br />The area is served by numerous shops: supermarkets, restaurants, bars and pizzerias.<br />The sites of historical cultural interest and the main tourist areas are quickly reachable: Largo Argentina, Piazza Venezia, the Capitol, Imperial Forums, Colosseum, Circo Massimo, Fontana di Trevi, Piazza di Spagna, Castel s.Angelo, Campo de Fiori, Villa Borghese, San Pietro",https://a0.muscache.com/pictures/07c04f6c-c5b2-4c43-af52-a05eb8e33604.jpg,170504285,https://www.airbnb.com/users/show/170504285,Mario,29/01/18,"Rome, Italy","Insieme a mia moglie Alessandra ci dedichiamo all'accoglienza, al fine di garantirvi una piacevole permanenza. ",within an hour,100%,100%,t,https://a0.muscache.com/im/pictures/user/40abf180-e102-4eb3-8d5c-bd8b779df64c.jpg?aki_policy=profile_small,https://a0.muscache.com/im/pictures/user/40abf180-e102-4eb3-8d5c-bd8b779df64c.jpg?aki_policy=profile_x_medium,Monteverde Nuovo,2.0,3.0,"['email', 'phone']",t,t,"Rome, Lazio, Italy",XII Monte Verde,,41.87219,12.44598,Entire rental unit,Entire home/apt,6,2.0,2 baths,3.0,4.0,"[""Dedicated workspace"", ""Bidet"", ""Iron"", ""Smoke alarm"", ""Hangers"", ""Refrigerator"", ""Portable fans"", ""TV"", ""Private entrance"", ""Wifi"", ""Free street parking"", ""Host greets you"", ""Dishwasher"", ""Hot water"", ""Body soap"", ""Heating"", ""Carbon monoxide alarm"", ""Single level home"", ""Dishes and silverware"", ""Coffee maker: drip coffee maker"", ""First aid kit"", ""Bed linens"", ""Hair dryer"", ""Private patio or balcony"", ""Shampoo"", ""Essentials"", ""Cooking basics"", ""Freezer"", ""Free washer \u2013 In building"", ""Kitchen""]",$140.00,4,20,3.0,4.0,20.0,20.0,4.0,20.0,,t,22,29,41,221,10/03/25,143,20,0,194,20,160,22400.0,04/04/18,01/11/24,4.95,4.94,4.96,4.97,4.98,4.66,4.9,IT058091C2DKZJVH3Z,f,2,2,0,0,1.69
6557,23084502.0,https://www.airbnb.com/rooms/23084502,20250300000000.0,12/03/25,city scrape,See Sunsets and Historic Landmarks from a Central Apartment,"Opening up walls has produced an elegant and flowing apartment while preserving its many charming period details. Antiques and vintage artwork combine with modern furniture for a welcoming feel. Step onto a terra cotta terrace for a dose of sunshine.<br /><br />The palace is an important first XIX century building, home of the first italian central bank Governator. The apartment is almost 140 sqm + 40 sqm terrace. Floors are in marble and parquet.<br /><br />The apartment has:<br /><br />-  a large living room (almost 55 sqm) with confortable table (4 to 8 people), XIX and early XX century forniture, large sofà that becomes a double bed in 10 seconds, Smart TV;<br />-  a terrace 40 sqm terrace open to south east staring at Venice square, Palazzo Kock, Colosseum and Rione Monti's roofs;<br />- a traditional kitchen all Vietri Ceramic;<br />- two bathrooms (one with bathtube, one with shower)<br />- three bedrooms (two with double bed and a third tiny room with two single bed one under t","The apartment is in Central Rome. It overlooks the Colosseum, Palazzo Kock, and charming and traditional Rione Monti neighborhood. Shops, culture, museums, theaters, restaurants, and ancient Roman Empire ruins are all close by.",https://a0.muscache.com/pictures/82f8128d-ae1a-43a0-a47b-774985c0f294.jpg,57973535,https://www.airbnb.com/users/show/57973535,Mario,09/02/16,"Rome, Italy","I've travelled a lot around the world both for job (I'm an entepreneur in the field of renewable energies and climate change) both with my family: Rome is still my favorite. I would like my guests discover the beauties I love of my city: ancient roman sites (Foro Romano, Colosseum), famous buildings (Quirinale, Palazzo Kock), tens of churchs from the medioeval age (San Clemente, Santa Maria Maggiore) to more recent times... and  theathers,  cinema, food, gardens....
 I've been living in the apartment for 12 years and it was the best time in Rome. My hosts will be amazed by the terrace staring on Colosseum, probably one of the best view in Rome.",within an hour,100%,100%,f,https://a0.muscache.com/im/pictures/user/eaa9d31e-5798-437f-b23f-9963cabc9268.jpg?aki_policy=profile_small,https://a0.muscache.com/im/pictures/user/eaa9d31e-5798-437f-b23f-9963cabc9268.jpg?aki_policy=profile_x_medium,Monti,1.0,1.0,"['email', 'phone']",t,t,"Rome, Lazio, Italy",I Centro Storico,,41.89735,12.48884,Entire rental unit,Entire home/apt,8,2.0,2 baths,3.0,3.0,"[""Paid parking off premises"", ""Iron"", ""Smoke alarm"", ""Hangers"", ""Fire extinguisher"", ""Refrigerator"", ""Paid parking on premises"", ""Ethernet connection"", ""Washer"", ""Self check-in"", ""Microwave"", ""Children\u2019s books and toys"", ""Private entrance"", ""Wifi"", ""Coffee maker"", ""Oven"", ""Long term stays allowed"", ""Stove"", ""Pocket wifi"", ""Pets allowed"", ""Luggage dropoff allowed"", ""Hot water"", ""Body soap"", ""Heating"", ""Carbon monoxide alarm"", ""Single level home"", ""Dishes and silverware"", ""Elevator"", ""Air conditioning"", ""Window guards"", ""First aid kit"", ""Building staff"", ""Bed linens"", ""TV with standard cable"", ""Hair dryer"", ""Shampoo"", ""Essentials"", ""Cooking basics"", ""Extra pillows and blankets"", ""Bathtub"", ""Patio or balcony"", ""Table corner guards"", ""Room-darkening shades"", ""Kitchen""]",$333.00,2,1125,1.0,2.0,1125.0,1125.0,2.0,1125.0,,t,13,20,25,260,12/03/25,220,41,0,190,42,246,81918.0,09/04/18,02/01/25,4.57,4.67,4.46,4.79,4.75,4.97,4.49,IT058091C2J5PKG8YU,t,1,1,0,0,2.61
6642,23663012.0,https://www.airbnb.com/rooms/23663012,20250300000000.0,15/03/25,city scrape,Luxury Laura Family apartment Roma,"The house is located in a historic building, in the center, on the penultimate floor and is very bright! There are 2 king size double bedrooms, one double with a double one and a half bed, a studio with a sofa bed and another small single bedroom with a loft bed. I lived there in the house for 5 years and therefore it is equipped with every comfort. Fine oak that you can step on barefoot and antique, French and modern furniture that I hope you will appreciate!","PRATI: Built in the late 1800s after the Unification of Italy Prati is one of the few examples of rational urban planning in Rome. Prati has wide roads, but this does not seem to have benefited the often chaotic traffic. Rich in food and clothing shops (the most important areas are Via Trionfale for food and Via Cola di Rienzo for clothing) Prati offers a wide variety of attractions, from restaurants to cinemas and nightclubs. It is located near San Pietro and not far from the historic center. Public transport is good (both bus and metro) and is a good solution for those who want to be close to the center of Rome, but can not make rentals in the historic center. The apartments are more spacious and cheaper than the historic center and there are residential parking lots as well as numerous parking lots for long stops in private garages.<br />THINGS TO SEE<br />Court of Cassation<br />The Palace of Justice is located between Piazza Cavour and the banks of the Lungotevere and is known by ",https://a0.muscache.com/pictures/miso/Hosting-23663012/original/aeaffd14-dea3-4391-9014-3945ac9b43a9.jpeg,11786917,https://www.airbnb.com/users/show/11786917,Laura,30/01/14,"Rome, Italy",,within an hour,100%,99%,t,https://a0.muscache.com/im/pictures/user/7897ca9e-5093-4428-8f8c-1c3485609e20.jpg?aki_policy=profile_small,https://a0.muscache.com/im/pictures/user/7897ca9e-5093-4428-8f8c-1c3485609e20.jpg?aki_policy=profile_x_medium,Prati,4.0,4.0,"['email', 'phone']",t,t,"Rome, Lazio, Italy",I Centro Storico,,41.90878,12.46573,Entire rental unit,Entire home/apt,6,2.0,2 baths,4.0,4.0,"[""Extra pillows and blankets"", ""Smoke alarm"", ""High chair"", ""Cleaning products"", ""Hair dryer"", ""Central heating"", ""Dedicated workspace"", ""Paid parking on premises"", ""Baking sheet"", ""Crib"", ""First aid kit"", ""Kitchen"", ""Oven"", ""Coffee maker"", ""AC - split type ductless system"", ""Hot water kettle"", ""Room-darkening shades"", ""Hangers"", ""Dining table"", ""Cleaning available during stay"", ""Children\u2019s dinnerware"", ""Books and reading material"", ""Microwave"", ""Hot water"", ""Fire extinguisher"", ""Paid parking off premises"", ""Iron"", ""City skyline view"", ""Clothing storage: walk-in closet, closet, wardrobe, and dresser"", ""Long term stays allowed"", ""HDTV with Amazon Prime Video, Netflix"", ""Drying rack for clothing"", ""Shower gel"", ""Host greets you"", ""Essentials"", ""Pack \u2019n play/Travel crib - available upon request"", ""Private entrance"", ""Bed linens"", ""Dishwasher"", ""Elevator"", ""Wine glasses"", ""Dishes and silverware"", ""Shampoo"", ""Coffee"", ""Babysitter recommendations"", ""Safe"", ""Carbon monoxide alarm"", ""Stove"", ""Body soap"", ""Bidet"", ""Freezer"", ""Wifi"", ""Single level home"", ""Free washer \u2013 In unit"", ""Conditioner"", ""Refrigerator"", ""Children\u2019s books and toys"", ""Cooking basics"", ""Baby bath"", ""Free street parking"", ""Luggage dropoff allowed""]",$344.00,1,90,1.0,1.0,1125.0,1125.0,1.0,1125.0,,t,0,9,11,118,15/03/25,123,32,0,106,31,192,66048.0,16/09/18,02/01/25,4.99,4.99,4.98,4.99,4.98,4.96,4.92,IT058091B4IV8WOBHJ,f,3,3,0,0,1.55
6703,23879399.0,https://www.airbnb.com/rooms/23879399,20250300000000.0,11/03/25,city scrape,Sunny apartment in San Giovanni,Bright and cozy apartment located in a characteristic 40s building at few minutes from San Giovanni and Re di Roma square.,,https://a0.muscache.com/pictures/6e7b1ad6-64a2-402c-bdab-6602cfb4cdc0.jpg,179417106,https://www.airbnb.com/users/show/179417106,Laura,19/03/18,"Rome, Italy",,within a few hours,100%,100%,t,https://a0.muscache.com/im/pictures/user/99c6a9a6-0a9a-479b-b6a5-4aafc66c108e.jpg?aki_policy=profile_small,https://a0.muscache.com/im/pictures/user/99c6a9a6-0a9a-479b-b6a5-4aafc66c108e.jpg?aki_policy=profile_x_medium,San Giovanni,1.0,1.0,['phone'],t,t,,VII San Giovanni/Cinecittà,,41.87833,12.50965,Entire rental unit,Entire home/apt,4,1.0,1 bath,1.0,2.0,"[""TV"", ""Paid parking off premises"", ""Iron"", ""Hangers"", ""Shampoo"", ""Wifi"", ""Essentials"", ""Dishes and silverware"", ""Free street parking"", ""Heating"", ""Elevator"", ""Host greets you"", ""Free washer \u2013 In unit"", ""Kitchen"", ""Hot water"", ""Hair dryer""]",$81.00,5,180,5.0,5.0,180.0,180.0,5.0,180.0,,t,0,0,6,238,11/03/25,77,23,1,169,22,230,18630.0,26/03/18,22/02/25,4.68,4.78,4.71,4.78,4.86,4.69,4.64,IT058091C2RDYKZ556,f,1,1,0,0,0.91
6849,24307718.0,https://www.airbnb.com/rooms/24307718,20250300000000.0,11/03/25,city scrape,Study & work in Trastevere,"Small, nice quite and central loft for people who study or work in Rome and want to enjoy Trastevere. John Cabot University is very close and also the tram n. 8 leads you to Trastevere station that connect you to Muratella ( WFP employees Wind Fao)<br /> <br />Students friendly<br />Excellent fiber Wifi <br />TV<br />Washing machine<br />Air conditioning<br />No oven",,https://a0.muscache.com/pictures/hosting/Hosting-U3RheVN1cHBseUxpc3Rpbmc6MjQzMDc3MTg%3D/original/72e1dbdf-7e4b-4233-b5b7-cc96791005dd.jpeg,4571163,https://www.airbnb.com/users/show/4571163,Laura,03/01/13,"Rome, Italy","Sono una romana innamorata di Roma. Amo far conoscere ed apprezzare la mia città a chi per turismo o per lavoro vuole soggiornare in modo sicuro, piacevole e personalizzato. Ho viaggiato molto con occhio critico al dettaglio e mi piace riuscire ad interpretare i desideri e le esigenze delle persone. Chi ha modo di lavorare con me spero che apprezzi disponibilità, efficienza e professionalità. Il mio maggiore ispiratore è il mio bimbo a cui non smetterò mai di insegnargli che il segreto del proprio successo è fare ogni piccola cosa con grande amore!

I'm a Roman and I'm in love with Rome. I love to spread out and let appreciate my city for who want to stay, for business or leisure,  in a secure, personalized and friendly mood. I traveled with a critical eye to detail and I like to be able to interpret the desires and needs of people. Who has to work with me I hope can appreciate the availability, efficiency and professionalism. My biggest inspiration is my baby that I will never stop teaching him that the secret of success is to do every little thing with great love!
",within an hour,100%,79%,t,https://a0.muscache.com/im/pictures/user/8b1ebd3b-197c-4b67-bf67-16cd2d7abc9b.jpg?aki_policy=profile_small,https://a0.muscache.com/im/pictures/user/8b1ebd3b-197c-4b67-bf67-16cd2d7abc9b.jpg?aki_policy=profile_x_medium,Trastevere,7.0,34.0,"['email', 'phone']",t,t,,I Centro Storico,,41.8863,12.46799,Entire loft,Entire home/apt,2,1.0,1 bath,1.0,1.0,"[""TV"", ""Hangers"", ""Shampoo"", ""Wifi"", ""Essentials"", ""Elevator"", ""Extra pillows and blankets"", ""Air conditioning"", ""Clothing storage"", ""Washer"", ""Bed linens"", ""Kitchen"", ""Hot water"", ""Safe"", ""Heating""]",$60.00,31,1125,31.0,31.0,1125.0,1125.0,31.0,1125.0,,t,4,4,4,4,11/03/25,3,0,0,0,0,0,0.0,15/08/19,25/09/21,4.67,4.67,4.33,5.0,4.67,5.0,4.33,,f,5,5,0,0,0.04
6876,24348934.0,https://www.airbnb.com/rooms/24348934,20250300000000.0,05/03/25,city scrape,B&B 3 CATS IN GARBATELLA - Room+Toilet,5 minutes to Garbatella metro station. We live in this apartment and we rent 1 private room with 2 beds with use of toilette. The room is at the 3rd floor with elevator. No kitchen use.,"Garbatella has quickly became a favourite Roman district thanks to its peculiar architecture, authentic local cuisine and lively laid-back nightlife.",https://a0.muscache.com/pictures/miso/Hosting-24348934/original/4b9f35c1-94d0-4d8b-a34f-11ef16768667.jpeg,20322816,https://www.airbnb.com/users/show/20322816,Laura,20/08/14,"Rome, Italy","Sono Laura da Roma. Sono una guida turistica ufficiale ed  amo la storia, l'arte e la natura. Cultura e relax. ",within an hour,100%,100%,t,https://a0.muscache.com/im/pictures/user/f58d5b5e-9d56-4e6b-aaa0-fad675ec361b.jpg?aki_policy=profile_small,https://a0.muscache.com/im/pictures/user/f58d5b5e-9d56-4e6b-aaa0-fad675ec361b.jpg?aki_policy=profile_x_medium,Garbatella,1.0,1.0,"['email', 'phone']",t,t,"Rome, Lazio, Italy",VIII Appia Antica,,41.86816,12.48436,Private room in bed and breakfast,Private room,3,1.0,1 private bath,1.0,3.0,"[""Dedicated workspace"", ""Bidet"", ""Iron"", ""Fire extinguisher"", ""Hangers"", ""Mosquito net"", ""Refrigerator"", ""Paid parking on premises"", ""Coffee"", ""Dining table"", ""Washer"", ""Mini fridge"", ""Microwave"", ""Laundromat nearby"", ""Coffee maker"", ""Free street parking"", ""Breakfast"", ""Hot water kettle"", ""Long term stays allowed"", ""Host greets you"", ""Cleaning products"", ""Fast wifi \u2013 179 Mbps"", ""Luggage dropoff allowed"", ""Lock on bedroom door"", ""Hot water"", ""Body soap"", ""Smoking allowed"", ""Single level home"", ""Dishes and silverware"", ""Elevator"", ""Window guards"", ""First aid kit"", ""Bed linens"", ""Shower gel"", ""Conditioner"", ""Hair dryer"", ""Shampoo"", ""Essentials"", ""AC - split type ductless system"", ""Cooking basics"", ""Books and reading material"", ""Extra pillows and blankets"", ""Bathtub"", ""Room-darkening shades""]",$78.00,2,1125,2.0,2.0,1125.0,1125.0,2.0,1125.0,,t,18,20,38,111,05/03/25,311,46,4,111,50,255,19890.0,17/06/18,26/02/25,4.86,4.92,4.83,4.95,4.93,4.8,4.82,IT058091C2GVMJQRD8,t,1,0,1,0,3.8
6922,24829066.0,https://www.airbnb.com/rooms/24829066,20250300000000.0,07/03/25,city scrape,Trastevere - Trilussa Studio,"The apartment, located in Piazza Trilussa, the beating heart of Trastevere, has been recently renovated and offers all the comforts for a pleasant stay.","The apartment is located in Piazza Trilussa, the heart of Trastevere and the Roman nightlife, full of restaurants, historical and local trattorias. Ideal starting point for walking, even on foot, places of interest such as San Pietro, Campo de Fiori, Piazza Navona,  Pantheon...",https://a0.muscache.com/pictures/pro_photo_tool/Hosting-24829066-unapproved/original/4f7c0535-499d-4cf9-8c23-73a23b62b74e.JPEG,187629039,https://www.airbnb.com/users/show/187629039,Laura,03/05/18,"Rome, Italy",,within an hour,100%,100%,t,https://a0.muscache.com/im/pictures/user/e294874e-803e-4e37-bd79-c180db98166a.jpg?aki_policy=profile_small,https://a0.muscache.com/im/pictures/user/e294874e-803e-4e37-bd79-c180db98166a.jpg?aki_policy=profile_x_medium,,1.0,1.0,"['email', 'phone']",t,t,"Rome, Lazio, Italy",I Centro Storico,,41.89118,12.46996,Entire rental unit,Entire home/apt,4,1.0,1 bath,1.0,1.0,"[""Iron"", ""Smoke alarm"", ""Hangers"", ""Refrigerator"", ""Washer"", ""Microwave"", ""TV"", ""Wifi"", ""Coffee maker"", ""Host greets you"", ""Hot water"", ""Heating"", ""Carbon monoxide alarm"", ""Dishes and silverware"", ""Air conditioning"", ""First aid kit"", ""Hair dryer"", ""Shampoo"", ""Essentials"", ""Cooking basics"", ""Kitchen""]",$122.00,2,28,2.0,4.0,1125.0,1125.0,2.2,1125.0,,t,1,3,5,145,07/03/25,315,69,2,80,70,255,31110.0,13/05/18,18/02/25,4.98,4.99,4.98,4.98,4.99,4.98,4.95,IT058091C2GCTPSHY5,t,1,1,0,0,3.79
6980,24976201.0,https://www.airbnb.com/rooms/24976201,20250300000000.0,12/03/25,city scrape,CASA LAURA🌼🍀 STANZA INDIPENDENTE NO CUCINA,"PRIVATE ROOM WITH PRIVATE ENTRANCE FROM THE REST OF THE HOUSE, newly renovated and furnished with all comforts, quiet and welcoming. <br />Private bathroom in room with comfortable hot shower. A COMFORTABLE FAN ATTACHED TO THE CEILING for warm Roman summers. Of a clothes hanger with shoe rack and a cabinet to hold your things<br />It is equipped with WiFi . An electric kettle for hot water to make herbal teas and tea available in the room.",Located on the second floor of a historic building <br />(1945) in the heart of San Lorenzo near the Aurelian Walls and at the monumental arch desired by Augustus in the 5th century. A.C. beautiful setting of the neighborhood.,https://a0.muscache.com/pictures/f9cdd31c-9ae8-4a57-87d4-1d5c51c28fc4.jpg,182792659,https://www.airbnb.com/users/show/182792659,Laura,06/04/18,"Rome, Italy","Ciao! Mi chiamo Laura e con me vive anche un piccolo cagnolino di nome Ugo, anche a me piace molto girare il mondo e conoscere le persone e quindi ho deciso di fare entrare a casa mia un po di mondo, non vedo l'ora di conoscervi e di potervi ospitare nella mia casa.
A presto!",within an hour,100%,100%,t,https://a0.muscache.com/im/pictures/user/1eef719d-d198-4de3-9dd6-ea240ac7583a.jpg?aki_policy=profile_small,https://a0.muscache.com/im/pictures/user/1eef719d-d198-4de3-9dd6-ea240ac7583a.jpg?aki_policy=profile_x_medium,San Lorenzo,1.0,1.0,"['email', 'phone']",t,t,"Rome, Lazio, Italy",II Parioli/Nomentano,,41.89572,12.51274,Private room in rental unit,Private room,2,1.0,1 private bath,1.0,1.0,"[""Dedicated workspace"", ""Bidet"", ""Hangers"", ""Refrigerator"", ""Ethernet connection"", ""Mini fridge"", ""Self check-in"", ""Laundromat nearby"", ""Private entrance"", ""Paid parking garage on premises"", ""Wifi"", ""Breakfast"", ""Hot water kettle"", ""Cleaning products"", ""Pets allowed"", ""Luggage dropoff allowed"", ""Lock on bedroom door"", ""Hot water"", ""Heating"", ""First aid kit"", ""Bed linens"", ""Shower gel"", ""Ceiling fan"", ""Conditioner"", ""Lockbox"", ""Hair dryer"", ""Shampoo"", ""Essentials"", ""Clothing storage: closet"", ""Extra pillows and blankets"", ""Paid street parking off premises"", ""Room-darkening shades""]",$68.00,2,20,2.0,2.0,20.0,20.0,2.0,20.0,,t,0,0,0,0,12/03/25,130,23,0,0,23,138,9384.0,09/08/18,03/01/25,4.8,4.89,4.98,4.93,4.85,4.67,4.7,IT058091C2FLWTIF5U,f,1,0,1,0,1.62
7028,25134777.0,https://www.airbnb.com/rooms/25134777,20250300000000.0,11/03/25,city scrape,camera familiare al Vaticano,"the Family room consists of two bedrooms, each with its own door, joined by a hallway where the bathroom is located.<br />both rooms have a wall TV, air conditioning. The bathroom has a shower and a hairdryer.<br />definitely suitable for families with children as you can leave the two doors open and close the access door from the hallway.","vatican area, well connected by public transit, both bus and metro",https://a0.muscache.com/pictures/f75c520f-7a1f-4808-9f78-3572565be3c2.jpg,139716,https://www.airbnb.com/users/show/139716,Laura,07/06/10,"Rome, Italy","Mi piace diffondere allegria e cordialità
negli anni ho fatto della mia ospitalità la mia missione. conoscere nuove persone, confrontarsi e far sentire i propri ospiti a casa loro
questo è quello che faccio. 
credo nei rapporti umani ed effettivamente ho conosciuto molte persone e soprattutto molte belle persone, che danno un senso al mio lavoro.
amo la musica ma soprattutto il mare. Roma è la città più bella del mondo ma non lo sarebbe così tanto se non avesse il mare a due passi!
ho una bellissima famiglia e alcuni amici con i quali valga la pena spendere il proprio tempo libero e fare belle esperienze.
Vi aspetto... ",within an hour,100%,100%,f,https://a0.muscache.com/im/users/139716/profile_pic/1371218423/original.jpg?aki_policy=profile_small,https://a0.muscache.com/im/users/139716/profile_pic/1371218423/original.jpg?aki_policy=profile_x_medium,Aurelio,10.0,10.0,"['email', 'phone']",t,t,"Rome, Lazio, Italy",XIII Aurelia,,41.89901,12.44325,Private room in bed and breakfast,Private room,5,1.0,1 private bath,2.0,4.0,"[""Fire extinguisher"", ""Hangers"", ""TV"", ""Private entrance"", ""Wifi"", ""Free street parking"", ""Breakfast"", ""Long term stays allowed"", ""Luggage dropoff allowed"", ""Pets allowed"", ""Hot water"", ""Heating"", ""Elevator"", ""Air conditioning"", ""First aid kit"", ""Hair dryer"", ""Essentials"", ""Free parking on premises"", ""Exterior security cameras on property""]",$138.00,1,100,1.0,3.0,1125.0,1125.0,1.3,1125.0,,t,19,43,70,259,11/03/25,37,5,0,258,5,30,4140.0,25/07/18,19/11/24,4.22,4.41,4.51,4.43,4.51,4.7,4.3,IT058091B4V7AQ9K7J,t,10,4,6,0,0.46
7145,26058959.0,https://www.airbnb.com/rooms/26058959,20250300000000.0,06/03/25,city scrape,Romantic flat near Metro Flaminio ALSO LONG TERM,"Perfect cozy apartment for 4 persons in a safe quiet elegant neighborhood, near the Lungotevere and well connected to the city center by tram number 2 that gets in Piazza del Popolo-Metro stop Flaminio in 5 minutes. Nearby the MAXXXI Museum, the Music Auditorium, Ponte Milvio, the Foro Italico for International Tennis Cup; just near the front door you can find nice eateries, pizzerias take away, lots of cafes, supermarkets, markets for fresh vegetables, ATM, shops, bus and tram stops, pharmacy","Safe, quiet, elegant neighborhood, near the Lungotevere and well connected to the city center by tram number 2 that gets in Piazza del Popolo-Metro stop Flaminio in 5 minutes.",https://a0.muscache.com/pictures/51760576-db19-4956-bdc7-f0cde8fe895c.jpg,195836473,https://www.airbnb.com/users/show/195836473,Laura,15/06/18,,"Hello, I live in Rome and I think I'm lucky to enjoy such an amazing city like this.
Every day is a sunny day, in winter too!
If you like eating, walking, visiting good museums as me, come to my city and you'll never want to go back home.",within an hour,100%,100%,t,https://a0.muscache.com/im/pictures/user/f20c8e85-0d9e-4d5e-bd3e-dbf813b3c88a.jpg?aki_policy=profile_small,https://a0.muscache.com/im/pictures/user/f20c8e85-0d9e-4d5e-bd3e-dbf813b3c88a.jpg?aki_policy=profile_x_medium,,1.0,1.0,"['email', 'phone']",t,t,"Rome, Lazio, Italy",II Parioli/Nomentano,,41.92425,12.46981,Entire vacation home,Entire home/apt,4,1.0,1 bath,1.0,1.0,"[""Paid parking off premises"", ""Bidet"", ""Iron"", ""Smoke alarm"", ""Hangers"", ""Fire extinguisher"", ""Refrigerator"", ""Coffee"", ""Washer"", ""TV"", ""Wifi"", ""Coffee maker"", ""Oven"", ""Dishwasher"", ""Stove"", ""Hot water kettle"", ""Long term stays allowed"", ""Hot water"", ""Heating"", ""Carbon monoxide alarm"", ""Dishes and silverware"", ""Elevator"", ""Air conditioning"", ""First aid kit"", ""Bed linens"", ""Hair dryer"", ""Private patio or balcony"", ""Shampoo"", ""Essentials"", ""Cooking basics"", ""Freezer"", ""Extra pillows and blankets"", ""Kitchen""]","$2,146.00",2,28,1.0,3.0,1125.0,1125.0,2.0,1125.0,,t,23,48,78,349,06/03/25,93,12,0,285,12,72,154512.0,24/07/18,16/11/24,4.76,4.91,4.78,4.86,4.88,4.84,4.76,IT058091B4QH85B3Q6,t,1,1,0,0,1.15
7158,26119281.0,https://www.airbnb.com/rooms/26119281,20250300000000.0,06/03/25,city scrape,A Casa di Gì,A delightful two-room apartment located in the San Giovanni neighborhood. The apartment is five minutes walking from the metro A line (Furio Camillo) in a charming square near the characteristic Roman market of Alberone. The apartment has just been renovated in a modern style and is equipped with all the necessary comforts to make your stay remarkable.,"The apartment's location is perfect if you are looking for a quiet and safe neighbourhood, a metro ride away (and 10 minutes only) from the core city center. This is a typical Roman neighborhood where under the house there are many shops, restaurants and other services. You can buy fresh meat, fruit and vegetables from the local “Alberone market” which is open from Monday to Saturday mornings. A short walk to San Giovanni church and the Caffarella Park.",https://a0.muscache.com/pictures/hosting/Hosting-26119281/original/9aa32c8a-21e3-41f2-a379-b6fca7a9fc2d.jpeg,162285215,https://www.airbnb.com/users/show/162285215,Serena,11/12/17,"Rome, Italy",,within an hour,100%,100%,t,https://a0.muscache.com/im/pictures/user/f7d673a7-ca41-4cd3-82c9-459521f5b4c4.jpg?aki_policy=profile_small,https://a0.muscache.com/im/pictures/user/f7d673a7-ca41-4cd3-82c9-459521f5b4c4.jpg?aki_policy=profile_x_medium,San Giovanni,1.0,1.0,"['email', 'phone']",t,t,"Rome, Lazio, Italy",VII San Giovanni/Cinecittà,,41.87399,12.51887,Entire rental unit,Entire home/apt,4,1.0,1 bath,1.0,2.0,"[""Paid parking off premises"", ""Dedicated workspace"", ""Iron"", ""Fire extinguisher"", ""Hangers"", ""Refrigerator"", ""Self check-in"", ""TV"", ""Private entrance"", ""Altro induction stove"", ""Wifi"", ""Children\u2019s dinnerware"", ""Coffee maker"", ""Free street parking"", ""Host greets you"", ""Oven"", ""Dishwasher"", ""Long term stays allowed"", ""Free washer \u2013 In unit"", ""Drying rack for clothing"", ""Hot water"", ""Heating"", ""Carbon monoxide alarm"", ""Central air conditioning"", ""Wine glasses"", ""Dishes and silverware"", ""First aid kit"", ""Lockbox"", ""Hair dryer"", ""Essentials"", ""Cooking basics"", ""Freezer"", ""Extra pillows and blankets"", ""Kitchen""]",$53.00,3,29,2.0,5.0,1125.0,1125.0,3.3,1125.0,,t,16,21,29,300,06/03/25,143,32,1,236,30,192,10176.0,23/06/18,12/02/25,4.87,4.89,4.92,4.78,4.88,4.64,4.81,IT058091C2PDVIRZ85,t,1,1,0,0,1.75
7369,27188637.0,https://www.airbnb.com/rooms/27188637,20250300000000.0,06/03/25,city scrape,Gianicolo wonderful view,"The apartment is in a magnificent panoramic position from which you have a lovely view of Rome from above. It is a very quiet residential area 2 minutes away from shops and amenities. In 5 minutes you can walk to Trastevere with a nice walk in the green.<br />The apartment has just been renovated and is completely new in all the furnishings; it has a beautiful panoramic terrace over Rome furnished with table and tent,  perfect for breakfast, lunch and dinner.","Monte Verde is a residential district and very quiet.In 5 minutes you can reach however shops, restaurants, bars and supermarkets",https://a0.muscache.com/pictures/bbb659ca-9adc-4f8a-bc00-007dc58d0da5.jpg,204723539,https://www.airbnb.com/users/show/204723539,Laura,24/07/18,,,within a few hours,100%,71%,t,https://a0.muscache.com/im/pictures/user/a92bbeba-1900-4514-8e48-8dc482a4d7cd.jpg?aki_policy=profile_small,https://a0.muscache.com/im/pictures/user/a92bbeba-1900-4514-8e48-8dc482a4d7cd.jpg?aki_policy=profile_x_medium,,1.0,1.0,"['email', 'phone']",t,t,"Rome, Lazio, Italy",XII Monte Verde,,41.87792,12.46527,Entire rental unit,Entire home/apt,4,1.0,1 bath,1.0,2.0,"[""Iron"", ""Hangers"", ""Refrigerator"", ""Kitchen"", ""Washer"", ""Self check-in"", ""TV"", ""Wifi"", ""Coffee maker"", ""Free street parking"", ""Dishwasher"", ""Stove"", ""Long term stays allowed"", ""Hot water"", ""Smoking allowed"", ""Heating"", ""Dishes and silverware"", ""Lockbox"", ""Hair dryer"", ""Private patio or balcony"", ""Shampoo"", ""Essentials"", ""Cooking basics"", ""Oven""]",$117.00,10,30,10.0,24.0,30.0,30.0,10.9,30.0,,t,5,18,36,281,06/03/25,31,4,0,217,4,80,9360.0,14/09/18,04/01/25,4.87,4.87,4.94,4.9,4.84,4.55,4.65,IT058091C2XR58GGYZ,f,1,1,0,0,0.39
7868,29894033.0,https://www.airbnb.com/rooms/29894033,20250300000000.0,07/03/25,city scrape,A due passi dai Musei Vaticani,"Delightful 68 sqm two-room apartment in the center of Rome, a few steps from the Vatican Museums and close to bus and metro stops line A. Located on the basement floor, in a very quiet street, the apartment is finely renovated and equipped with: free WI-FI, air conditioning, bed and bath linen, microwave oven, washing machine, hairdryer,iron. It consists of a bedroom with a double bed,  living area with kitchenette, sofa bed with single beds and a large bathroom with shower.","The Prati district is one of the most exclusive neighborhoods in Rome, quiet and very well served, full of supermarkets, restaurants, clubs and shops of all kinds. You can walk to the Vatican, Castel Sant'Angelo and walk through the neighborhood's shopping streets (Via Cola di Rienzo, Ottaviano..) . For those interested, you can also reach the Stadium in 20 minutes by foot.",https://a0.muscache.com/pictures/29448583-da86-4dcb-bb66-d59ac6337f5a.jpg,224789098,https://www.airbnb.com/users/show/224789098,Laura,08/11/18,"Rome, Italy",,within an hour,100%,100%,f,https://a0.muscache.com/im/pictures/user/b9bdc8b4-cf6c-4195-9ead-e5bb41bf4f28.jpg?aki_policy=profile_small,https://a0.muscache.com/im/pictures/user/b9bdc8b4-cf6c-4195-9ead-e5bb41bf4f28.jpg?aki_policy=profile_x_medium,Prati,1.0,1.0,"['email', 'phone']",t,t,"Rome, Lazio, Italy",I Centro Storico,,41.91513,12.45461,Entire rental unit,Entire home/apt,3,1.0,1 bath,1.0,2.0,"[""Iron"", ""Fire extinguisher"", ""Hangers"", ""Refrigerator"", ""Paid parking on premises"", ""Microwave"", ""TV"", ""Children\u2019s books and toys"", ""Private entrance"", ""Wifi"", ""Children\u2019s dinnerware"", ""Coffee maker"", ""Free street parking"", ""Host greets you"", ""Free washer \u2013 In unit"", ""Hot water"", ""Heating"", ""Carbon monoxide alarm"", ""Crib"", ""Dishes and silverware"", ""Elevator"", ""Air conditioning"", ""First aid kit"", ""Bed linens"", ""Hair dryer"", ""Shampoo"", ""Essentials"", ""Cooking basics"", ""Extra pillows and blankets"", ""Kitchen""]",$88.00,3,28,3.0,3.0,1125.0,1125.0,3.0,1125.0,,t,7,11,17,149,07/03/25,8,2,0,149,3,12,1056.0,16/04/19,24/09/24,4.88,4.88,5.0,5.0,5.0,4.88,5.0,IT058091C29KR69CCF,t,1,1,0,0,0.11
7975,30205582.0,https://www.airbnb.com/rooms/30205582,20250300000000.0,10/03/25,previous scrape,"Roma, a 1 passo dalla Metropolitana","Cleaning fee on site €75.<br />Tourist tax €6 pp and per night. <br />2 double bedrooms, 1 bedroom with 2 single beds, 2 bathrooms for exclusive use, possible discounts for partial use of the apartment.<br />Kitchen with balcony. <br />First floor without elevator. <br />Possibility of an additional cot. <br />100 meters from the metro line A terminus, direct line to the historic center. 100 meters from the bus station for Rome and province and towards the airport of Ciampino. Complimentary Wi-Fi.","The area is a quiet residential area, it is very fortunate to be close to the terminus (Anagnina stop) of the Metro Line A Station, from which you can reach any area of Rome and which is direct line to the Historic Center and the Train Station (Termini), and close to the grain (Great ring fitting, a free highway ring that revolves all around Rome), so also renting a car, and near the Anagnina Station there is the possibility of renting machines, it is immediately easy to move around the various mete even in the car.<br />Atral buses also depart from Anagnina station for Ciampino Airport.",https://a0.muscache.com/pictures/90ae263f-e273-44c5-9b40-e6d11954aa91.jpg,226790932,https://www.airbnb.com/users/show/226790932,Laura,21/11/18,"Rome, Italy",,,,,f,https://a0.muscache.com/im/pictures/user/7608b66b-3d05-49a6-acbd-9a8571f9ec09.jpg?aki_policy=profile_small,https://a0.muscache.com/im/pictures/user/7608b66b-3d05-49a6-acbd-9a8571f9ec09.jpg?aki_policy=profile_x_medium,,1.0,2.0,"['email', 'phone']",t,t,"Rome, Lazio, Italy",VII San Giovanni/Cinecittà,,41.84024,12.58582,Entire rental unit,Entire home/apt,6,,2 baths,3.0,,"[""Carbon monoxide alarm"", ""Iron"", ""Fire extinguisher"", ""Hangers"", ""Shampoo"", ""Wifi"", ""Essentials"", ""Private entrance"", ""Free parking on premises"", ""Heating"", ""Air conditioning"", ""Smart lock"", ""Washer"", ""Self check-in"", ""Kitchen"", ""Hot water"", ""First aid kit"", ""Hair dryer""]",,31,60,31.0,31.0,60.0,60.0,31.0,60.0,,t,0,0,0,0,10/03/25,2,0,0,0,0,0,,03/01/19,29/10/21,5.0,5.0,5.0,5.0,5.0,5.0,5.0,,f,1,1,0,0,0.03
8231,31476548.0,https://www.airbnb.com/rooms/31476548,20250300000000.0,05/03/25,city scrape,"Gea, beautiful room in cozy, clean flat.","10 min by bus you can get to Piazza Venezia or Colosseum. All shops, gym, many trendy&local restaurants and cafes walking distance. <br />30min from beaches of Ostia and Fiumicino airport by direct train. <br />5 min away from metro B line Piramide stop.<br />EATALY is 5 min walking away where you can eat and shop the most quality Italian food from 9 am to midnight.<br />There is big supermarket open 7/24m just 2 min walking.","It used to be an industrial area until late 80s. <br />Now all the factories have became museums, cultural centers, shops, restaurants, university buildings. <br />It's next to well known Testaccio, Garbatella, Aventino, S.Saba and S.Paolo. <br />It's quite lively especially weekend nights. <br />You can have great time in the excellently located flat. <br />Capitolino Museums and Basilica di S.Paolo which is one of the four big churches of Rome is 15 min walking distance. <br />The only Roman Piramid left from Roman times is just around the corner, next to Protestant cemetery which is one of the most poetic place to visit in the city. There is lovely small museum with free entrance on the Porta San Paolo.",https://a0.muscache.com/pictures/b3b8b616-c708-477e-858b-fa5233d78188.jpg,3047,https://www.airbnb.com/users/show/3047,Elif,18/09/08,"Rome, Italy","I am a Turkish-Italian who was born in Istanbul, travelled in different countries for livning or  visiting  and has been living in Rome since 1998. I live with my three daughters. We speak Turkish, English, Italian, Spanish.
We love traveling and meeting new people. When we are on holiday we don't like staying in the hotels and feeling like a tourist so we rather prefer living in local people's houses and feel like the real life or the place. That's also why we opened our house to people to make them comfortable and feel like locals while they are in Rome.
If you want to come to Rome and feel comfortably as your own home, meet other housemates, live in a non touristic neighborhood but in the same time, be very close to down town, you are in the right place!
Looking forward to meeting you!
",within a few hours,100%,0%,f,https://a0.muscache.com/im/pictures/user/User/original/eb5d16fa-235d-4523-a442-cd2cfcae6bf7.jpeg?aki_policy=profile_small,https://a0.muscache.com/im/pictures/user/User/original/eb5d16fa-235d-4523-a442-cd2cfcae6bf7.jpeg?aki_policy=profile_x_medium,Testaccio,7.0,7.0,"['email', 'phone']",t,t,"Rome, Lazio, Italy",VIII Appia Antica,,41.87173,12.48261,Private room in condo,Private room,2,2.0,2 shared baths,0.0,1.0,"[""Bidet"", ""Iron"", ""Hangers"", ""Refrigerator"", ""Dining table"", ""Washer"", ""Microwave"", ""Laundromat nearby"", ""Wifi"", ""Coffee maker"", ""Free street parking"", ""Oven"", ""Hot water kettle"", ""Stove"", ""Long term stays allowed"", ""Cleaning products"", ""Drying rack for clothing"", ""Blender"", ""Luggage dropoff allowed"", ""Hot water"", ""Heating"", ""Dishes and silverware"", ""Elevator"", ""Cleaning available during stay"", ""Bed linens"", ""Hair dryer"", ""Dryer"", ""Shampoo"", ""Cooking basics"", ""Freezer"", ""Free parking on premises"", ""Outdoor dining area"", ""Patio or balcony"", ""Kitchen""]",$61.00,31,1125,31.0,31.0,1125.0,1125.0,31.0,1125.0,,t,29,59,89,364,05/03/25,13,0,0,301,0,0,0.0,25/01/19,25/05/23,4.54,4.62,4.31,4.46,4.54,4.46,4.31,,f,6,0,6,0,0.17
8290,31978670.0,https://www.airbnb.com/rooms/31978670,20250300000000.0,10/03/25,city scrape,Artist studio in the hearth of Pigneto,"Welcome to my studio! I'm an illustrator and when I travel for work I like to open my doors to guests!<br />The apartment is bright and equipped with all the comforts, it is located in the Pigneto neighborhood, lively  and well connected to the center.<br />Welcome to my home studio! I'm an illustrator and when I travel I like to open my doors to guests!<br />The apartment is bright and equipped with all comforts, located in Pigneto district, beautiful and well connected to the center by metro and bus.","The neighborhood is rich in history and characteristic from an architectural point of view, ideal for those who want to stay near the center and be in a well-served area. Throughout the year it is animated by numerous events, exhibitions and concerts. Cooking enthusiasts should know that in addition to traditional Roman trattorias and pizzerias, Pigneto has a good supply of ethnic cuisine.<br /><br />The district characteristic and full of history,  ideal for those who want to stay near the center and stay in a well served area. Throughout the year it is animated by numerous events, exhibitions and concerts. Cooking enthusiasts must know that in addition to traditional Roman trattorias and pizzerias, Pigneto has a good offer of ethnic cuisine.",https://a0.muscache.com/pictures/miso/Hosting-31978670/original/766f01a3-c6d2-40a0-abac-b7ebf1015d2b.jpeg,138192806,https://www.airbnb.com/users/show/138192806,Laura,02/07/17,"Rome, Italy","Romana, illustratrice e amante dell'arte e dei gatti.",,,100%,f,https://a0.muscache.com/im/pictures/user/36d3a4f4-860c-4c4f-8765-413242275ae2.jpg?aki_policy=profile_small,https://a0.muscache.com/im/pictures/user/36d3a4f4-860c-4c4f-8765-413242275ae2.jpg?aki_policy=profile_x_medium,Pigneto,1.0,1.0,"['email', 'phone']",t,t,"Rome, Lazio, Italy",V Prenestino/Centocelle,,41.89102,12.53558,Entire rental unit,Entire home/apt,2,1.0,1 bath,1.0,2.0,"[""Dedicated workspace"", ""Bidet"", ""Refrigerator"", ""Mosquito net"", ""Dining table"", ""Washer"", ""Self check-in"", ""Wifi"", ""Coffee maker"", ""Breakfast"", ""Oven"", ""Dishwasher"", ""Stove"", ""Cleaning products"", ""Drying rack for clothing"", ""Hot water"", ""Heating"", ""Dishes and silverware"", ""Air conditioning"", ""Bed linens"", ""Lockbox"", ""Hair dryer"", ""Essentials"", ""Clothing storage: closet"", ""Cooking basics"", ""Freezer"", ""Extra pillows and blankets"", ""Room-darkening shades"", ""Kitchen""]",$99.00,14,28,3.0,14.0,28.0,28.0,12.8,28.0,,t,8,22,22,22,10/03/25,26,1,0,22,1,28,2772.0,19/03/19,31/07/24,4.92,4.92,4.88,4.92,4.88,4.81,4.77,IT058091C2NQ434BA2,f,1,1,0,0,0.36
8342,32229394.0,https://www.airbnb.com/rooms/32229394,20250300000000.0,10/03/25,city scrape,Loft Torpignattara Roma - Urbino33,"Cozy 29m2 loft on the ground floor, ideal for couples or small families. Equipped with a double bed and a sofa that opens up into a double bed. The kitchen is fully equipped with a microwave. Free Wi-Fi available. Located in the Torpignattara district, well connected to public transport and close to the main attractions of Rome. Restaurants and shops within walking distance.<br />CIN IT058091C2T78CDFWX","Located in Torpignattara district, just a few minutes from the city center, the district is characterized by the presence of numerous street art works.",https://a0.muscache.com/pictures/1df33f9b-fb99-4d68-8e84-a9c7fa5dfb60.jpg,241717469,https://www.airbnb.com/users/show/241717469,Mario,07/02/19,"Rome, Italy",,,,100%,f,https://a0.muscache.com/im/pictures/user/788ab240-0a2f-49af-a042-2f0d7fa04041.jpg?aki_policy=profile_small,https://a0.muscache.com/im/pictures/user/788ab240-0a2f-49af-a042-2f0d7fa04041.jpg?aki_policy=profile_x_medium,Tor Pignattara,2.0,3.0,"['email', 'phone']",t,t,"Rome, Lazio, Italy",V Prenestino/Centocelle,,41.87819,12.54048,Entire rental unit,Entire home/apt,3,1.0,1 bath,1.0,2.0,"[""Smoke alarm"", ""Hangers"", ""Refrigerator"", ""Microwave"", ""TV"", ""Private entrance"", ""Wifi"", ""Coffee maker"", ""Free street parking"", ""Host greets you"", ""Babysitter recommendations"", ""Long term stays allowed"", ""Luggage dropoff allowed"", ""Hot water"", ""Heating"", ""Carbon monoxide alarm"", ""Dishes and silverware"", ""Air conditioning"", ""Bed linens"", ""Hair dryer"", ""Shampoo"", ""Essentials"", ""Extra pillows and blankets"", ""Kitchen""]",$130.00,2,31,1.0,3.0,999.0,999.0,2.6,999.0,,t,29,59,89,364,10/03/25,13,0,0,296,0,0,0.0,16/02/19,23/06/22,4.77,5.0,5.0,4.85,4.77,4.69,4.69,IT058091C2T78CDFWX,f,2,2,0,0,0.18
8359,32276459.0,https://www.airbnb.com/rooms/32276459,20250300000000.0,06/03/25,city scrape,Private apartment with kitchen in Torpignattara,"Cozy and functional studio apartment, located on the ground floor in the Torpignattara district. Perfect for couples, it offers a very comfortable memory foam double bed. The kitchen is fully equipped, including microwave and crockery, ideal for those who love to cook on holiday. Free Wi-Fi to stay connected. A few steps from restaurants, shops and well connected to public transport, with easy access to the historic center and the main attractions of Rome.<br />CIN IT058091C2T78CDFWX","Located in Torpignattara district, just a few minutes from the city center, the district is characterized by the presence of numerous street art works.",https://a0.muscache.com/pictures/04b7e9a7-787c-4ef0-a6e1-4b83ed69f0a9.jpg,241717469,https://www.airbnb.com/users/show/241717469,Mario,07/02/19,"Rome, Italy",,,,100%,f,https://a0.muscache.com/im/pictures/user/788ab240-0a2f-49af-a042-2f0d7fa04041.jpg?aki_policy=profile_small,https://a0.muscache.com/im/pictures/user/788ab240-0a2f-49af-a042-2f0d7fa04041.jpg?aki_policy=profile_x_medium,Tor Pignattara,2.0,3.0,"['email', 'phone']",t,t,"Rome, Lazio, Italy",V Prenestino/Centocelle,,41.87822,12.54043,Entire rental unit,Entire home/apt,2,1.0,1 bath,1.0,1.0,"[""Smoke alarm"", ""Hangers"", ""Refrigerator"", ""Microwave"", ""TV"", ""Private entrance"", ""Wifi"", ""Coffee maker"", ""Free street parking"", ""Host greets you"", ""Babysitter recommendations"", ""Stove"", ""Long term stays allowed"", ""Luggage dropoff allowed"", ""Hot water"", ""Heating"", ""Carbon monoxide alarm"", ""Dishes and silverware"", ""Air conditioning"", ""Bed linens"", ""Hair dryer"", ""Shampoo"", ""Essentials"", ""Cooking basics"", ""Extra pillows and blankets"", ""Kitchen""]",$118.00,2,31,1.0,3.0,999.0,999.0,2.6,999.0,,t,30,60,90,365,06/03/25,21,1,0,301,1,6,708.0,24/02/19,23/09/24,4.62,4.95,5.0,4.9,4.81,3.95,4.48,IT058091C2T78CDFWX,f,2,2,0,0,0.29
8366,32097316.0,https://www.airbnb.com/rooms/32097316,20250300000000.0,15/03/25,city scrape,DolceLife,"Double room with independent access, quiet, equipped with bathroom with shower, TV, wifi, air conditioning, essential custom built kitchenette in closet, located in luxury building with concierge",,https://a0.muscache.com/pictures/b595ef05-35be-4380-aa16-9eab7c41c296.jpg,240757270,https://www.airbnb.com/users/show/240757270,Mario,03/02/19,,,within an hour,100%,100%,f,https://a0.muscache.com/im/pictures/user/d2e47d74-0bb8-44c7-8f17-deb2c91223d8.jpg?aki_policy=profile_small,https://a0.muscache.com/im/pictures/user/d2e47d74-0bb8-44c7-8f17-deb2c91223d8.jpg?aki_policy=profile_x_medium,Ludovisi,4.0,4.0,"['email', 'phone']",t,t,,I Centro Storico,,41.90797,12.49351,Entire rental unit,Entire home/apt,2,1.0,1 bath,0.0,1.0,"[""Cleaning products"", ""Air conditioning"", ""Hair dryer"", ""Coffee maker: espresso machine"", ""Clothing storage: closet"", ""Heating"", ""Hot water kettle"", ""Hangers"", ""Hot water"", ""Paid parking off premises"", ""Iron"", ""Host greets you"", ""Essentials"", ""Bed linens"", ""Dishes and silverware"", ""Shampoo"", ""HDTV with Amazon Prime Video, Apple TV, Netflix"", ""Other induction stove"", ""Bidet"", ""Wifi"", ""Single level home"", ""Refrigerator""]",$62.00,3,1125,1.0,3.0,1125.0,1125.0,3.0,1125.0,,t,16,30,52,52,15/03/25,220,39,2,52,41,234,14508.0,16/02/19,09/03/25,4.48,4.59,4.56,4.8,4.85,4.76,4.42,IT058091C2MJHONAQ9,t,4,4,0,0,2.97
8438,32489030.0,https://www.airbnb.com/rooms/32489030,20250300000000.0,06/03/25,city scrape,Elegant Apartment Rome,"Apartment located in the historic Dolce Vita district just minutes from all the main points of interest in the city. It can host up to 4 people and is equipped with all comforts such as Wi-fi, air conditioning, LCD TV, kitchen utensils, washing machine, dishwasher, household linen, courtesy set and the necessary to spend fantastic days in the most beautiful City of the world.","Ludovisi  / Via Veneto District is one of the most beautiful areas of the capital renowned for great hotels, restaurants and clubs of all kinds, the true heart of the Dolce Vita of the 60s. Located next to the beautiful Villa Borghese with its gardens and works of art will leave you speechless. You can also rent bicycles and live a truly unique experience. Barberini Square can be reached in 5 minutes on foot and from there you will have all of Rome its beauty within easy reach.",https://a0.muscache.com/pictures/449f6b5c-9252-4cdb-9a28-76ec79fb06c2.jpg,243868421,https://www.airbnb.com/users/show/243868421,Laura,18/02/19,"Rome, Italy","Mi chiamo Laura, lavoro nel turismo da circa 20 anni, sono una event & wedding planner, amo prendermi cura dei miei turisti.. Quando  soggiornano nel mio appartamento cerco di farli sentire subito a proprio agio e cerco di soddisfare al meglio le loro richieste ,è molto importante che quando vanno via siano contenti del  loro viaggio nella bellissima città eterna.. Anche per questo amo viaggiare,conoscere sempre nuove persone e  culture..
",within an hour,100%,100%,f,https://a0.muscache.com/im/pictures/user/7a0e56f2-93c8-42c6-8fc6-76f65ca0b85f.jpg?aki_policy=profile_small,https://a0.muscache.com/im/pictures/user/7a0e56f2-93c8-42c6-8fc6-76f65ca0b85f.jpg?aki_policy=profile_x_medium,Ludovisi,1.0,1.0,"['email', 'phone']",t,t,"Rome, Lazio, Italy",I Centro Storico,,41.91041,12.49344,Entire rental unit,Entire home/apt,4,1.0,1 bath,1.0,1.0,"[""Iron"", ""Fire extinguisher"", ""Refrigerator"", ""Kitchen"", ""Washer"", ""Microwave"", ""TV"", ""Wifi"", ""Coffee maker"", ""Dishwasher"", ""Hot water"", ""Heating"", ""Dishes and silverware"", ""Elevator"", ""Air conditioning"", ""Bed linens"", ""Hair dryer"", ""Shampoo"", ""Essentials"", ""Cooking basics"", ""Oven""]",$139.00,1,29,1.0,1.0,1125.0,1125.0,1.0,1125.0,,t,0,2,6,171,06/03/25,52,11,0,107,11,66,9174.0,26/03/19,13/10/24,4.77,4.81,4.73,4.92,4.88,4.75,4.69,IT058091C28K9IW7AT,t,1,1,0,0,0.72
8446,32490321.0,https://www.airbnb.com/rooms/32490321,20250300000000.0,15/03/25,city scrape,JHHIT - Via Tuscolana's Courtyard,"Welcome to the small and welcoming house in the historic Roman neighborhood of Quadraro al Tuscolano.<br /><br />You will find yourself in a quiet street a few steps from the Metro A stop ""Porta Furba-Quadraro"" which will take you to the heart of Rome in 15 minutes.<br /><br />My accommodation is a safe space for people from any minority and marginalized group. Inclusion and respect are the basis of our hospitality. I welcome guests of all ethnicities, faiths, genders, ages and sexual orientations","Roman historic district traditionally recognized for the hospitality of its inhabitants and the low cost of living. From here you can easily visit the ""Parco degli Acquedotti"" or the ""Parco Regionale dell'Appia Antica"" and maybe immerse yourself in the dream factory of the ""Cinecittà Studios"" film studios https://cinecittastudios.it/<br />Lovers of shopping, on the nearby Via Tuscolana, will find their passion free. At the end of Via Tuscolana you will find the large ‘Cinecitta2’ Shopping Center. Equipped with all kinds of shops, 24h supermarket, pubs, pizzerias and trendy bars will be the backdrop for an unforgettable holiday!",https://a0.muscache.com/pictures/51eef17a-4a46-42fc-8b16-b34a1a190d45.jpg,244109894,https://www.airbnb.com/users/show/244109894,Mario,19/02/19,,,within an hour,100%,100%,,https://a0.muscache.com/im/pictures/user/33315180-6d42-49cd-9ca8-9675624c1723.jpg?aki_policy=profile_small,https://a0.muscache.com/im/pictures/user/33315180-6d42-49cd-9ca8-9675624c1723.jpg?aki_policy=profile_x_medium,Quadraro,13.0,25.0,"['email', 'phone']",t,t,"Rome, Lazio, Italy",VII San Giovanni/Cinecittà,,41.8609063,12.5480116,Entire rental unit,Entire home/apt,3,1.0,1 bath,1.0,2.0,"[""Extra pillows and blankets"", ""Stainless steel single oven"", ""Outdoor dining area"", ""Cleaning products"", ""Fast wifi \u2013 441 Mbps"", ""Hair dryer"", ""Coffee maker: espresso machine"", ""Clothing storage: closet"", ""Outdoor furniture"", ""Central heating"", ""Dedicated workspace"", ""Courtyard view"", ""Baking sheet"", ""Kitchen"", ""Crib - available upon request"", ""Private patio or balcony"", ""Hot water kettle"", ""Room-darkening shades"", ""Hangers"", ""Board games"", ""Dining table"", ""32 inch HDTV with standard cable"", ""Books and reading material"", ""Hot water"", ""Iron"", ""City skyline view"", ""Exterior security cameras on property"", ""Mini fridge"", ""Paid parking garage off premises"", ""Drying rack for clothing"", ""Host greets you"", ""Essentials"", ""Pack \u2019n play/Travel crib - available upon request"", ""Private entrance"", ""Bed linens"", ""Central air conditioning"", ""Wine glasses"", ""Dishes and silverware"", ""Shampoo"", ""Portable fans"", ""Coffee"", ""Smeg stainless steel gas stove"", ""Carbon monoxide alarm"", ""Bidet"", ""Freezer"", ""Single level home"", ""Free washer \u2013 In unit"", ""Refrigerator"", ""Cooking basics"", ""Free parking on premises"", ""Free street parking"", ""Standalone high chair - available upon request"", ""Private backyard \u2013 Fully fenced""]",$60.00,1,30,1.0,1.0,1125.0,1125.0,1.0,1125.0,,t,25,49,79,169,15/03/25,35,1,0,169,1,6,360.0,30/06/19,10/10/24,4.6,4.63,4.63,4.69,4.69,4.49,4.34,IT058091C25IG7YXJM,f,1,1,0,0,0.5
8616,33235995.0,https://www.airbnb.com/rooms/33235995,20250300000000.0,06/03/25,city scrape,"Delightful,  close to the metro","The accomodation is cozy and provided with everything that can <br />make your vacation comfortable.<br />The kitchen is completely equipped to prepare your meals and<br />in the immediate vicinity you will be able to find every kind<br />of restaurant to eat outside.<br />The subway is easily reachable by foot and in ten minutes you can arrive in <br />front of the Colosseum or to the Termini train station.<br />A few meters away from the flat you can find bus stops, a taxi station,<br />supermarkets, pharmacies, bars and much more.","The apartment is located in one of the most residential areas of Rome, rich in services and green spaces. In fact, the public parks of Villa Chigi and Villa Ada are within walking distance.<br />For shopping lovers there is a large shopping area where you can find all kinds of shops.<br />It is crossed by numerous bus lines and by the B1 underground line which will take you to the Roma Termini and Roma Tiburtina train stations in just a few minutes. A train conveniently connects the neighborhood to Rome Fiumicino airport in less than an hour.<br />Nearby you can visit the catacombs of Santa Priscilla and the early Christian monumental complex of Sant'Agnese and Santa Costanza, with its beautiful mosaics.<br />There are countless restaurants, pizzerias, pubs and other places where you can enjoy any type of cuisine, Italian and international.",https://a0.muscache.com/pictures/f0990496-17f1-4dad-b706-f9888d50e190.jpg,250242560,https://www.airbnb.com/users/show/250242560,Laura,21/03/19,"Rome, Italy","Ciao a tutti. Sono una persona  solare e piena di interessi. Mi piace cucinare, mangiare bene e stare con gli altri. Il cibo di cui non mi stancherei mai è la pizza (da buona italiana!). Leggo ogni volta che posso e spazio dai classici della letteratura italiana e internazionale ai romanzi moderni e a libri storici. Vado al cinema ed essendo una romantica preferisco i film che parlano d' amore. Ascolto molti generi di musica: classica, pop, cantautori italiani e posso passare dai Queen alle colonne sonore di Ennio Morricone in un secondo. Ma la cosa che mi piace fare più di tutte è viaggiare. Adoro il mio paese e vorrei conoscerlo palmo a palmo ma le mie mete preferite comprendono anche l'europa. Se devo pensare ad un prossimo viaggio lontano, vorrei visitare il Giappone. Quando viaggio sono molto organizzata, mi piace partire sapendo già cosa fare e cosa vedere. Nei posti in cui soggiorno apprezzo molto la pulizia, gli arredi semplici ma di buon gusto e soprattutto quei piccoli confort che ti fanno sentire a casa, come potersi fare un te o una tisana in camera quando vuoi. Come host cerco di dare agli altri quello che vorrei io da turista: organizzazione, confort, pulizia, la mia disponibilità e il mio sorriso :). Nell'appartamento che metto a disposizione dei miei ospiti c'è tutto quello che può rendere una vacanza piacevole, comoda e rilassante. Spero di vedervi presto in tanti. Buon viaggio!
Laura",within an hour,100%,100%,t,https://a0.muscache.com/im/pictures/user/11fe0ae5-fa41-4241-a45e-80240ef1053f.jpg?aki_policy=profile_small,https://a0.muscache.com/im/pictures/user/11fe0ae5-fa41-4241-a45e-80240ef1053f.jpg?aki_policy=profile_x_medium,Trieste,1.0,1.0,"['email', 'phone']",t,t,"Rome, Lazio, Italy",II Parioli/Nomentano,,41.93307,12.51344,Entire condo,Entire home/apt,4,1.0,1 bath,1.0,2.0,"[""Toaster"", ""Bidet"", ""Iron"", ""Hangers"", ""Mosquito net"", ""Refrigerator"", ""Paid parking garage off premises"", ""Clothing storage"", ""Dining table"", ""Induction stove"", ""Microwave"", ""TV"", ""Children\u2019s books and toys"", ""Wifi"", ""Paid pack \u2019n play/travel crib - available upon request"", ""Children\u2019s dinnerware"", ""Host greets you"", ""Hot water kettle"", ""Free washer \u2013 In unit"", ""Drying rack for clothing"", ""Luggage dropoff allowed"", ""Hot water"", ""Heating"", ""Carbon monoxide alarm"", ""Single level home"", ""Wine glasses"", ""Dishes and silverware"", ""Paid crib - available upon request"", ""First aid kit"", ""Bed linens"", ""Hair dryer"", ""Baking sheet"", ""Essentials"", ""AC - split type ductless system"", ""Cooking basics"", ""Books and reading material"", ""Extra pillows and blankets"", ""Freezer"", ""Standalone high chair - available upon request"", ""Stainless steel single oven"", ""Coffee maker: pour-over coffee"", ""Room-darkening shades"", ""Kitchen""]",$92.00,2,29,2.0,2.0,1125.0,1125.0,2.0,1125.0,,t,14,25,37,312,06/03/25,143,24,1,248,24,144,13248.0,15/04/19,09/02/25,4.86,4.88,4.91,4.96,4.97,4.65,4.78,IT058091C2VNR9N6Q5,t,1,1,0,0,1.99
8622,33258251.0,https://www.airbnb.com/rooms/33258251,20250300000000.0,07/03/25,city scrape,Spanish step nice and comfy apartment,"A 50-square-meter comfy apartment with a living room with a sofa and armchairs for relaxing, an equipped kitchenette, a bathroom with shower, and a double bedroom. The entire apartment has free wi fi and air conditioning and is on a first floor just a short walk from the Spanish Steps, famous for the charming Trinita' dei Monti steps and the many shopping streets around.","you are in the beating heart of Rome, historic neighborhood full of luxury boutiques, food and beverage, museum",https://a0.muscache.com/pictures/b3ddaa95-51aa-4c74-b94e-6c41a4e04a99.jpg,240757270,https://www.airbnb.com/users/show/240757270,Mario,03/02/19,,,within an hour,100%,100%,f,https://a0.muscache.com/im/pictures/user/d2e47d74-0bb8-44c7-8f17-deb2c91223d8.jpg?aki_policy=profile_small,https://a0.muscache.com/im/pictures/user/d2e47d74-0bb8-44c7-8f17-deb2c91223d8.jpg?aki_policy=profile_x_medium,Ludovisi,4.0,4.0,"['email', 'phone']",t,t,"Rome, Lazio, Italy",I Centro Storico,,41.90474,12.48171,Entire rental unit,Entire home/apt,2,1.0,1 bath,1.0,1.0,"[""Dedicated workspace"", ""Bidet"", ""Iron"", ""Hangers"", ""Refrigerator"", ""Clothing storage"", ""Dining table"", ""Self check-in"", ""Microwave"", ""Other gas stove"", ""Coffee maker: espresso machine"", ""Wifi"", ""Hot water kettle"", ""Cleaning products"", ""HDTV with Amazon Prime Video, Apple TV, Netflix"", ""Hot water"", ""Body soap"", ""Heating"", ""City skyline view"", ""Dishes and silverware"", ""Courtyard view"", ""Air conditioning"", ""Bed linens"", ""Lockbox"", ""Hair dryer"", ""Shampoo"", ""Essentials"", ""Freezer"", ""Kitchen""]",$119.00,3,28,1.0,3.0,1125.0,1125.0,2.9,1125.0,,t,13,23,42,42,07/03/25,248,37,3,42,38,222,26418.0,20/05/19,17/02/25,4.49,4.62,4.45,4.88,4.84,4.94,4.47,IT058091C2ANXLNGJ3,t,4,4,0,0,3.51
8633,33267351.0,https://www.airbnb.com/rooms/33267351,20250300000000.0,06/03/25,city scrape,C o l o s s e o   -   S o f t   -   L o f t,"This first floor restful and silent flat has a soft light, close to  Colosseum and Piazza San Giovanni, very well connected with public transport (tram n.3, tube metro B)",Celio is a very nice and characteristic area of central Rome full of facilities restaurants and bar,https://a0.muscache.com/pictures/miso/Hosting-33267351/original/3838b221-fa10-4bc2-acda-d803e2548684.jpeg,4571163,https://www.airbnb.com/users/show/4571163,Laura,03/01/13,"Rome, Italy","Sono una romana innamorata di Roma. Amo far conoscere ed apprezzare la mia città a chi per turismo o per lavoro vuole soggiornare in modo sicuro, piacevole e personalizzato. Ho viaggiato molto con occhio critico al dettaglio e mi piace riuscire ad interpretare i desideri e le esigenze delle persone. Chi ha modo di lavorare con me spero che apprezzi disponibilità, efficienza e professionalità. Il mio maggiore ispiratore è il mio bimbo a cui non smetterò mai di insegnargli che il segreto del proprio successo è fare ogni piccola cosa con grande amore!

I'm a Roman and I'm in love with Rome. I love to spread out and let appreciate my city for who want to stay, for business or leisure,  in a secure, personalized and friendly mood. I traveled with a critical eye to detail and I like to be able to interpret the desires and needs of people. Who has to work with me I hope can appreciate the availability, efficiency and professionalism. My biggest inspiration is my baby that I will never stop teaching him that the secret of success is to do every little thing with great love!
",within an hour,100%,79%,t,https://a0.muscache.com/im/pictures/user/8b1ebd3b-197c-4b67-bf67-16cd2d7abc9b.jpg?aki_policy=profile_small,https://a0.muscache.com/im/pictures/user/8b1ebd3b-197c-4b67-bf67-16cd2d7abc9b.jpg?aki_policy=profile_x_medium,Trastevere,7.0,34.0,"['email', 'phone']",t,t,"Rome, Lazio, Italy",I Centro Storico,,41.88721,12.50018,Entire rental unit,Entire home/apt,2,1.0,1 bath,1.0,3.0,"[""Bidet"", ""Hangers"", ""Refrigerator"", ""Clothing storage: closet and dresser"", ""Microwave"", ""TV"", ""Private entrance"", ""Coffee maker"", ""Oven"", ""Hot water kettle"", ""Stove"", ""Long term stays allowed"", ""Pets allowed"", ""Hot water"", ""Body soap"", ""Wine glasses"", ""Dishes and silverware"", ""Elevator"", ""Bed linens"", ""Shower gel"", ""Hair dryer"", ""Shampoo"", ""Essentials"", ""Cooking basics"", ""Freezer"", ""Extra pillows and blankets"", ""Kitchen""]",$60.00,31,1125,31.0,31.0,1125.0,1125.0,31.0,1125.0,,t,0,0,0,248,06/03/25,4,0,0,184,0,0,0.0,22/06/19,06/01/22,4.25,3.75,4.25,5.0,4.5,4.75,3.75,,f,5,5,0,0,0.06
8713,33484232.0,https://www.airbnb.com/rooms/33484232,20250300000000.0,15/03/25,city scrape,Giulia58,"Giulia58 is an elegant apartment in the neighborhood of Monteverde Vecchio - Trastevere, consisting of:<br />- living room with sofa bed (sleeps 2) and an armchair bed (single)<br />- double bedroom<br />- single room with a 2nd pull-out bed;<br />- Kitchen<br />- Bathroom with bath and shower. <br />It is well connected to the center of the city (tram 8 to 200 meters) and the airport (Roma-Trastevere station 400 meters).<br />The exceptional location offers easy access to areas of historical and artistic interest in the city.","Monteverde Vecchio is a quiet neighborhood in the center of Rome, near Trastevere, a characteristic district of Rome.",https://a0.muscache.com/pictures/f8548796-4caa-4dae-bb18-8a46826f7045.jpg,86651416,https://www.airbnb.com/users/show/86651416,Laura,29/07/16,"Rome, Italy","Mi piace conoscere persone nuove con usi e costumi diversi dai miei .
Ospito con passione nella mia Guest House, che diventa la vostra casa durante il soggiorno. 
Sono una persona molto socievole e sempre a disposizione per fornire tutte le informazioni di cui i miei ospiti hanno bisogno e soprattutto a rendere il loro soggiorno indimenticabile",within an hour,100%,100%,t,https://a0.muscache.com/im/pictures/user/effb6bec-a776-4a80-8a7b-4f8bf5d18faf.jpg?aki_policy=profile_small,https://a0.muscache.com/im/pictures/user/effb6bec-a776-4a80-8a7b-4f8bf5d18faf.jpg?aki_policy=profile_x_medium,Monteverde Vecchio,1.0,1.0,['phone'],t,t,"Rome, Lazio, Italy",XII Monte Verde,,41.87661362,12.46425724,Entire home,Entire home/apt,6,1.0,1 bath,1.0,4.0,"[""Extra pillows and blankets"", ""Clothing storage: closet, wardrobe, and dresser"", ""Smoke alarm"", ""Cleaning products"", ""Air conditioning"", ""Hair dryer"", ""Bathtub"", ""Dedicated workspace"", ""Baking sheet"", ""First aid kit"", ""Kitchen"", ""Oven"", ""Coffee maker"", ""Heating"", ""Hot water kettle"", ""Room-darkening shades"", ""Hangers"", ""Dining table"", ""Cleaning available during stay"", ""Books and reading material"", ""Microwave"", ""Hot water"", ""TV"", ""Fire extinguisher"", ""Iron"", ""Long term stays allowed"", ""Drying rack for clothing"", ""Shower gel"", ""Essentials"", ""Shared backyard \u2013 Fully fenced"", ""Private entrance"", ""Bed linens"", ""Dove body soap"", ""Dishwasher"", ""Laundromat nearby"", ""Wine glasses"", ""Dishes and silverware"", ""Coffee"", ""Pocket wifi"", ""Carbon monoxide alarm"", ""Stove"", ""Bidet"", ""Freezer"", ""Wifi"", ""Dove conditioner"", ""Barbecue utensils"", ""Mosquito net"", ""Dive shampoo"", ""Refrigerator"", ""Dryer"", ""Cooking basics"", ""Baby bath"", ""Luggage dropoff allowed"", ""Washer""]",$650.00,1,1125,1.0,1.0,1125.0,1125.0,1.0,1125.0,,t,28,58,86,361,15/03/25,138,16,0,288,19,96,62400.0,21/07/19,27/10/24,4.79,4.82,4.78,4.83,4.93,4.72,4.8,IT058091C22GPVK8DG,t,1,1,0,0,2.0
8763,33596147.0,https://www.airbnb.com/rooms/33596147,20250300000000.0,10/03/25,city scrape,Monteverde apartment for two,"The apartment, completely private, is a few minutes walk away frim the tram stop 8 to the city center (Trastevere and Piazza Venezia) and the 31 bus to the Vatican City. In four stops of tram 8 you are at Trastevere Station connected with Fiumicino airport (20 minutes by train FL1). Bus H takes you directly to Termini Station.","The sites of historical cultural interest and the main tourist areas are quickly reachable: Largo Argentina, Piazza Venezia, the Capitol, Imperial Forums, Colosseum, Circo Massimo, Fontana di Trevi, Piazza di Spagna, Castel s.Angelo, Campo de Fiori, Villa Borghese, San Pietro<br />A few steps from the apartment is the famous San Giovanni di Dios neighborhood market where you can find fresh produce of all kinds every day. In the neighborhood there are also sites of historical cultural significance such as the Basilica of S.Pancrazio , and the Gianicolo promenade from which you can enjoy one of the most evocative views of the city.",https://a0.muscache.com/pictures/5ed4ff15-9cb1-49bc-bcfd-f0674101136b.jpg,170504285,https://www.airbnb.com/users/show/170504285,Mario,29/01/18,"Rome, Italy","Insieme a mia moglie Alessandra ci dedichiamo all'accoglienza, al fine di garantirvi una piacevole permanenza. ",within an hour,100%,100%,t,https://a0.muscache.com/im/pictures/user/40abf180-e102-4eb3-8d5c-bd8b779df64c.jpg?aki_policy=profile_small,https://a0.muscache.com/im/pictures/user/40abf180-e102-4eb3-8d5c-bd8b779df64c.jpg?aki_policy=profile_x_medium,Monteverde Nuovo,2.0,3.0,"['email', 'phone']",t,t,"Rome, Lazio, Italy",XII Monte Verde,,41.8698,12.44416,Entire rental unit,Entire home/apt,2,1.0,1 bath,1.0,1.0,"[""TV"", ""Carbon monoxide alarm"", ""Iron"", ""Smoke alarm"", ""Hangers"", ""Shampoo"", ""Wifi"", ""Essentials"", ""Refrigerator"", ""Cooking basics"", ""Dishes and silverware"", ""Heating"", ""Private patio or balcony"", ""Free street parking"", ""Bed linens"", ""Kitchen"", ""Hot water"", ""Hair dryer""]",$90.00,2,8,2.0,2.0,1125.0,1125.0,2.0,1125.0,,t,23,26,26,139,10/03/25,15,0,0,75,0,0,0.0,03/06/19,20/08/21,5.0,4.93,5.0,4.93,5.0,4.87,4.93,IT058091C2DKZJVH3Z,f,2,2,0,0,0.21
8816,34137793.0,https://www.airbnb.com/rooms/34137793,20250300000000.0,12/03/25,city scrape,Lovely apartment close to the Spanish steps,"Delightful apartment, in an ideal location, a stone's throw from Piazza di Spagna, overlooking an intimate and quiet street. It is composed of a living room with a comfortable sofa bed and a dining area, a fully equipped kitchenette, a double bedroom with exposed beams and a bathroom with shower and bidet. Wi-Fi and air conditioning are available for guests at no extra charge.","Neighborhood full of shops for shopping, bars, and restaurants in the immediate vicinity.",https://a0.muscache.com/pictures/471a8437-3598-4dda-aa30-28742d5e7747.jpg,240757270,https://www.airbnb.com/users/show/240757270,Mario,03/02/19,,,within an hour,100%,100%,f,https://a0.muscache.com/im/pictures/user/d2e47d74-0bb8-44c7-8f17-deb2c91223d8.jpg?aki_policy=profile_small,https://a0.muscache.com/im/pictures/user/d2e47d74-0bb8-44c7-8f17-deb2c91223d8.jpg?aki_policy=profile_x_medium,Ludovisi,4.0,4.0,"['email', 'phone']",t,t,"Rome, Lazio, Italy",I Centro Storico,,41.90614,12.48075,Entire rental unit,Entire home/apt,4,1.0,1 bath,1.0,1.0,"[""Dedicated workspace"", ""Bidet"", ""Iron"", ""Hangers"", ""Refrigerator"", ""Dining table"", ""Self check-in"", ""TV"", ""Other gas stove"", ""Coffee maker: espresso machine"", ""Wifi"", ""Hot water kettle"", ""Long term stays allowed"", ""Cleaning products"", ""Hot water"", ""Heating"", ""Single level home"", ""Dishes and silverware"", ""Air conditioning"", ""Bed linens"", ""Lockbox"", ""Hair dryer"", ""Shampoo"", ""Essentials"", ""Cooking basics"", ""Freezer"", ""Kitchen""]",$115.00,3,28,1.0,3.0,99.0,99.0,1.3,99.0,,t,17,43,69,148,12/03/25,264,40,1,148,46,240,27600.0,06/05/19,17/02/25,4.64,4.69,4.65,4.78,4.79,4.94,4.64,IT058091B4FPS26CQV,t,4,4,0,0,3.7
8827,33931423.0,https://www.airbnb.com/rooms/33931423,20250300000000.0,07/03/25,city scrape,Pandy Suite,"Pandy Suite is a penthouse located in the heart of Rome, it is a very bright apartment. Staying at Pandy Suite allows you to visit Piazza Barberini, V. Veneto, Piazza di Spagna, V. del Tritone, Trevi Fountain, V. del Corso, Quirinale, Galleria Sordi and much more. Where necessary, various types of transport (buses, taxis and metro) can be easily reached on foot.","In Pandy Suite you can forget about using the car, as in the area there are many catering resources (restaurants, bars, grocery stores, PAM supermarket), theaters, cinemas and high-fashion shops.",https://a0.muscache.com/pictures/eb2fc769-6d46-4a14-9b50-dfae7ecfcf77.jpg,256227731,https://www.airbnb.com/users/show/256227731,Mario,16/04/19,"Rome, Italy","Sono di origini napoletane, ho tre figli, amo il mare e viaggiare.  Il mio motto è  ""raggiungi l'obbiettivo""! Ho colto questa opportunità per mettermi in gioco e per dare ai miei ospiti tutto ciò che vorrei trovare io quando viaggio. ",within an hour,100%,100%,f,https://a0.muscache.com/im/pictures/user/User-256227731/original/77257d4e-e3c3-4c74-80e9-8d84516d5059.jpeg?aki_policy=profile_small,https://a0.muscache.com/im/pictures/user/User-256227731/original/77257d4e-e3c3-4c74-80e9-8d84516d5059.jpeg?aki_policy=profile_x_medium,Trevi,1.0,1.0,"['email', 'phone']",t,t,"Rome, Lazio, Italy",I Centro Storico,,41.90547,12.49044,Entire rental unit,Entire home/apt,6,2.0,2 baths,2.0,3.0,"[""Dedicated workspace"", ""Bidet"", ""Iron"", ""Toaster"", ""Smoke alarm"", ""Hangers"", ""Refrigerator"", ""Paid parking garage off premises"", ""High chair"", ""Coffee"", ""Ethernet connection"", ""Dining table"", ""Microwave"", ""Children\u2019s books and toys"", ""Laundromat nearby"", ""Private entrance"", ""Wifi"", ""Children\u2019s dinnerware"", ""Host greets you"", ""Oven"", ""Babysitter recommendations"", ""Dishwasher"", ""Hot water kettle"", ""Long term stays allowed"", ""Cleaning products"", ""Free washer \u2013 In unit"", ""Drying rack for clothing"", ""Pocket wifi"", ""Hot water"", ""Body soap"", ""Gas stove"", ""55 inch HDTV with standard cable"", ""Heating"", ""Carbon monoxide alarm"", ""Single level home"", ""Wine glasses"", ""Dishes and silverware"", ""Courtyard view"", ""Outdoor furniture"", ""Elevator"", ""First aid kit"", ""Bed linens"", ""Shower gel"", ""Hair dryer"", ""Baking sheet"", ""Private patio or balcony"", ""Shampoo"", ""Essentials"", ""AC - split type ductless system"", ""Cooking basics"", ""Books and reading material"", ""Extra pillows and blankets"", ""Bathtub"", ""Freezer"", ""Outdoor dining area"", ""Clothing storage: walk-in closet, closet, wardrobe, and dresser"", ""Coffee maker: french press, pour-over coffee"", ""Room-darkening shades"", ""Kitchen"", ""Safe""]",$190.00,2,31,2.0,2.0,1125.0,1125.0,2.0,1125.0,,t,19,34,41,307,07/03/25,31,4,0,242,4,24,4560.0,28/04/19,20/09/24,4.81,4.87,4.81,4.87,4.87,4.97,4.87,It058091c2sbs73va3,f,1,1,0,0,0.43
8875,34320471.0,https://www.airbnb.com/rooms/34320471,20250300000000.0,06/03/25,city scrape,Casa Ferrari. Testaccio  e Trastevere. Wi fi free,"Living in Testaccio means experiencing authentic Rome. Staying in my completely renovated apartment with lift means feeling at home, pampered. Composed of: entrance hall, kitchen, large bedroom with double bed with large sofa and a smaller bedroom with two beds singles. Both bedrooms with air conditioning and 2 TVs and radiators throughout the apartment. The bathroom is brand new and equipped with an emotional shower. A real jewel to feel at ease.","The Rione Testaccio is a historic and safe district of Rome, owes its name to the 35-meter mountain formed by ""cocci"" (testae in Latin), rest of the amphorae of ancient Rome that served as containers for wheat, oil and wine. Testaccio is an open-air museum that houses Roman remains, such as the Emporium of Imperial Rome, the former slaughterhouse and the new Covered Market which is right in front of our house, where you can taste typical Roman specialties. The splendid Piazza Santa Maria Liberatrice and Piazza Testaccio with their suggestive atmospheres make it one of the most characteristic and varied places in the capital. The evening becomes a meeting point full of clubs and Roman nightlife. The Monte dei Cocci is a 5 minute walk away and is home to one of the most trendy discos and discopub in Rome, it is still far enough not to disturb your sleep. Testaccio was also a privileged location for the films of Pasolini and Ozpetek.<br /><br />Testaccio district: the origins<br /><br />L",https://a0.muscache.com/pictures/miso/Hosting-34320471/original/013b1196-0d8a-416e-b672-8b399f30a058.jpeg,259108838,https://www.airbnb.com/users/show/259108838,Mario,01/05/19,"Rome, Italy","Sono nato e cresciuto a Roma, Testaccio è il quartiere dove si fondano le mie radici. Sono appassionato di storia Romana e dell'antico Egitto. Il mio passatempo preferito è fare teatro con una compagnia di coetanei e costruire presepi d'arte.",within an hour,100%,100%,f,https://a0.muscache.com/im/pictures/user/dd532de5-2e88-4afe-9e1c-cbb3b9d22fe0.jpg?aki_policy=profile_small,https://a0.muscache.com/im/pictures/user/dd532de5-2e88-4afe-9e1c-cbb3b9d22fe0.jpg?aki_policy=profile_x_medium,Testaccio,1.0,1.0,"['email', 'phone']",t,t,"Rome, Lazio, Italy",I Centro Storico,,41.87801,12.47235,Entire condo,Entire home/apt,4,1.0,1 bath,2.0,4.0,"[""Bidet"", ""Iron"", ""Smoke alarm"", ""Hangers"", ""Fire extinguisher"", ""Refrigerator"", ""High chair"", ""Paid parking on premises"", ""Dining table"", ""Microwave"", ""Children\u2019s books and toys"", ""Wifi"", ""Children\u2019s dinnerware"", ""Pack \u2019n play/Travel crib"", ""Coffee maker"", ""Free street parking"", ""Oven"", ""Hot water kettle"", ""Host greets you"", ""Window AC unit"", ""Cleaning products"", ""Hot water"", ""Body soap"", ""Carbon monoxide alarm"", ""Single level home"", ""Dishes and silverware"", ""Courtyard view"", ""Elevator"", ""Central heating"", ""Shared backyard \u2013 Fully fenced"", ""Garden view"", ""Electrolux stainless steel gas stove"", ""First aid kit"", ""Bed linens"", ""Conditioner"", ""Hair dryer"", ""Baking sheet"", ""32 inch HDTV with Amazon Prime Video, Netflix"", ""Shampoo"", ""Essentials"", ""Clothing storage: closet"", ""Cooking basics"", ""Books and reading material"", ""Extra pillows and blankets"", ""Freezer"", ""Kitchen""]",$99.00,2,28,2.0,3.0,1125.0,1125.0,2.0,1125.0,,t,15,21,24,251,06/03/25,66,4,0,187,4,24,2376.0,22/05/19,26/05/24,4.92,4.97,4.98,4.97,4.95,4.82,4.91,IT058091C2FP44AWEO,t,1,1,0,0,0.94
8912,34565892.0,https://www.airbnb.com/rooms/34565892,20250300000000.0,12/03/25,city scrape,Imperial Forum Luxury Flat near Colosseo,"This apartment is truly unique, located inside a former monastery with a breathtaking view of the garden of the church of Santa Prassede all'Esquilino. Leaving the apartment, guests will be a stone’s throw from the Colosseum and the Imperial Forums. This exceptional location allows guests to fully enjoy the historical and cultural richness of Rome, with the convenience of having many of the main tourist attractions within easy reach.","The apartment is located in Via di San Martino ai Monti 26/A, in the centre of Rome and just a block away from Santa Maria Maggiore and Colosseo! You will be able to shop in the elegant Via del Corso, eat an Ice cream sitting on the famous Campo dei Fiori, take a refreshing walk inside Villa Borghese and of course, taste the Italian Cuisine in any of the many restaurants in the area. The apartment is in the middle of everything you must see in Rome: Spanish Steps, Trevi Fountain, Pantheon, Via Condotti, Via Veneto, Piazza San Lorenzo in Lucina are All at walking distance. In Via del Tritone you have The Rinascente the biggest, most fashionable and most beautiful shopping mall in town. All of these just a few steps from your Italian home, without the need of having to take a car, or public transportation!",https://a0.muscache.com/pictures/c8911b94-3bd0-44c5-8493-6ef3a1aa90e7.jpg,51503378,https://www.airbnb.com/users/show/51503378,Laura,16/12/15,"Rome, Italy",,within an hour,98%,100%,f,https://a0.muscache.com/im/pictures/user/User-51503378/original/a6ab36aa-c72b-451d-be1d-b95f38fa845e.jpeg?aki_policy=profile_small,https://a0.muscache.com/im/pictures/user/User-51503378/original/a6ab36aa-c72b-451d-be1d-b95f38fa845e.jpeg?aki_policy=profile_x_medium,Monti,10.0,34.0,"['email', 'phone']",t,t,"Rome, Lazio, Italy",I Centro Storico,,41.89657,12.49985,Entire rental unit,Entire home/apt,5,1.0,1 bath,1.0,3.0,"[""Iron"", ""Smoke alarm"", ""Hangers"", ""Fire extinguisher"", ""High chair"", ""Washer"", ""TV"", ""Private entrance"", ""Wifi"", ""Host greets you"", ""Long term stays allowed"", ""Pets allowed"", ""Hot water"", ""Heating"", ""Carbon monoxide alarm"", ""Crib"", ""Air conditioning"", ""First aid kit"", ""Hair dryer"", ""Shampoo"", ""Essentials"", ""Cooking basics"", ""Kitchen""]",$108.00,1,500,1.0,4.0,1125.0,1125.0,1.3,1125.0,,t,4,12,27,285,12/03/25,15,11,1,220,9,66,7128.0,31/05/19,13/02/25,4.4,4.47,4.27,4.87,4.53,4.53,4.27,IT058091B4WHVWYDOQ,t,10,10,0,0,0.21
8930,34592969.0,https://www.airbnb.com/rooms/34592969,20250300000000.0,11/03/25,city scrape,Balcony Penthouse over Campo dei Fiori,"Enjoy a quiet stay in an elegant apartment in an exceptional location: a historic building directly in Piazza Campo dei Fiori, one of the most important sites of the Historical Center of Rome. Immerse yourselves in the vibrant and authentic atmosphere of the Eternal City. It is important to note that the apartment is on the fourth floor and the building does not feature an elevator.",,https://a0.muscache.com/pictures/hosting/Hosting-U3RheVN1cHBseUxpc3Rpbmc6MzQ1OTI5Njk=/original/d954a258-3bf0-4fa0-8065-a3ff919a15ea.jpeg,51503378,https://www.airbnb.com/users/show/51503378,Laura,16/12/15,"Rome, Italy",,within an hour,98%,100%,f,https://a0.muscache.com/im/pictures/user/User-51503378/original/a6ab36aa-c72b-451d-be1d-b95f38fa845e.jpeg?aki_policy=profile_small,https://a0.muscache.com/im/pictures/user/User-51503378/original/a6ab36aa-c72b-451d-be1d-b95f38fa845e.jpeg?aki_policy=profile_x_medium,Monti,10.0,34.0,"['email', 'phone']",t,t,,I Centro Storico,,41.89512,12.4717,Entire rental unit,Entire home/apt,5,1.0,1 bath,1.0,4.0,"[""Toaster"", ""Iron"", ""Smoke alarm"", ""Hangers"", ""Fire extinguisher"", ""High chair"", ""Dining table"", ""Washer"", ""Microwave"", ""Smeg refrigerator"", ""Private entrance"", ""Coffee maker: espresso machine"", ""Wifi"", ""Host greets you"", ""Hot water kettle"", ""Babysitter recommendations"", ""Electric stove"", ""Long term stays allowed"", ""Pets allowed"", ""Hot water"", ""Heating"", ""Carbon monoxide alarm"", ""Wine glasses"", ""Crib"", ""Paid parking garage on premises \u2013 1 space"", ""Dishes and silverware"", ""Outdoor furniture"", ""Air conditioning"", ""First aid kit"", ""Hair dryer"", ""Private patio or balcony"", ""Shampoo"", ""Essentials"", ""Cooking basics"", ""Freezer"", ""Outdoor dining area"", ""Kitchen""]",$149.00,1,500,1.0,2.0,1125.0,1125.0,1.3,1125.0,,t,3,5,10,207,11/03/25,7,4,0,143,4,24,3576.0,25/06/19,14/05/24,4.43,4.29,4.86,4.43,4.71,4.86,4.57,IT058091B4ASKB4F2O,t,10,10,0,0,0.1
8953,34640577.0,https://www.airbnb.com/rooms/34640577,20250300000000.0,07/03/25,city scrape,Private Flat Sanitized in Piazza Navona,"Penthouse located in the heart of the Historic Center of Rome, a few steps away from Piazza Navona and other important sites, in a 16th Century building WITHOUT a lift. Easy access to public transportation, local entertainment, shops, authentic restaurants and much more!<br />We offer this apartment for 4 people, but it can host up to 5.<br />Base level with kitchenette, dining table, double bed and a single pull-out bed. <br />Loft features a double bed and en-suite bathroom with a shower and washing machine.","The apartment is located in Via della Vetrina n. 5,  in the centre of Rome and just a block away from Piazza Navona and 1 block to Castel San Angelo and Vatican City! You will be able to shop in the elegant Via del Corso, eat an Ice cream sitting on the famous Campo dei Fiori, take a refreshing walk inside Villa Borghese and of course, taste the Italian Cuisine in any of the many restaurants in the area. The apartment is in the middle of everything you must see in Rome: Spanish Steps, Trevi Fountain, Pantheon, Via Condotti, Via Veneto, Piazza San Lorenzo in Lucina are All at walking distance. In Via del Tritone you have The Rinascente the biggest, most fashionable and most beautiful shopping mall in town. All of these just a few steps from your Italian home, without the need of having to take a car, or public transportation!",https://a0.muscache.com/pictures/hosting/Hosting-U3RheVN1cHBseUxpc3Rpbmc6MzQ2NDA1Nzc=/original/89ca2a3f-890a-4c54-950e-fca9c30ab6aa.jpeg,51503378,https://www.airbnb.com/users/show/51503378,Laura,16/12/15,"Rome, Italy",,within an hour,98%,100%,f,https://a0.muscache.com/im/pictures/user/User-51503378/original/a6ab36aa-c72b-451d-be1d-b95f38fa845e.jpeg?aki_policy=profile_small,https://a0.muscache.com/im/pictures/user/User-51503378/original/a6ab36aa-c72b-451d-be1d-b95f38fa845e.jpeg?aki_policy=profile_x_medium,Monti,10.0,34.0,"['email', 'phone']",t,t,"Rome, Lazio, Italy",I Centro Storico,,41.89982,12.46907,Entire rental unit,Entire home/apt,4,1.0,1 bath,2.0,3.0,"[""Paid parking off premises"", ""Toaster"", ""Iron"", ""Smoke alarm"", ""Hangers"", ""Baby bath"", ""Fire extinguisher"", ""Refrigerator"", ""High chair"", ""Paid parking on premises"", ""Changing table"", ""Washer"", ""Private entrance"", ""Wifi"", ""Pack \u2019n play/Travel crib"", ""Coffee maker"", ""Free street parking"", ""Oven"", ""Babysitter recommendations"", ""Stove"", ""Hot water kettle"", ""Long term stays allowed"", ""Host greets you"", ""Pets allowed"", ""Hot water"", ""Smoking allowed"", ""Heating"", ""Carbon monoxide alarm"", ""Wine glasses"", ""Crib"", ""Dishes and silverware"", ""Air conditioning"", ""First aid kit"", ""Bed linens"", ""Shower gel"", ""TV with standard cable"", ""Hair dryer"", ""Baking sheet"", ""Shampoo"", ""Essentials"", ""Cooking basics"", ""Extra pillows and blankets"", ""Bathtub"", ""Kitchen""]",$184.00,1,200,1.0,2.0,1125.0,1125.0,1.3,1125.0,,t,8,16,35,289,07/03/25,2,1,0,228,1,6,1104.0,27/06/19,16/04/24,5.0,5.0,4.5,5.0,5.0,5.0,4.5,IT058091B42KSKDHP3,t,10,10,0,0,0.03
9134,36010231.0,https://www.airbnb.com/rooms/36010231,20250300000000.0,06/03/25,city scrape,Accogliente Appartamento  Metro A Furio Camillo,"Cozy two bedroom apartment, living room with open kitchen and a bathroom. The location is ideal to move to every important destination in the city,  the Metro A stop is right in front of the door of the house. The neighborhood is lively and served with everything, shopping center in front of the house, bars, restaurants and all connections to places of interest, train stations and airports.","the Appio Latino district is one of the most lively and true in Rome, it is very well-stocked with all the most important services, a few meters from the apartment is the Roma Tuscolana train station that leads to Fiumicino or the Sea, the Happyo shopping window is in front of the house. Perfect place to taste typical Roman cuisine, full of ice cream shops, pastry shops, restaurants and clothing stores.",https://a0.muscache.com/pictures/0abfd745-392e-4b01-92ce-652f703477c9.jpg,9635900,https://www.airbnb.com/users/show/9635900,Laura,25/10/13,"Rome, Italy","Mi chiamo Laura, sono di Roma mi piace molto avere contatti con le persone e faccio questo lavoro anche come piacere. Mi piace ricevere e intrattenere gli ospiti che vorrei si sentissero come a casa loro, per questo cerco di arricchire la mia casa con tutti i confort.  Mi piacerebbe valorizzare la mia proprietà al massimo perché sono sicura che possa rendere più piacevole il soggiorno nella mia città.",within an hour,100%,100%,,https://a0.muscache.com/im/pictures/user/User-9635900/original/eaeb14ef-257a-416c-99fb-fe490e4c8b3b.jpeg?aki_policy=profile_small,https://a0.muscache.com/im/pictures/user/User-9635900/original/eaeb14ef-257a-416c-99fb-fe490e4c8b3b.jpeg?aki_policy=profile_x_medium,San Giovanni,8.0,8.0,"['email', 'phone']",t,t,"Rome, Lazio, Italy",VII San Giovanni/Cinecittà,,41.87434,12.52429,Entire rental unit,Entire home/apt,5,1.0,1 bath,2.0,3.0,"[""Dedicated workspace"", ""Bidet"", ""Iron"", ""Hangers"", ""Refrigerator"", ""Coffee"", ""Ethernet connection"", ""Dining table"", ""Washer"", ""TV"", ""Laundromat nearby"", ""Wifi"", ""Free street parking"", ""Oven"", ""Hot water kettle"", ""Stove"", ""Long term stays allowed"", ""Cleaning products"", ""Drying rack for clothing"", ""Hot water"", ""Body soap"", ""Heating"", ""Wine glasses"", ""Crib"", ""Dishes and silverware"", ""Elevator"", ""Air conditioning"", ""Cleaning available during stay"", ""Bed linens"", ""Shower gel"", ""EV charger"", ""Hair dryer"", ""Baking sheet"", ""Shampoo"", ""Essentials"", ""Clothing storage: closet"", ""Cooking basics"", ""Freezer"", ""Extra pillows and blankets"", ""Kitchen""]",$82.00,2,1125,2.0,2.0,1125.0,1125.0,2.0,1125.0,,t,0,0,0,249,06/03/25,5,2,0,185,2,12,984.0,10/07/19,25/08/24,5.0,5.0,4.6,5.0,5.0,5.0,4.8,IT058091C29G2IDPU4,t,2,2,0,0,0.07
9184,36097566.0,https://www.airbnb.com/rooms/36097566,20250300000000.0,08/03/25,city scrape,Penelope's House Pantheon,"Romantic apartment just steps from the Pantheon, in the heart of Rome. Ideal for visiting the main monuments comfortably on foot : Piazza Navona, Trevi Fountain, the Colosseum, Campo dei Fiori, Piazza di Spagna are all within walking distance.<br />Within walking distance you will find shops of all kinds, outdoor markets with typical products, supermarkets, clubs, restaurants, pizzerias, ice cream shops and shops of the best brands for shopping",,https://a0.muscache.com/pictures/airflow/Hosting-36097566/original/4e04d49b-95f6-404a-a40a-bb9669cb3e8e.jpg,271523825,https://www.airbnb.com/users/show/271523825,Laura,26/06/19,"Rome, Italy",,within an hour,100%,100%,t,https://a0.muscache.com/im/pictures/user/24a06bbc-5935-43b4-b68e-bd75c1c0ea06.jpg?aki_policy=profile_small,https://a0.muscache.com/im/pictures/user/24a06bbc-5935-43b4-b68e-bd75c1c0ea06.jpg?aki_policy=profile_x_medium,Sant'Eustachio,1.0,1.0,"['email', 'phone']",t,t,,I Centro Storico,,41.89909,12.47618,Entire rental unit,Entire home/apt,3,1.5,1.5 baths,1.0,2.0,"[""Iron"", ""Smoke alarm"", ""Hangers"", ""Fire extinguisher"", ""Refrigerator"", ""Microwave"", ""TV"", ""Wifi"", ""Coffee maker"", ""Oven"", ""Dishwasher"", ""Hot water kettle"", ""Cleaning products"", ""Pets allowed"", ""Hot water"", ""Heating"", ""Carbon monoxide alarm"", ""Crib"", ""Dishes and silverware"", ""Air conditioning"", ""First aid kit"", ""Hair dryer"", ""Essentials"", ""Cooking basics"", ""Kitchen""]",$200.00,2,30,2.0,2.0,30.0,30.0,2.0,30.0,,t,16,24,27,85,08/03/25,94,37,0,85,37,222,44400.0,22/09/19,09/01/25,4.95,4.97,4.98,4.99,4.98,4.99,4.93,IT058091C2UPOXY4DY,f,1,1,0,0,1.41
9264,35957311.0,https://www.airbnb.com/rooms/35957311,20250300000000.0,15/03/25,city scrape,"VATICAN QUIETE -  for family, students & friends","This nice and bright apart in Vatican is very central and well connected with public transports.<br />It consists of 2 bedrooms with 2 single beds or double bed both, bathroom with bathtub, kitchen and a small  pleasant balcony. second floor with elevator. <br />washing machine<br />Wi-fi",,https://a0.muscache.com/pictures/miso/Hosting-35957311/original/7dde79e3-2d27-4a85-ba8f-a459208c2666.jpeg,4571163,https://www.airbnb.com/users/show/4571163,Laura,03/01/13,"Rome, Italy","Sono una romana innamorata di Roma. Amo far conoscere ed apprezzare la mia città a chi per turismo o per lavoro vuole soggiornare in modo sicuro, piacevole e personalizzato. Ho viaggiato molto con occhio critico al dettaglio e mi piace riuscire ad interpretare i desideri e le esigenze delle persone. Chi ha modo di lavorare con me spero che apprezzi disponibilità, efficienza e professionalità. Il mio maggiore ispiratore è il mio bimbo a cui non smetterò mai di insegnargli che il segreto del proprio successo è fare ogni piccola cosa con grande amore!

I'm a Roman and I'm in love with Rome. I love to spread out and let appreciate my city for who want to stay, for business or leisure,  in a secure, personalized and friendly mood. I traveled with a critical eye to detail and I like to be able to interpret the desires and needs of people. Who has to work with me I hope can appreciate the availability, efficiency and professionalism. My biggest inspiration is my baby that I will never stop teaching him that the secret of success is to do every little thing with great love!
",within an hour,100%,79%,t,https://a0.muscache.com/im/pictures/user/8b1ebd3b-197c-4b67-bf67-16cd2d7abc9b.jpg?aki_policy=profile_small,https://a0.muscache.com/im/pictures/user/8b1ebd3b-197c-4b67-bf67-16cd2d7abc9b.jpg?aki_policy=profile_x_medium,Trastevere,7.0,34.0,"['email', 'phone']",t,t,,XIII Aurelia,,41.89623,12.45608,Entire rental unit,Entire home/apt,4,1.0,1 bath,2.0,2.0,"[""Hair dryer"", ""Bathtub"", ""Central heating"", ""Oven"", ""Coffee maker"", ""Private patio or balcony"", ""Clothing storage"", ""Hangers"", ""Dining table"", ""Hot water"", ""TV"", ""Pets allowed"", ""Iron"", ""Other gas stove"", ""Long term stays allowed"", ""Drying rack for clothing"", ""Essentials"", ""Bed linens"", ""Shampoo"", ""Portable fans"", ""Washer \u2013\u00a0In unit"", ""Body soap"", ""Bidet"", ""Freezer"", ""Wifi"", ""Refrigerator"", ""Cooking basics""]",$62.00,31,1125,31.0,31.0,1125.0,1125.0,31.0,1125.0,,t,0,4,8,92,15/03/25,5,1,0,92,1,62,3844.0,03/01/20,21/10/24,4.8,5.0,4.6,5.0,4.6,5.0,5.0,,f,5,5,0,0,0.08
9347,36376586.0,https://www.airbnb.com/rooms/36376586,20250300000000.0,06/03/25,city scrape,Uso Turistico vicino San Giovanni,"Apartment for tourist use equipped with all the comforts ideal for couples, families and business trips.<br />Located in a semi-central area, near the metro stop A Colli Albani and at the end of various buses.<br />With both you can quickly reach the old town, the Colosseum, the Imperial Forums and the Spanish Steps.<br />10 minutes from Tuscolano train station connected to Fiumicino airport.","Quiet, populated neighborhood with all the comforts.<br />There are shops, bars, supermarkets also open until 9:30 pm, restaurants, cinemas, pubs, pharmacies, banks, post office and shopping center.",https://a0.muscache.com/pictures/9ec1b393-773e-4f01-83ec-bd351fa68606.jpg,273527494,https://www.airbnb.com/users/show/273527494,Laura,04/07/19,,,within a few hours,100%,50%,f,https://a0.muscache.com/im/pictures/user/03678bd3-7af4-4d32-a9a8-f0701851f158.jpg?aki_policy=profile_small,https://a0.muscache.com/im/pictures/user/03678bd3-7af4-4d32-a9a8-f0701851f158.jpg?aki_policy=profile_x_medium,San Giovanni,1.0,1.0,"['email', 'phone']",t,f,"Rome, Lazio, Italy",VII San Giovanni/Cinecittà,,41.87236,12.52916,Entire rental unit,Entire home/apt,4,1.0,1 bath,2.0,3.0,"[""Paid parking off premises"", ""Iron"", ""Hangers"", ""Refrigerator"", ""Coffee"", ""Dining table"", ""Washer"", ""Microwave"", ""TV"", ""Wifi"", ""Coffee maker"", ""Hot water kettle"", ""Dishwasher"", ""Stove"", ""Cleaning products"", ""Hot water"", ""Heating"", ""Crib"", ""Dishes and silverware"", ""Elevator"", ""Air conditioning"", ""Bed linens"", ""Hair dryer"", ""Essentials"", ""Cooking basics"", ""Freezer"", ""Kitchen""]",$76.00,2,30,2.0,2.0,30.0,30.0,2.0,30.0,,t,29,53,83,356,06/03/25,15,1,0,292,1,6,456.0,31/07/19,26/12/24,4.6,4.53,4.67,4.53,4.33,4.67,4.33,IT058091C2NP8X25VI,f,1,1,0,0,0.22
9397,37144692.0,https://www.airbnb.com/rooms/37144692,20250300000000.0,10/03/25,previous scrape,ARC - Apartment Spanish Steps 8 guests,"This elegant accommodation is located in an exceptional location, just a few meters from Via del Corso, which is the main street of the historic center of Rome. Its location is truly optimal, offering guests the convenience of being in the bustling city center, surrounded by shops, restaurants, historical sites and public transpotation. In addition, it is located on the fourth floor of a building with an elevator, which ensures easy access to the flat.","The apartment is located in Piazza del Popolo, in the heart of the square, a short walk from Trastevere, right behind the Imperial Forums, a stone's throw from the Pantheon and Piazza Navona. It will be possible to shop in Via del Corso, in the beautiful Rinascente, or run to Villa Borghese or relax for a drink in Piazza Campo dei Fiori, a cool area for young Romans. Between Campo dei Fiori, Trastevere and Piazza Navona the city is full of clubs, ice cream parlors, small taverns and restaurants, not only tourist. We remind you that the house is so central that you will not need to use the car or public transport.",https://a0.muscache.com/pictures/miso/Hosting-37144692/original/755f0969-c2e2-4339-9c33-60ed8de51289.jpeg,51503378,https://www.airbnb.com/users/show/51503378,Laura,16/12/15,"Rome, Italy",,within an hour,98%,100%,f,https://a0.muscache.com/im/pictures/user/User-51503378/original/a6ab36aa-c72b-451d-be1d-b95f38fa845e.jpeg?aki_policy=profile_small,https://a0.muscache.com/im/pictures/user/User-51503378/original/a6ab36aa-c72b-451d-be1d-b95f38fa845e.jpeg?aki_policy=profile_x_medium,Monti,10.0,34.0,"['email', 'phone']",t,t,"Rome, Lazio, Italy",I Centro Storico,,41.90973,12.47377,Entire vacation home,Entire home/apt,8,,1 bath,2.0,,"[""Toaster"", ""Bidet"", ""Iron"", ""Smoke alarm"", ""Hangers"", ""Fire extinguisher"", ""Refrigerator"", ""Paid parking on premises"", ""Dining table"", ""Clothing storage: closet and dresser"", ""Wifi"", ""Coffee maker"", ""Host greets you"", ""Oven"", ""Dishwasher"", ""Electric stove"", ""Hot water kettle"", ""Long term stays allowed"", ""Free washer \u2013 In unit"", ""Drying rack for clothing"", ""Pets allowed"", ""Hot water"", ""Body soap"", ""Heating"", ""Carbon monoxide alarm"", ""Central air conditioning"", ""Single level home"", ""Wine glasses"", ""Crib"", ""Dishes and silverware"", ""Elevator"", ""Hot tub"", ""First aid kit"", ""Bed linens"", ""Shower gel"", ""TV with standard cable"", ""Hair dryer"", ""Baking sheet"", ""Shampoo"", ""Essentials"", ""Cooking basics"", ""Freezer"", ""Bathtub"", ""Patio or balcony"", ""Kitchen""]",,1,1125,1.0,4.0,1125.0,1125.0,1.3,1125.0,,t,9,24,35,292,10/03/25,47,46,4,229,36,255,,14/02/22,22/02/25,4.66,4.55,4.62,4.77,4.89,5.0,4.49,IT058091B4OH5ILHWI,t,10,10,0,0,1.26
9460,37857487.0,https://www.airbnb.com/rooms/37857487,20250300000000.0,10/03/25,previous scrape,Comodissimo elegante appartamento Roma Cinecittà,"The apartment was finely renovated at the end of 2019. The furnishings are new and are available for guests with dishwasher, oven, microwave, washer-dryer, iron and ironing board, kettle and coffee maker.  TVs are 49-50-55 inches of the latest generation, they are one in each room . In the bathrooms, on the other hand, the Bluetooth connection to the lights to connect your phone to hear the music with amplified sound. WiFi is available.","The appointment is located in the Cinecittà area near two stops of the A line from which you can quickly reach the historic center. In the immediate vicinity there are pizzerias, restaurants, pubs and pastry shops and also a shopping center. There are supermarkets,  pharmacies and shops where you can shop and a beautiful large park where you can admire the remains of a Roman aqueduct. There are also several gyms, tennis clubs, a golf course, and a multi-screen cinema in the neighborhood.",https://a0.muscache.com/pictures/8ce176d6-7523-43f4-b743-a22ef760db35.jpg,29933483,https://www.airbnb.com/users/show/29933483,Serena,24/03/15,,,,,,f,https://a0.muscache.com/im/users/29933483/profile_pic/1427218355/original.jpg?aki_policy=profile_small,https://a0.muscache.com/im/users/29933483/profile_pic/1427218355/original.jpg?aki_policy=profile_x_medium,,1.0,1.0,"['email', 'phone']",t,t,"Rome, Lazio, Italy",VII San Giovanni/Cinecittà,,41.85915,12.57002,Entire condo,Entire home/apt,6,,2 baths,2.0,,"[""Iron"", ""Smoke alarm"", ""Hangers"", ""Fire extinguisher"", ""Washer"", ""TV"", ""Wifi"", ""Breakfast"", ""Long term stays allowed"", ""Hot water"", ""Heating"", ""Elevator"", ""Air conditioning"", ""First aid kit"", ""Hair dryer"", ""Dryer"", ""Shampoo"", ""Essentials"", ""Bathtub"", ""Kitchen""]",,31,1125,31.0,31.0,1125.0,1125.0,31.0,1125.0,,t,0,0,0,0,10/03/25,0,0,0,0,0,0,,,,,,,,,,,,f,1,1,0,0,
9489,37993513.0,https://www.airbnb.com/rooms/37993513,20250300000000.0,11/03/25,city scrape,CESTARI- APARTMENT NEAR PANTHEON,"At the Pantheon, a splendid apartment in the prestigious and peaceful Via Dei Cestari.<br /><br />The apartment is located on the first floor of a historic building without a lift, in the immediate vicinity of the Pantheon, Piazza Navona and Campo dei Fiori.","This neighborhood is considered the historical center par excellence where it is pleasant to walk even without a precise destination. Wandering around the neighborhood you can come across large and monumental squares noisy or in romantic and unusual corners, in palaces, famous museums or in small churches full of masterpieces, many of which, in fact, host works by Caravaggio, Michelangelo and Raphael.<br />This part of Rome is certainly the most famous and frequented by tourists, who do not miss a visit to the joyful Piazza Navona, with its renowned fountains, street artists and portrait painters, the Pantheon, another symbol of Rome together with the Colosseum and Campo de 'Fiori, a lively and colorful square where a large number of young people pour into the evening to have a drink or have a chat after dinner.<br />But it is also the part of Rome with a high concentration of institutional buildings, in addition to the Senate and the Chamber of Deputies, here are located the French Em",https://a0.muscache.com/pictures/a741c8e8-55fe-4d5b-ac0d-bd8a7ac70b58.jpg,188377740,https://www.airbnb.com/users/show/188377740,Laura,07/05/18,"Rome, Italy","Hello!
I am Laura and i manage  amazing flats in the centre of  Rome.
I tried to make the apartments confortable and cool to give you a great stay.
I love to travel, to meet new people and I promise I will give you the best assistance you ever had during your stay!



Ciao,
Sono Laura. Adoro viaggiare, conoscere posti nuovi e soprattutto gente nuova. Mi piace il cibo e vi daro' i giusti suggerimenti per non perdervi i piatti piu' buoni della citta'.
Gestisco delle bellissime case al centro di Roma.
Io le adoro e sono sicura che lo farete anche voi. 


",within an hour,100%,100%,,https://a0.muscache.com/im/pictures/user/cf1d8513-dd62-4e5b-8c09-a27e077cc585.jpg?aki_policy=profile_small,https://a0.muscache.com/im/pictures/user/cf1d8513-dd62-4e5b-8c09-a27e077cc585.jpg?aki_policy=profile_x_medium,Pigna,5.0,9.0,"['email', 'phone']",t,t,"Rome, Lazio, Italy",I Centro Storico,,41.8972,12.47738,Entire rental unit,Entire home/apt,5,1.5,1.5 baths,1.0,3.0,"[""Iron"", ""Fire extinguisher"", ""Hangers"", ""Portable air conditioning"", ""Refrigerator"", ""Microwave"", ""TV"", ""Private entrance"", ""Wifi"", ""Coffee maker"", ""Host greets you"", ""Dishwasher"", ""Stove"", ""Window AC unit"", ""Hot water"", ""Heating"", ""Carbon monoxide alarm"", ""Crib"", ""Dishes and silverware"", ""Bed linens"", ""Hair dryer"", ""Essentials"", ""Cooking basics"", ""Extra pillows and blankets"", ""Kitchen""]",$196.00,7,30,2.0,7.0,28.0,1125.0,6.5,605.6,,t,9,32,62,145,11/03/25,241,41,3,145,40,255,49980.0,06/09/19,07/03/25,4.9,4.93,4.78,4.99,4.97,5.0,4.83,IT058091C2TCCA5PBX,t,1,1,0,0,3.59
9512,38079685.0,https://www.airbnb.com/rooms/38079685,20250300000000.0,11/03/25,city scrape,La piccola terrazza in Vaticano (Otranto Terrace),"La Piccola Terrazza in the Vatican is a bright and very comfortable apartment on the 5th floor (with elevator) of a beautiful building at Piazza San Pietro (Vatican), Prati district, 5 minutes walk from the Ottaviano-San Pietro metro stop. <br />A convenient base from which to explore the city and Jubilee events. A place to come back to relax, both at home and on the quiet terrace.<br /><br />National Identification Code: IT058091C2XLOD6GBU<br />Rome Municipality Authorization: QA/2019/81257","The apartment is a short walk from Piazza Risorgimento, St. Peter's Basilica (from home you can see the dome), the Vatican Museums and the Sistine Chapel, from Castel Sant'Angelo. <br />You can walk in a few minutes to all these magnificent attractions and many other areas of the city such as Piazza Navona, the Pantheon, Piazza Campo dei Fiori.<br />The Prati neighborhood is very central and well connected by public transport: the Ottaviano metro station is a short walk from the house (180 meters).<br />Also, in just over an hour, you can reach the apartment from the airports of Fiumicino and Ciampino by trains or buses that arrive a short distance from home, on Via Crescenzio.<br />The neighborhood offers many restaurants but also the opportunity to buy food and drinks in the ancient and traditional Trionfale market with a varied and delicious food offer. Pani, oils, wines, pizza to satisfy the senses after a tiring day of walks, museums and historic villas!<br />Prati is still a neig",https://a0.muscache.com/pictures/hosting/Hosting-U3RheVN1cHBseUxpc3Rpbmc6MzgwNzk2ODU%3D/original/d830a6de-4eef-4117-bd50-c59803ece15c.jpeg,289034959,https://www.airbnb.com/users/show/289034959,Laura,26/08/19,"Rome, Italy","Mi piace conoscere gente proveniente da ogni parte del mondo e amo viaggiare e curiosare tra lingue e culture.
Lavoro per la TV, ho insegnato italiano agli stranieri, vivo con mio mio marito,  due figli, due cani e una gatta.
Finalmente torno su Airbnb!",within an hour,100%,100%,t,https://a0.muscache.com/im/pictures/user/User/original/97f7898c-8cee-494b-adc5-be7b38257ce7.jpeg?aki_policy=profile_small,https://a0.muscache.com/im/pictures/user/User/original/97f7898c-8cee-494b-adc5-be7b38257ce7.jpeg?aki_policy=profile_x_medium,Prati,1.0,1.0,"['email', 'phone']",t,t,"Rome, Lazio, Italy",I Centro Storico,,41.90954971,12.45683861,Entire rental unit,Entire home/apt,4,2.0,2 baths,2.0,4.0,"[""Dedicated workspace"", ""Bidet"", ""Iron"", ""Smoke alarm"", ""Hangers"", ""Fire extinguisher"", ""Refrigerator"", ""Paid parking on premises"", ""Coffee"", ""Clothing storage"", ""Dining table"", ""HDTV with Netflix"", ""Microwave"", ""Other gas stove"", ""Laundromat nearby"", ""Private entrance"", ""Wifi"", ""Host greets you"", ""Hot water kettle"", ""Dishwasher"", ""Cleaning products"", ""Free washer \u2013 In unit"", ""Drying rack for clothing"", ""Coffee maker: espresso machine, pour-over coffee"", ""Luggage dropoff allowed"", ""Hot water"", ""Body soap"", ""Pack \u2019n play/Travel crib - available upon request"", ""Carbon monoxide alarm"", ""Central air conditioning"", ""City skyline view"", ""Single level home"", ""Wine glasses"", ""Crib"", ""Dishes and silverware"", ""Courtyard view"", ""Outdoor furniture"", ""Elevator"", ""Central heating"", ""First aid kit"", ""Bed linens"", ""Shower gel"", ""Hair dryer"", ""Private patio or balcony"", ""Shampoo"", ""Essentials"", ""Cooking basics"", ""Freezer"", ""Books and reading material"", ""Extra pillows and blankets"", ""Outdoor dining area"", ""High chair - available upon request"", ""Free parking on premises"", ""Children\u2019s books and toys for ages 10+ years old"", ""Room-darkening shades"", ""Kitchen""]",$135.00,2,29,2.0,2.0,1125.0,1125.0,2.0,1125.0,,t,18,32,62,322,11/03/25,16,13,2,253,10,78,10530.0,30/12/19,04/03/25,5.0,5.0,5.0,5.0,5.0,5.0,4.81,IT058091C2XLOD6GBU,t,1,1,0,0,0.25
9546,38147827.0,https://www.airbnb.com/rooms/38147827,20250300000000.0,12/03/25,city scrape,Suite Acetari,,"The house is in close proximity to Piazza Navona and Campo de Fiori, in a small square called ""Arco degli Acetari"" as if you were in another dimension for privacy, in a magical courtyard in the heart of the Eternal City",https://a0.muscache.com/pictures/miso/Hosting-38147827/original/8ecbe759-0a13-4947-a3ce-c1faeeccaee1.jpeg,9956489,https://www.airbnb.com/users/show/9956489,Laura,12/11/13,"Rome, Italy",La cordialità e la simpatia è la mia professionalità ,within an hour,100%,100%,f,https://a0.muscache.com/im/users/9956489/profile_pic/1387533170/original.jpg?aki_policy=profile_small,https://a0.muscache.com/im/users/9956489/profile_pic/1387533170/original.jpg?aki_policy=profile_x_medium,,6.0,6.0,"['email', 'phone']",t,t,"Rome, Lazio, Italy",I Centro Storico,,41.89706,12.47011,Entire rental unit,Entire home/apt,3,1.0,1 bath,1.0,2.0,"[""Paid parking off premises"", ""Dedicated workspace"", ""Bidet"", ""Iron"", ""Toaster"", ""Smoke alarm"", ""Fire extinguisher"", ""Refrigerator"", ""HDTV"", ""Dining table"", ""Mini fridge"", ""Self check-in"", ""Private entrance"", ""Wifi"", ""Pack \u2019n play/Travel crib"", ""Booster seat high chair"", ""Oven"", ""Dishwasher"", ""Stove"", ""Hot water kettle"", ""Cleaning products"", ""Pets allowed"", ""Luggage dropoff allowed"", ""Hot water"", ""Heating"", ""Carbon monoxide alarm"", ""Wine glasses"", ""Crib"", ""Dishes and silverware"", ""Courtyard view"", ""First aid kit"", ""Building staff"", ""Bed linens"", ""Shower gel"", ""Conditioner"", ""Hair dryer"", ""Private patio or balcony"", ""Shampoo"", ""Essentials"", ""AC - split type ductless system"", ""Cooking basics"", ""Books and reading material"", ""Extra pillows and blankets"", ""Freezer"", ""Coffee maker: pour-over coffee"", ""Kitchen""]",$176.00,2,35,1.0,2.0,1125.0,1125.0,2.0,1125.0,,t,1,1,1,1,12/03/25,27,0,0,0,0,0,0.0,09/09/20,29/07/23,4.89,4.89,4.85,5.0,5.0,5.0,4.85,IT058091B4VWPOPVZS,t,3,3,0,0,0.49
9624,38842515.0,https://www.airbnb.com/rooms/38842515,20250300000000.0,06/03/25,city scrape,[Roma Termini-Stazione 2km] Apartment San Lorenzo,"Relax in this cozy centrally located villa. 5 * San Lorenzo is located in a residential complex in one of the most historic neighborhoods in Rome. It's on three levels with a pretty backyard, great for eating meals with loved ones.<br />Nearby you can find everything you need: supermarkets, restaurants, bars and many typical Roman clubs. You can walk to La Sapienza University, Umberto I and all the tourist attractions comfortably by tram.",,https://a0.muscache.com/pictures/miso/Hosting-38842515/original/0068d9ad-333c-4a2e-aa63-828282a3262f.jpeg,280765761,https://www.airbnb.com/users/show/280765761,Laura,30/07/19,"Rome, Italy",,within an hour,100%,100%,t,https://a0.muscache.com/im/pictures/user/fdf48cef-98b6-47e3-b254-1c8c82c4f487.jpg?aki_policy=profile_small,https://a0.muscache.com/im/pictures/user/fdf48cef-98b6-47e3-b254-1c8c82c4f487.jpg?aki_policy=profile_x_medium,,1.0,1.0,"['email', 'phone']",t,t,,II Parioli/Nomentano,,41.89937806,12.51976523,Entire townhouse,Entire home/apt,6,2.0,2 baths,2.0,3.0,"[""Dedicated workspace"", ""Bidet"", ""Iron"", ""Hangers"", ""Refrigerator"", ""Washer"", ""Self check-in"", ""TV"", ""Coffee maker: espresso machine"", ""Wifi"", ""Oven"", ""Stove"", ""Hot water"", ""Body soap"", ""Heating"", ""Dishes and silverware"", ""Air conditioning"", ""Shower gel"", ""Lockbox"", ""Hair dryer"", ""Shampoo"", ""Essentials"", ""Clothing storage: closet"", ""Freezer"", ""Outdoor dining area"", ""Bathtub"", ""Kitchen""]",$89.00,2,28,2.0,2.0,1125.0,1125.0,2.0,1125.0,,t,22,42,63,152,06/03/25,46,40,1,152,42,240,21360.0,11/12/23,03/03/25,4.8,4.78,4.67,4.87,4.98,4.65,4.76,IT058091C2TJHKAZ8B,f,1,1,0,0,3.05
9727,38692474.0,https://www.airbnb.com/rooms/38692474,20250300000000.0,12/03/25,city scrape,CAPPELLARI BUILDING,"Entire building dating from late 1600s in the heart of the historic center at 2 steps from campo de fiori, with 5 separate apartments. Each unit has at least a private kitchen and a private bathroom.<br />With 8 bedrooms and 6 bathrooms, this is an ideal solution for large groups of friends and large families.",,https://a0.muscache.com/pictures/a249a987-abc6-407c-a81a-d3226beefae4.jpg,35051434,https://www.airbnb.com/users/show/35051434,Laura,05/06/15,"Rome, Italy",,within a day,100%,,f,https://a0.muscache.com/im/users/35051434/profile_pic/1433494708/original.jpg?aki_policy=profile_small,https://a0.muscache.com/im/users/35051434/profile_pic/1433494708/original.jpg?aki_policy=profile_x_medium,Regola,1.0,5.0,['phone'],t,t,,I Centro Storico,,41.8975,12.47075,Entire condo,Entire home/apt,16,6.0,6 baths,8.0,10.0,"[""TV"", ""Iron"", ""Fire extinguisher"", ""Hangers"", ""Shampoo"", ""Wifi"", ""Essentials"", ""Private entrance"", ""Heating"", ""Air conditioning"", ""Washer"", ""Kitchen"", ""First aid kit"", ""Hair dryer""]","$2,586.00",31,1125,31.0,31.0,1125.0,1125.0,31.0,1125.0,,t,4,4,4,4,12/03/25,7,2,0,0,2,124,320664.0,30/12/21,13/06/24,4.86,4.71,4.86,5.0,4.86,5.0,4.71,,t,1,1,0,0,0.18
9917,39933758.0,https://www.airbnb.com/rooms/39933758,20250300000000.0,11/03/25,city scrape,❋Little jewel in Bologna's Square❋,"I am happy to welcome you to my attic apartment. At your disposal, you will have every room, ready to pamper you during your stay in the Eternal City! The flat is perfect for couples, it is located in the lively area of Piazza Bologna, an authentic and well-served neighborhood. Thanks to the presence of the metro, the apartment is an excellent base to easily discover the city of Rome, Tiburtina train station is also located nearby. I await you!","The nearby, renowned Piazza Bologna is the reference point for university students who populate the neighborhood that is a stone's throw from the university and from its detached sections, this area is spread up to Porta Pia, on Via Nomentana. The liveliness of the neighborhood, considered to be a university one, does not however prevent the square from being frequented also by the inhabitants of the district, by Romans and by those who just pass by. The island of greenery that is located in the center and equipped with benches, together with a small bar with chairs and tables, favor the attendance of the elderly, of mothers with children who can play here freely. In addition, in summer you can refresh yourself from the heat and humidity, typical of the Eternal city, under the large trees that provide shade. Tiburtino district that houses the apartment is a historic neighbourhood where one of the most important Italian universities is located: La Sapienza di Roma. This area was totally",https://a0.muscache.com/pictures/3af69d6e-0a83-4d55-a2b8-0a7447041447.jpg,306863668,https://www.airbnb.com/users/show/306863668,Laura,04/11/19,,"Ciao a tutti! Mi chiamo Laura e vivo nella nostra bella Europa, tra’ la Francia e l’Italia sempre con la voglia di scoprire nuove culture e posti. Sono cresciuta circondata dalla bellezza e mi piacciono le opere d’arte, la cultura, la buona cucina, il buon vino ed il ben vivere. Ti auguro delle vacanze fantastiche in questa eterna citta’ chiamata Roma!
-------------------
Hello there! My name is Laura and I live in our beautiful Europe, between France and Italy. I always wish to discover new cultures and places. I grew up surrounded by beauty and I like works of art, culture, good food, good wine and living well. I wish you a fantastic holiday in this eternal city called Rome!",,,,f,https://a0.muscache.com/im/pictures/user/9b840c57-20a6-4447-8dde-11d3dd628675.jpg?aki_policy=profile_small,https://a0.muscache.com/im/pictures/user/9b840c57-20a6-4447-8dde-11d3dd628675.jpg?aki_policy=profile_x_medium,Nomentana,1.0,1.0,"['email', 'phone']",t,t,"Rome, Lazio, Italy",II Parioli/Nomentano,,41.92023,12.52631,Entire rental unit,Entire home/apt,2,1.0,1 bath,1.0,1.0,"[""Paid parking off premises"", ""Iron"", ""Smoke alarm"", ""Hangers"", ""Refrigerator"", ""Washer"", ""Microwave"", ""TV"", ""Private entrance"", ""Wifi"", ""Coffee maker"", ""Host greets you"", ""Stove"", ""Hot water"", ""Heating"", ""Dishes and silverware"", ""Elevator"", ""Air conditioning"", ""Bed linens"", ""Hair dryer"", ""Shampoo"", ""Essentials"", ""Cooking basics"", ""Kitchen""]","$1,000.00",31,300,31.0,31.0,1125.0,1125.0,31.0,1125.0,,t,30,60,90,270,11/03/25,1,0,0,270,0,0,0.0,05/01/20,05/01/20,5.0,5.0,5.0,5.0,5.0,5.0,5.0,,t,1,1,0,0,0.02
10024,40049322.0,https://www.airbnb.com/rooms/40049322,20250300000000.0,10/03/25,previous scrape,M&J Hostel - Camera Singola,"Single Room, Private Bathroom",,https://a0.muscache.com/pictures/fefb4d32-14de-49b9-a23c-7af448359239.jpg,4002716,https://www.airbnb.com/users/show/4002716,Mario,29/10/12,"Rome, Italy","I like to travel and I like to welcome people to describe my city and give them tips....
",,,,f,https://a0.muscache.com/im/users/4002716/profile_pic/1351507588/original.jpg?aki_policy=profile_small,https://a0.muscache.com/im/users/4002716/profile_pic/1351507588/original.jpg?aki_policy=profile_x_medium,Castro Pretorio,3.0,4.0,"['email', 'phone']",t,t,,I Centro Storico,,41.90267,12.50225,Private room in bed and breakfast,Private room,1,,1 bath,1.0,,"[""Smoke alarm"", ""Hangers"", ""Wifi"", ""Essentials"", ""Air conditioning"", ""Hair dryer""]",,31,1125,31.0,31.0,1125.0,1125.0,31.0,1125.0,,t,0,0,0,0,10/03/25,0,0,0,0,0,0,,,,,,,,,,,,t,3,0,3,0,
10025,40049754.0,https://www.airbnb.com/rooms/40049754,20250300000000.0,10/03/25,previous scrape,M&J Hostel - Camera Tripla,"Triple Room, Private Bathroom",,https://a0.muscache.com/pictures/77601794-d92d-4c2e-9e05-6af1ca998016.jpg,4002716,https://www.airbnb.com/users/show/4002716,Mario,29/10/12,"Rome, Italy","I like to travel and I like to welcome people to describe my city and give them tips....
",,,,f,https://a0.muscache.com/im/users/4002716/profile_pic/1351507588/original.jpg?aki_policy=profile_small,https://a0.muscache.com/im/users/4002716/profile_pic/1351507588/original.jpg?aki_policy=profile_x_medium,Castro Pretorio,3.0,4.0,"['email', 'phone']",t,t,,I Centro Storico,,41.90447,12.50057,Private room in bed and breakfast,Private room,3,,1 bath,1.0,,"[""Fire extinguisher"", ""Smoke alarm"", ""Hangers"", ""Wifi"", ""Essentials"", ""Hair dryer""]",,31,1125,31.0,31.0,1125.0,1125.0,31.0,1125.0,,t,0,0,0,0,10/03/25,0,0,0,0,0,0,,,,,,,,,,,,t,3,0,3,0,
10127,40567155.0,https://www.airbnb.com/rooms/40567155,20250300000000.0,12/03/25,city scrape,ARC - Piazza Navona Offer Summer,"The apartment is located on the second floor of a charming building dating back to 1600, giving a historic and unique atmosphere to your stay in Rome. Its privileged location offers you the convenience of being within walking distance of Piazza Navona and the main historical attractions of the city, allowing you to easily explore all that Rome has to offer on foot. With its central location and surrounding amenities it is perfect for a quiet stay with family or group.",,https://a0.muscache.com/pictures/8c038785-ddff-421c-b497-5d68813b38b9.jpg,51503378,https://www.airbnb.com/users/show/51503378,Laura,16/12/15,"Rome, Italy",,within an hour,98%,100%,f,https://a0.muscache.com/im/pictures/user/User-51503378/original/a6ab36aa-c72b-451d-be1d-b95f38fa845e.jpeg?aki_policy=profile_small,https://a0.muscache.com/im/pictures/user/User-51503378/original/a6ab36aa-c72b-451d-be1d-b95f38fa845e.jpeg?aki_policy=profile_x_medium,Monti,10.0,34.0,"['email', 'phone']",t,t,,I Centro Storico,,41.89953228,12.46926929,Entire rental unit,Entire home/apt,6,1.0,1 bath,2.0,3.0,"[""Toaster"", ""Bidet"", ""Iron"", ""Smoke alarm"", ""Hangers"", ""Fire extinguisher"", ""Refrigerator"", ""Paid parking on premises"", ""Dining table"", ""Wifi"", ""Coffee maker"", ""Host greets you"", ""Oven"", ""Hot water kettle"", ""Long term stays allowed"", ""Free washer \u2013 In unit"", ""Drying rack for clothing"", ""Pets allowed"", ""Hot water"", ""Body soap"", ""Heating"", ""Carbon monoxide alarm"", ""Single level home"", ""Wine glasses"", ""Dishes and silverware"", ""Air conditioning"", ""Stainless steel gas stove"", ""First aid kit"", ""Bed linens"", ""Shower gel"", ""TV with standard cable"", ""Hair dryer"", ""Baking sheet"", ""Shampoo"", ""Essentials"", ""Clothing storage: closet"", ""Cooking basics"", ""Freezer"", ""Extra pillows and blankets"", ""Kitchen""]",$199.00,1,365,1.0,4.0,1125.0,1125.0,1.3,1125.0,,t,4,4,4,4,12/03/25,28,28,2,0,22,168,33432.0,31/03/24,24/02/25,4.61,4.61,4.64,4.75,4.75,4.82,4.61,IT058091B4Z7JW3IXF,t,10,10,0,0,2.42
10161,40650693.0,https://www.airbnb.com/rooms/40650693,20250300000000.0,11/03/25,city scrape,Deliziosa Doppia Termini con Balcone Roma Centro,"Cozy and quiet double room, with a queen-size bed, a private bathroom in the room, a small table with two chairs (suitable for working with a laptop), air conditioning, Wi-Fi, a Nespresso machine with capsules available, and a kettle with tea available, as well as an exclusive balcony.  <br />Between one stay and the next, all rooms are ventilated, cleaned and sanitized according to the CDC's guidelines.",The Termini station (Roma Central Station) 400 meters away makes the strategic location to get there and move freely around our beautiful city. The Colosseum can be reached on foot in 10 minutes.,https://a0.muscache.com/pictures/a75a39cb-a8f8-4e00-b22e-2dc099034747.jpg,280641664,https://www.airbnb.com/users/show/280641664,Serena,30/07/19,"Rome, Italy","Vivo a Roma, sono una psicologa e lavoro a scuola con ragazzi con disabilità.
Mi piace viaggiare, stare all'aria aperta e fare sport.",within an hour,100%,100%,t,https://a0.muscache.com/im/pictures/user/a29d0016-ce0a-4364-b723-325e88b49bbf.jpg?aki_policy=profile_small,https://a0.muscache.com/im/pictures/user/a29d0016-ce0a-4364-b723-325e88b49bbf.jpg?aki_policy=profile_x_medium,Esquilino,3.0,3.0,"['email', 'phone']",t,t,"Rome, Lazio, Italy",I Centro Storico,,41.89744,12.505,Private room in rental unit,Private room,2,1.0,1 private bath,1.0,1.0,"[""Dedicated workspace"", ""Iron"", ""Fire extinguisher"", ""Hangers"", ""Refrigerator"", ""Coffee"", ""Mini fridge"", ""Self check-in"", ""Microwave"", ""Laundromat nearby"", ""Wifi"", ""Free street parking"", ""Hot water kettle"", ""Luggage dropoff allowed"", ""Lock on bedroom door"", ""Hot water"", ""Body soap"", ""Carbon monoxide alarm"", ""City skyline view"", ""Single level home"", ""Wine glasses"", ""Dishes and silverware"", ""Elevator"", ""Outdoor furniture"", ""Keypad"", ""Central heating"", ""Clothing storage: wardrobe"", ""First aid kit"", ""Bed linens"", ""Shower gel"", ""Hair dryer"", ""Coffee maker: Nespresso"", ""Private patio or balcony"", ""Shampoo"", ""Essentials"", ""Freezer"", ""Extra pillows and blankets"", ""Paid street parking off premises"", ""Room-darkening shades""]",$73.00,3,30,3.0,3.0,1125.0,1125.0,3.0,1125.0,,t,21,42,69,341,11/03/25,319,77,7,272,72,255,18615.0,04/02/20,09/03/25,4.85,4.88,4.84,4.97,4.96,4.48,4.74,IT058091C2XUEH8WOJ,t,3,0,3,0,5.14
10225,40793653.0,https://www.airbnb.com/rooms/40793653,20250300000000.0,11/03/25,city scrape,Stupenda Doppia Termini Bagno privato Roma Centro,"Cozy and quiet double room, with double bed, private bathroom in the room, coffee table with two chairs (suitable for working with a laptop), air conditioning, Wi-Fi, Nespresso machine with pods available and a kettle with tea available, exclusive balcony.  <br />Between stays and the next, all rooms are ventilated, cleaned, and sanitized according to CDC guidelines.",The Termini station (Roma Central Station) 400 meters away makes the location strategic to get there and move freely around our beautiful city. The Colosseum can be reached on foot in 10 minutes.,https://a0.muscache.com/pictures/28a32d30-4f00-43b5-b887-dcb732f7801c.jpg,280641664,https://www.airbnb.com/users/show/280641664,Serena,30/07/19,"Rome, Italy","Vivo a Roma, sono una psicologa e lavoro a scuola con ragazzi con disabilità.
Mi piace viaggiare, stare all'aria aperta e fare sport.",within an hour,100%,100%,t,https://a0.muscache.com/im/pictures/user/a29d0016-ce0a-4364-b723-325e88b49bbf.jpg?aki_policy=profile_small,https://a0.muscache.com/im/pictures/user/a29d0016-ce0a-4364-b723-325e88b49bbf.jpg?aki_policy=profile_x_medium,Esquilino,3.0,3.0,"['email', 'phone']",t,t,"Rome, Lazio, Italy",I Centro Storico,,41.89744,12.505,Private room in rental unit,Private room,2,1.0,1 private bath,1.0,1.0,"[""Iron"", ""Fire extinguisher"", ""Hangers"", ""Refrigerator"", ""Coffee"", ""Mini fridge"", ""Self check-in"", ""Microwave"", ""Laundromat nearby"", ""Wifi"", ""Free street parking"", ""Hot water kettle"", ""Luggage dropoff allowed"", ""Lock on bedroom door"", ""Hot water"", ""Body soap"", ""Carbon monoxide alarm"", ""City skyline view"", ""Single level home"", ""Wine glasses"", ""Dishes and silverware"", ""Elevator"", ""Outdoor furniture"", ""Air conditioning"", ""Central heating"", ""Keypad"", ""Clothing storage: wardrobe"", ""First aid kit"", ""Bed linens"", ""Shower gel"", ""Hair dryer"", ""Coffee maker: Nespresso"", ""Private patio or balcony"", ""Shampoo"", ""Essentials"", ""Freezer"", ""Extra pillows and blankets"", ""Paid street parking off premises"", ""Room-darkening shades""]",$73.00,3,30,3.0,3.0,1125.0,1125.0,3.0,1125.0,,t,16,44,70,345,11/03/25,325,73,3,276,77,255,18615.0,06/02/20,04/03/25,4.84,4.86,4.86,4.94,4.96,4.47,4.76,IT058091C2XUEH8WOJ,t,3,0,3,0,5.24
10226,40794297.0,https://www.airbnb.com/rooms/40794297,20250300000000.0,11/03/25,city scrape,Adorabile Doppia Termini Bagno privato Roma Centro,"Cozy and quiet double room, with a queen-size bed, a private bathroom in the room, a small table with two chairs (suitable for working with a laptop), air conditioning, Wi-Fi, a Nespresso machine with capsules available, and a kettle with tea available, as well as an exclusive balcony.  <br />Between one stay and the next, all rooms are ventilated, cleaned and sanitized according to the CDC's guidelines.",The Termini station (Roma Central Station) 400 meters away makes the strategic location to get there and move freely around our beautiful city. The Colosseum can be reached on foot in 10 minutes.,https://a0.muscache.com/pictures/miso/Hosting-40794297/original/f93c405e-2a3a-4a83-bae6-f8bd2efd144e.jpeg,280641664,https://www.airbnb.com/users/show/280641664,Serena,30/07/19,"Rome, Italy","Vivo a Roma, sono una psicologa e lavoro a scuola con ragazzi con disabilità.
Mi piace viaggiare, stare all'aria aperta e fare sport.",within an hour,100%,100%,t,https://a0.muscache.com/im/pictures/user/a29d0016-ce0a-4364-b723-325e88b49bbf.jpg?aki_policy=profile_small,https://a0.muscache.com/im/pictures/user/a29d0016-ce0a-4364-b723-325e88b49bbf.jpg?aki_policy=profile_x_medium,Esquilino,3.0,3.0,"['email', 'phone']",t,t,"Rome, Lazio, Italy",I Centro Storico,,41.89744,12.505,Private room in rental unit,Private room,2,1.0,1 private bath,1.0,1.0,"[""Dedicated workspace"", ""Iron"", ""Fire extinguisher"", ""Hangers"", ""Refrigerator"", ""Coffee"", ""Mini fridge"", ""Self check-in"", ""Microwave"", ""Laundromat nearby"", ""Hot water kettle"", ""Luggage dropoff allowed"", ""Lock on bedroom door"", ""Hot water"", ""Body soap"", ""Carbon monoxide alarm"", ""Fast wifi \u2013 59 Mbps"", ""City skyline view"", ""Single level home"", ""Wine glasses"", ""Dishes and silverware"", ""Elevator"", ""Outdoor furniture"", ""Air conditioning"", ""Central heating"", ""Keypad"", ""Clothing storage: wardrobe"", ""First aid kit"", ""Bed linens"", ""Shower gel"", ""Hair dryer"", ""Coffee maker: Nespresso"", ""Private patio or balcony"", ""Shampoo"", ""Essentials"", ""Freezer"", ""Extra pillows and blankets"", ""Paid street parking off premises"", ""Room-darkening shades""]",$73.00,4,30,1.0,4.0,1125.0,1125.0,4.0,1125.0,,t,4,4,4,4,11/03/25,340,61,6,0,63,255,18615.0,07/02/20,05/03/25,4.84,4.87,4.87,4.93,4.97,4.46,4.79,IT058091C2XUEH8WOJ,t,3,0,3,0,5.48
10257,40810484.0,https://www.airbnb.com/rooms/40810484,20250300000000.0,11/03/25,city scrape,Beach house,Large apartment on the bright and spacious sea with the essential for a relaxing holiday.<br />Suitable for children given its strategic position on a free / equipped beach,,https://a0.muscache.com/pictures/712bc3b2-9def-4602-bbcf-354e86eb1628.jpg,93831391,https://www.airbnb.com/users/show/93831391,Laura,06/09/16,"Rome, Italy",,within a few hours,100%,100%,f,https://a0.muscache.com/im/pictures/user/e1ad220a-120b-4c87-a70b-297217780944.jpg?aki_policy=profile_small,https://a0.muscache.com/im/pictures/user/e1ad220a-120b-4c87-a70b-297217780944.jpg?aki_policy=profile_x_medium,,1.0,1.0,['phone'],t,t,,X Ostia/Acilia,,41.72312164,12.29612732,Entire rental unit,Entire home/apt,4,1.0,1 bath,1.0,2.0,"[""Bidet"", ""Iron"", ""Fire extinguisher"", ""Hangers"", ""Refrigerator"", ""High chair"", ""Coffee"", ""Beach view"", ""HDTV"", ""Kitchen"", ""Sea view"", ""Dining table"", ""Washer"", ""Self check-in"", ""Microwave"", ""Children\u2019s books and toys"", ""Wifi"", ""Children\u2019s dinnerware"", ""Pack \u2019n play/Travel crib"", ""Coffee maker"", ""Free street parking"", ""Breakfast"", ""Stove"", ""Cleaning products"", ""Drying rack for clothing"", ""Hot water"", ""Body soap"", ""Carbon monoxide alarm"", ""Crib"", ""Dishes and silverware"", ""Elevator"", ""Keypad"", ""Beach essentials"", ""Central heating"", ""First aid kit"", ""Bed linens"", ""Shower gel"", ""Hair dryer"", ""Heating - split type ductless system"", ""Baking sheet"", ""Shampoo"", ""Essentials"", ""AC - split type ductless system"", ""Cooking basics"", ""Freezer"", ""Extra pillows and blankets"", ""Game console: PS3"", ""Waterfront"", ""Outdoor dining area"", ""Patio or balcony"", ""Beach access \u2013 Beachfront"", ""Room-darkening shades"", ""Clothing storage: closet, wardrobe, and dresser""]",$103.00,1,20,2.0,2.0,20.0,20.0,2.0,20.0,,t,17,35,57,127,11/03/25,26,5,1,127,4,30,3090.0,01/04/21,15/02/25,4.96,4.96,4.92,4.96,4.96,4.69,4.88,IT058091C2O9NPS7QK,f,1,1,0,0,0.54
10429,41812741.0,https://www.airbnb.com/rooms/41812741,20250300000000.0,12/03/25,previous scrape,Serena's Suite con bagno privato,"In the heart of the central district of Prati and close to all the most interesting places in Rome. My house is bright, it is located on the second floor of a large building overlooking Viale delle Milizie a few meters from the Tiber and Piazza del Popolo . The room  has a large window in the greenery, a French bed with private bathroom, Wifi, TV with digital terrestrial, air conditioning, heating. All the comforts for a unique holiday in a welcoming space!","The Prati neighborhood is part of the center of Rome overlooking the Tiber and runs along all the most beautiful places in the city. Prati is a very stylish residential area, made up of offices and trendy shops. In this area  all means arrive easily but being flat you can walk  or take a bike to find always open bars, restaurants of all kinds , large supermarkets and typical shops where you can really find quality things. From my house you can reach Piazza del Popolo in 5 minutes on foot as well as 15 to the Vatican Museums, to Villa Borghese which is the historic park of Rome in just 10 minutes.",https://a0.muscache.com/pictures/miso/Hosting-41812741/original/9f2b5bf9-c22b-4db4-bc17-b2539d13144e.jpeg,1344527,https://www.airbnb.com/users/show/1344527,Serena,28/10/11,"Rome, Italy",Tengo mi profilo en airbnb,within an hour,100%,98%,t,https://a0.muscache.com/im/users/1344527/profile_pic/1319791748/original.jpg?aki_policy=profile_small,https://a0.muscache.com/im/users/1344527/profile_pic/1319791748/original.jpg?aki_policy=profile_x_medium,Prati,1.0,1.0,"['email', 'phone']",t,t,"Rome, Lazio, Italy",I Centro Storico,,41.91416434,12.46621295,Private room in rental unit,Private room,2,,1 private bath,1.0,,"[""Dedicated workspace"", ""Bidet"", ""Iron"", ""Hangers"", ""Paid parking garage off premises"", ""Coffee"", ""Mini fridge"", ""TV"", ""Laundromat nearby"", ""Wifi"", ""Host greets you"", ""Hot water kettle"", ""Long term stays allowed"", ""Free washer \u2013 In unit"", ""Luggage dropoff allowed"", ""Hot water"", ""Heating"", ""City skyline view"", ""Single level home"", ""Elevator"", ""Garden view"", ""Cleaning available during stay"", ""Bed linens"", ""Shower gel"", ""Hair dryer"", ""Coffee maker: Nespresso"", ""Shampoo"", ""Essentials"", ""Clothing storage: closet"", ""AC - split type ductless system"", ""Extra pillows and blankets"", ""Exterior security cameras on property""]",,3,1125,1.0,4.0,1125.0,1125.0,2.8,1125.0,,t,2,4,10,153,12/03/25,41,30,0,153,32,180,,05/10/23,24/01/25,4.95,4.8,4.88,4.76,4.95,4.95,4.71,IT058091C29PFD4A5P,f,1,0,1,0,2.34
10543,42174499.0,https://www.airbnb.com/rooms/42174499,20250300000000.0,10/03/25,previous scrape,Modern studio to discover eternal city,"Lovely studio located in a fancy neighborhood, just a few minutes away from the most famous park in Rome, Villa Birghese. The apartment has a lovely vibe, some design furniture and it's the perfect place to enjoy your stay in the eternal city. I'm a previous airbnb host, willing to give you the best tips on what to see, to do and to eat and where. The neighborhood is by the way blooming with high quality restaurants and cozy local bistros I can't wait to recommend.","The neighborhood is really fancy and quiet, the location just next to the wonderful park of Villa Borghese will give you the experience of the XVII centuryfasts in the eternal city",https://a0.muscache.com/pictures/b5b094f7-3c4e-48fb-acdf-a9ead49d3533.jpg,174688578,https://www.airbnb.com/users/show/174688578,Laura,22/02/18,"Rome, Italy","Enthusiastic human being. I love to share my passions with others, whether it is food, art, traditions or travel. ",,,,f,https://a0.muscache.com/im/pictures/user/f6e09ea2-37dc-4d10-83cb-a810551bf350.jpg?aki_policy=profile_small,https://a0.muscache.com/im/pictures/user/f6e09ea2-37dc-4d10-83cb-a810551bf350.jpg?aki_policy=profile_x_medium,,1.0,1.0,"['email', 'phone']",t,t,"Rome, Lazio, Italy",II Parioli/Nomentano,,41.91711,12.49946,Entire rental unit,Entire home/apt,3,,1 bath,,,"[""Dryer"", ""Hangers"", ""Wifi"", ""Essentials"", ""Heating"", ""Washer"", ""Kitchen"", ""Hot water"", ""Hair dryer""]",,31,1125,31.0,31.0,1125.0,1125.0,31.0,1125.0,,t,0,0,0,0,10/03/25,0,0,0,0,0,0,,,,,,,,,,,,f,1,1,0,0,
10644,43307848.0,https://www.airbnb.com/rooms/43307848,20250300000000.0,15/03/25,city scrape,Double room - Camera doppia,"double bedroom with separate beds<br />wall-mounted TV, air conditioning<br />private bathroom in room with shower, wifi hairdryer","we are close to the Vatican, near the entrance of the Museums",https://a0.muscache.com/pictures/bd559e5f-9b35-43ad-88f1-3dfd152af785.jpg,139716,https://www.airbnb.com/users/show/139716,Laura,07/06/10,"Rome, Italy","Mi piace diffondere allegria e cordialità
negli anni ho fatto della mia ospitalità la mia missione. conoscere nuove persone, confrontarsi e far sentire i propri ospiti a casa loro
questo è quello che faccio. 
credo nei rapporti umani ed effettivamente ho conosciuto molte persone e soprattutto molte belle persone, che danno un senso al mio lavoro.
amo la musica ma soprattutto il mare. Roma è la città più bella del mondo ma non lo sarebbe così tanto se non avesse il mare a due passi!
ho una bellissima famiglia e alcuni amici con i quali valga la pena spendere il proprio tempo libero e fare belle esperienze.
Vi aspetto... ",within an hour,100%,100%,f,https://a0.muscache.com/im/users/139716/profile_pic/1371218423/original.jpg?aki_policy=profile_small,https://a0.muscache.com/im/users/139716/profile_pic/1371218423/original.jpg?aki_policy=profile_x_medium,Aurelio,10.0,10.0,"['email', 'phone']",t,t,"Rome, Lazio, Italy",XIII Aurelia,,41.90019,12.44442,Private room in bed and breakfast,Private room,2,1.0,1 private bath,1.0,2.0,"[""Extra pillows and blankets"", ""Air conditioning"", ""Hair dryer"", ""Shared backyard"", ""First aid kit"", ""Heating"", ""Hangers"", ""Cleaning available during stay"", ""Hot water"", ""TV"", ""Fire extinguisher"", ""Pets allowed"", ""Long term stays allowed"", ""Shower gel"", ""Essentials"", ""Bed linens"", ""Dove body soap"", ""Clothing storage: closet and dresser"", ""Elevator"", ""Bidet"", ""Wifi"", ""Free street parking"", ""Free parking on premises"", ""Luggage dropoff allowed""]",$64.00,3,1125,1.0,4.0,1125.0,1125.0,1.7,1125.0,,t,14,38,54,217,15/03/25,18,0,0,216,0,0,0.0,13/06/20,18/11/23,4.72,4.56,4.89,4.61,4.44,4.56,4.5,IT058091C1HOUEZ83J,t,10,4,6,0,0.31
10761,43177499.0,https://www.airbnb.com/rooms/43177499,20250300000000.0,07/03/25,city scrape,Campo dei Fiori 11 people - Charme,"Very large house, unique location between Piazza Campo dei Fiori and Trastevere. The apartment is located on the first floor with lift, composed of a bedroom with a double bed and a double sofa bed, another bedroom with a double bed and a pouf bed and a bathroom with shower, a wonderful living room with 1 double sofa bed and other two single puffs.<br /><br />The house is completed by a small terrace with a breathtaking view of the Sisto bridge and a Trastevere tavern-style kitchen.","The apartment is located in Via dei Pettinari n. 40, between Piazza Campo dei Fiori and Trastevere Area, just around Imperial Forum, in the centre of Rome and just a block away from Piazza Navona! You will be able to shop in the elegant Via del Corso, eat an Ice cream sitting on the famous Campo dei Fiori, take a refreshing walk inside Villa Borghese and of course, taste the Italian Cuisine in any of the many restaurants in the area. The apartment is in the middle of everything you must see in Rome: Spanish Steps, Trevi Fountain, Pantheon, Via Condotti, Via Veneto, Piazza San Lorenzo in Lucina are All at walking distance. In Via del Tritone you have The Rinascente the biggest, most fashionable and most beautiful shopping mall in town. All of these just a few steps from your Italian home, without the need of having to take a car, or public transportation!",https://a0.muscache.com/pictures/miso/Hosting-43177499/original/e623ec21-ec8d-47d1-8846-7e828b55b68f.jpeg,51503378,https://www.airbnb.com/users/show/51503378,Laura,16/12/15,"Rome, Italy",,within an hour,98%,100%,f,https://a0.muscache.com/im/pictures/user/User-51503378/original/a6ab36aa-c72b-451d-be1d-b95f38fa845e.jpeg?aki_policy=profile_small,https://a0.muscache.com/im/pictures/user/User-51503378/original/a6ab36aa-c72b-451d-be1d-b95f38fa845e.jpeg?aki_policy=profile_x_medium,Monti,10.0,34.0,"['email', 'phone']",t,t,"Rome, Lazio, Italy",I Centro Storico,,41.89416,12.4714,Entire rental unit,Entire home/apt,11,1.0,1 bath,3.0,7.0,"[""Paid parking off premises"", ""Iron"", ""Smoke alarm"", ""Hangers"", ""Baby bath"", ""Fire extinguisher"", ""Refrigerator"", ""High chair"", ""Paid parking on premises"", ""Changing table"", ""Washer"", ""Private entrance"", ""Wifi"", ""Coffee maker"", ""Host greets you"", ""Oven"", ""Babysitter recommendations"", ""Dishwasher"", ""Stove"", ""Long term stays allowed"", ""Cleaning products"", ""Pets allowed"", ""Hot water"", ""Heating"", ""Carbon monoxide alarm"", ""Single level home"", ""Crib"", ""Dishes and silverware"", ""Air conditioning"", ""First aid kit"", ""Bed linens"", ""Shower gel"", ""TV with standard cable"", ""Hair dryer"", ""Shampoo"", ""Essentials"", ""Cooking basics"", ""Extra pillows and blankets"", ""Patio or balcony"", ""Kitchen""]",$168.00,2,1125,1.0,2.0,1125.0,1125.0,1.3,1125.0,,t,8,14,20,211,07/03/25,60,55,0,153,51,255,42840.0,13/11/22,02/02/25,4.85,4.87,4.87,4.87,4.85,4.97,4.78,IT058091B4OEJF5HGZ,t,10,10,0,0,2.13
10783,43266004.0,https://www.airbnb.com/rooms/43266004,20250300000000.0,07/03/25,city scrape,camera doppia,"Double room with private bathroom<br />equipped with wall-mounted TV, air conditioning<br />private bathroom in room with shower, hairdryer","Welcome to Rome! Our property is close to several points of interest that will make your stay even more pleasant. One of these is Monte Ciocci Park, located in the Rome area.<br /><br />Monte Ciocci Park is a very suggestive green area, perfect for a relaxing walk or jogging. Here you can admire beautiful panoramic views of the city of Rome and enjoy some tranquility away from the urban chaos.<br /><br />The park is also a great place to organize a picnic with family or friends, thanks to its large green areas and numerous picnic tables available. Also, if you are passionate about photography, you will find many evocative corners to capture.<br /><br />If you want to take a break from tourism and immerse yourself in nature, Monte Ciocci Park is definitely a must-see during your stay in Rome.",https://a0.muscache.com/pictures/bd559e5f-9b35-43ad-88f1-3dfd152af785.jpg,139716,https://www.airbnb.com/users/show/139716,Laura,07/06/10,"Rome, Italy","Mi piace diffondere allegria e cordialità
negli anni ho fatto della mia ospitalità la mia missione. conoscere nuove persone, confrontarsi e far sentire i propri ospiti a casa loro
questo è quello che faccio. 
credo nei rapporti umani ed effettivamente ho conosciuto molte persone e soprattutto molte belle persone, che danno un senso al mio lavoro.
amo la musica ma soprattutto il mare. Roma è la città più bella del mondo ma non lo sarebbe così tanto se non avesse il mare a due passi!
ho una bellissima famiglia e alcuni amici con i quali valga la pena spendere il proprio tempo libero e fare belle esperienze.
Vi aspetto... ",within an hour,100%,100%,f,https://a0.muscache.com/im/users/139716/profile_pic/1371218423/original.jpg?aki_policy=profile_small,https://a0.muscache.com/im/users/139716/profile_pic/1371218423/original.jpg?aki_policy=profile_x_medium,Aurelio,10.0,10.0,"['email', 'phone']",t,t,"Rome, Lazio, Italy",XIII Aurelia,,41.9001,12.4438,Private room in bed and breakfast,Private room,2,1.0,1 private bath,1.0,0.0,"[""Dedicated workspace"", ""Bidet"", ""Fire extinguisher"", ""Hangers"", ""Clothing storage: closet and dresser"", ""TV"", ""Wifi"", ""Free street parking"", ""Long term stays allowed"", ""Pets allowed"", ""Luggage dropoff allowed"", ""Lock on bedroom door"", ""Hot water"", ""Heating"", ""Single level home"", ""Air conditioning"", ""Window guards"", ""First aid kit"", ""Cleaning available during stay"", ""Bed linens"", ""Shower gel"", ""Hair dryer"", ""Essentials"", ""Free parking on premises"", ""Extra pillows and blankets"", ""Exterior security cameras on property"", ""Dove body soap""]",$64.00,2,1125,1.0,3.0,1125.0,1125.0,1.4,1125.0,,t,19,43,70,256,07/03/25,2,0,0,255,0,0,0.0,01/10/22,09/07/23,3.0,3.0,3.0,3.0,3.0,2.5,3.0,IT058091C1HOUEZ83J,t,10,4,6,0,0.07
10784,43266096.0,https://www.airbnb.com/rooms/43266096,20250300000000.0,12/03/25,city scrape,Camera singola con bagno privato,single room with private bathroom<br />the room enjoys air conditioning<br />the bathroom has a shower and  a wifi hairdryer,"Rome, the eternal city, is one of the most fascinating tourist destinations in the world. Located in the heart of Italy, Rome offers a unique combination of ancient and modern history. Known for its iconic monuments, such as the Colosseum, Roman Forum, and Vatican City, Rome offers a wealth of cultural and artistic attractions.<br /><br />In addition to its famous monuments, Rome is also famous for its delicious and authentic cuisine. Visitors can enjoy a wide range of culinary delicacies, from traditional pasta dishes to wood-burning pizzas. Don't forget to taste the world-famous Italian ice cream, which is famous all over the world.<br /><br />If you are a nature lover, you cannot miss the Monte Ciocci Park. Located in the heart of Rome, this park offers a quiet escape from the hustle and bustle of the city. You can take a relaxing walk in the trees and enjoy the panoramic view of the city.<br /><br />Rome also offers plenty of shopping opportunities, from high fashion shops to local",https://a0.muscache.com/pictures/28f45664-afbd-4d5e-ba2f-60579efd8700.jpg,139716,https://www.airbnb.com/users/show/139716,Laura,07/06/10,"Rome, Italy","Mi piace diffondere allegria e cordialità
negli anni ho fatto della mia ospitalità la mia missione. conoscere nuove persone, confrontarsi e far sentire i propri ospiti a casa loro
questo è quello che faccio. 
credo nei rapporti umani ed effettivamente ho conosciuto molte persone e soprattutto molte belle persone, che danno un senso al mio lavoro.
amo la musica ma soprattutto il mare. Roma è la città più bella del mondo ma non lo sarebbe così tanto se non avesse il mare a due passi!
ho una bellissima famiglia e alcuni amici con i quali valga la pena spendere il proprio tempo libero e fare belle esperienze.
Vi aspetto... ",within an hour,100%,100%,f,https://a0.muscache.com/im/users/139716/profile_pic/1371218423/original.jpg?aki_policy=profile_small,https://a0.muscache.com/im/users/139716/profile_pic/1371218423/original.jpg?aki_policy=profile_x_medium,Aurelio,10.0,10.0,"['email', 'phone']",t,t,"Rome, Lazio, Italy",XIII Aurelia,,41.90001,12.44286,Private room in bed and breakfast,Private room,1,1.0,1 private bath,1.0,1.0,"[""Dedicated workspace"", ""Fire extinguisher"", ""Hangers"", ""Refrigerator"", ""TV"", ""Wifi"", ""Coffee maker"", ""Free street parking"", ""Breakfast"", ""Long term stays allowed"", ""Pets allowed"", ""Luggage dropoff allowed"", ""Lock on bedroom door"", ""Hot water"", ""Heating"", ""Dishes and silverware"", ""Air conditioning"", ""First aid kit"", ""Hair dryer"", ""Essentials"", ""Free parking on premises"", ""Kitchen""]",$56.00,2,1125,1.0,3.0,1125.0,1125.0,2.0,1125.0,,t,0,0,0,0,12/03/25,13,4,0,0,5,24,1344.0,16/08/21,16/11/24,4.85,4.92,4.92,4.85,4.69,4.85,4.92,IT058091C1HOUEZ83J,t,10,4,6,0,0.3
10914,44038752.0,https://www.airbnb.com/rooms/44038752,20250300000000.0,05/03/25,city scrape,A due passi dal centro ma in tranquillità,"Rosso Rubino is a lovely 50 sqm apartment. It consists of a large living room with sofa bed, open kitchen, double bedroom and walk-in closet, large bathroom with maxi shower. The apartment is equipped with heating and air conditioning, refrigerator, microwave, equipped with bath and bed linens, free WiFi. Rosso Rubino is 200 meters from the wonderful Basilica di San Paolo and 100 meters from the Metro B San Paolo stop","Located in the south part of the city., San Paolo guarantees quick access to city airports, it is well served by the metro line B and can also be reached thanks to the regional railway of Lazio Roma Ostiense. And, given that the southern part of Rome can also be a starting point for appreciating the lively seaside life of the Lazio coast, Fregene, Ostia and Maccarese. Visiting San Paolo means immersing yourself in the lively and pulsating heart of Rome to know trendy places, intellectual and literary circles of great depth. Also loved by Turkish director Ferzan Ozpetek, who decided to establish his Italian residence here, the neighborhood was also photographed in its splendour thanks to the film The ignorant fairies",https://a0.muscache.com/pictures/hosting/Hosting-U3RheVN1cHBseUxpc3Rpbmc6NDQwMzg3NTI%3D/original/46e1f347-07ee-4e66-b78f-36fe3a91cc05.jpeg,353005288,https://www.airbnb.com/users/show/353005288,Laura,02/07/20,,,within an hour,100%,100%,f,https://a0.muscache.com/im/pictures/user/1e46748f-310c-4b1a-8645-db89d119f40e.jpg?aki_policy=profile_small,https://a0.muscache.com/im/pictures/user/1e46748f-310c-4b1a-8645-db89d119f40e.jpg?aki_policy=profile_x_medium,,1.0,1.0,"['email', 'phone']",t,t,"Rome, Lazio, Italy",VIII Appia Antica,,41.85547,12.47885,Entire rental unit,Entire home/apt,4,1.0,1 bath,1.0,2.0,"[""Smoke alarm"", ""Hangers"", ""Fire extinguisher"", ""Refrigerator"", ""Dining table"", ""Microwave"", ""Children\u2019s books and toys"", ""Laundromat nearby"", ""Private entrance"", ""Paid parking garage on premises"", ""Wifi"", ""Free street parking"", ""Hot water kettle"", ""Stove"", ""Cleaning products"", ""Pets allowed"", ""Hot water"", ""Smoking allowed"", ""Carbon monoxide alarm"", ""Wine glasses"", ""Dishes and silverware"", ""Air conditioning"", ""Central heating"", ""Bed linens"", ""Shower gel"", ""TV with standard cable"", ""Hair dryer"", ""Shampoo"", ""Essentials"", ""Cooking basics"", ""Freezer"", ""Extra pillows and blankets"", ""Kitchen""]",$80.00,1,29,1.0,1.0,29.0,29.0,1.0,29.0,,t,10,15,31,227,05/03/25,38,6,0,227,7,36,2880.0,05/09/20,23/07/24,4.87,4.89,4.95,5.0,5.0,4.89,4.89,IT058091C2JJERPVPE,f,1,1,0,0,0.69
10939,44059360.0,https://www.airbnb.com/rooms/44059360,20250300000000.0,15/03/25,city scrape,Camera doppia al Centro di Roma,Evergreen very close to Roma Termini central station and metro lines A and B.  Bedroom with private bathroom.  Very close to the Umberto I Polyclinic Hospital and the Sapienza University.,"Located in the center of Rome, very close to all points of interest, public transport terminus a few meters away. Very close to metro stops and Roma Termini Central Station.",https://a0.muscache.com/pictures/157950e0-9a0f-4615-813f-d00369707001.jpg,103448059,https://www.airbnb.com/users/show/103448059,Laura,12/11/16,,,within an hour,100%,98%,f,https://a0.muscache.com/im/pictures/user/31d4a44b-eae8-4578-89a6-517b7e0686f0.jpg?aki_policy=profile_small,https://a0.muscache.com/im/pictures/user/31d4a44b-eae8-4578-89a6-517b7e0686f0.jpg?aki_policy=profile_x_medium,,4.0,4.0,"['email', 'phone', 'work_email']",t,t,"Rome, Lazio, Italy",I Centro Storico,,41.90154,12.50465,Private room in bed and breakfast,Private room,2,1.0,1 private bath,1.0,1.0,"[""Bed linens"", ""Wifi \u2013 36 Mbps"", ""Hangers"", ""Air conditioning"", ""Hair dryer"", ""Ethernet connection"", ""Elevator"", ""Hot water"", ""TV"", ""Fire extinguisher"", ""Exterior security cameras on property"", ""Shampoo"", ""Refrigerator"", ""First aid kit"", ""Carbon monoxide alarm"", ""Heating"", ""Essentials"", ""Hot water kettle""]",$98.00,1,10,1.0,4.0,99.0,99.0,1.4,99.0,,t,18,39,61,230,15/03/25,90,18,1,230,34,108,10584.0,15/09/21,24/02/25,4.77,4.67,4.81,4.74,4.7,4.79,4.57,IT058091B4VKKC9CYA,t,4,0,4,0,2.11
10970,44229411.0,https://www.airbnb.com/rooms/44229411,20250300000000.0,11/03/25,previous scrape,La casa di Lola al Pigneto,"The apartment has just been renovated, it is located in the heart of the pedestrian island of the Pigneto neighborhood and offers everything that can give you a stay in full relaxation, without worries but with all the comforts you need. You will have a digital TV with Netflix access, wifi internet in fiber, chromotherapy in the bathroom, air conditioning in each room, set of linens.<br />Lola also likes to leave some welcome gifts:)","pigneto is the winning combination of two contrasts and strong personalities, the daytime representative of the characteristic Romanesque spirit, and the night that is a symbol of a recent and sought-after reality of the Roman scene.<br />Pigneto is the neighborhood of ‘Accattone‘ and Pier Paolo Pasolini, as well as the set of other great movies such as Roberto Rossellini's ""open city Rome"" with Anna Magnani and Aldo Fabrizi.<br />Today the centerpiece of Roman Urban Art, a neighborhood that exudes energy 24 hours a day.",https://a0.muscache.com/pictures/89a56f5a-8be8-4cd8-9fe9-f8741da8a3ae.jpg,29375485,https://www.airbnb.com/users/show/29375485,Laura,15/03/15,"Rome, Italy",,,,0%,f,https://a0.muscache.com/im/pictures/user/5e76ed28-973d-4b7b-a42f-d374d15f09d6.jpg?aki_policy=profile_small,https://a0.muscache.com/im/pictures/user/5e76ed28-973d-4b7b-a42f-d374d15f09d6.jpg?aki_policy=profile_x_medium,,1.0,1.0,"['email', 'phone']",t,t,"Rome, Lazio, Italy",V Prenestino/Centocelle,,41.88777,12.53163,Entire rental unit,Entire home/apt,4,,1 bath,1.0,,"[""Vidal  body soap"", ""Bidet"", ""Dedicated workspace"", ""Hangers"", ""Refrigerator"", ""Self check-in"", ""Clothing storage: closet and dresser"", ""Private entrance"", ""Wifi"", ""Coffee maker"", ""Oven"", ""HDTV with premium cable"", ""Dishwasher"", ""Electric stove"", ""Hot water kettle"", ""Cleaning products"", ""Free washer \u2013 In unit"", ""Long term stays allowed"", ""Hot water"", ""Heating"", ""Single level home"", ""Dishes and silverware"", ""Air conditioning"", ""Bed linens"", ""Shower gel"", ""Lockbox"", ""Hair dryer"", ""Shampoo"", ""Essentials"", ""Cooking basics"", ""Extra pillows and blankets"", ""Kitchen""]",,31,1125,31.0,31.0,1125.0,1125.0,31.0,1125.0,,t,0,0,0,70,11/03/25,1,0,0,1,0,0,,29/09/20,29/09/20,5.0,5.0,5.0,5.0,5.0,5.0,5.0,,f,1,1,0,0,0.02
11135,45073942.0,https://www.airbnb.com/rooms/45073942,20250300000000.0,08/03/25,city scrape,Acetari Terrace,"Our lovely house is located a stone's throw from the famous Piazza Navona and the historic Via dei Fori Imperiali, you look out from its small terrace in a small village in a small square in Rome and you find yourself catapulted back to 1960. It is extremely quiet and comfortable and has another terrace where you can relax and read a book, it is a set of large spaces. In the immediate vicinity there are numerous possibilities to eat from small restaurants, snack bars and supermarkets.","It is located in the historic center in the immediate vicinity of Piazza Navona and Campo di Fiori within a magical courtyard where you can appreciate the privacy being in the center of Rome owes the history of the centuries is a stone's throw from the most famous monuments in the world.<br />You go from the Vatican to Trastevere district, in Piazza di Spagna to the Imperial Forums to reach the majesty of the Colosseum only pleasantly walking with small distances to reach in the plain and not having to take any means of transport.",https://a0.muscache.com/pictures/dd6f4977-ede2-42c9-b786-b55d3f13c3bb.jpg,9956489,https://www.airbnb.com/users/show/9956489,Laura,12/11/13,"Rome, Italy",La cordialità e la simpatia è la mia professionalità ,within an hour,100%,100%,f,https://a0.muscache.com/im/users/9956489/profile_pic/1387533170/original.jpg?aki_policy=profile_small,https://a0.muscache.com/im/users/9956489/profile_pic/1387533170/original.jpg?aki_policy=profile_x_medium,,6.0,6.0,"['email', 'phone']",t,t,"Rome, Lazio, Italy",I Centro Storico,,41.89645,12.471214,Entire rental unit,Entire home/apt,4,2.0,2 baths,1.0,1.0,"[""Dedicated workspace"", ""Bidet"", ""Iron"", ""Smoke alarm"", ""Hangers"", ""Fire extinguisher"", ""Refrigerator"", ""Paid parking garage off premises"", ""High chair"", ""Ethernet connection"", ""Self check-in"", ""Portable fans"", ""Microwave"", ""Private entrance"", ""Wifi"", ""Pack \u2019n play/Travel crib"", ""Coffee maker"", ""Free street parking"", ""Oven"", ""HDTV with premium cable"", ""Dishwasher"", ""Stove"", ""Long term stays allowed"", ""Free washer \u2013 In unit"", ""Pets allowed"", ""Luggage dropoff allowed"", ""Hot water"", ""Body soap"", ""Heating"", ""Carbon monoxide alarm"", ""Wine glasses"", ""Crib"", ""Dishes and silverware"", ""Courtyard view"", ""Window guards"", ""First aid kit"", ""Building staff"", ""Bed linens"", ""Shower gel"", ""Hair dryer"", ""Baking sheet"", ""Dryer"", ""Shampoo"", ""Private patio or balcony"", ""Essentials"", ""AC - split type ductless system"", ""Cooking basics"", ""Books and reading material"", ""Extra pillows and blankets"", ""Kitchen""]",$183.00,2,1125,2.0,2.0,1125.0,1125.0,2.0,1125.0,,t,6,8,12,187,08/03/25,75,12,0,121,14,72,13176.0,01/11/21,08/10/24,4.89,4.93,4.96,4.97,4.97,4.96,4.89,IT058091B4G953Z6AX,t,3,3,0,0,1.84
11183,45148169.0,https://www.airbnb.com/rooms/45148169,20250300000000.0,10/03/25,previous scrape,Elegant Green Rhome Apartment,"Surrounded by greenery, the Greeen Rhome is a structure that gives that relaxing touch to your stay in Rome.<br /><br />A 15-minute drive from Fiumicino Airport, Roma Centro and the beaches, it offers a private outdoor space also furnished with a barbecue. The garden has a pool, AC, TV, dining area, kitchen with microwave and private bathroom with shower. Nearby you will find convenience stores, restaurants and cafes. <br />For shopping, we recommend the largest shopping mall in Europe EUROMA2.","We are a 15-minute drive from Fiumicino and Ciampino Airport.<br />Located 20 minutes from the historic center of Rome: Colosseum, Circo Massimo, Fori Imperiali, Bocca della Verdad, Piazza Venezia and 20 minutes from the beaches of the Laziale Litorale.<br />For shopping we recommend the largest shopping center in Europe Euroma2, located 5 minutes away and Designer Outlet Castel Romano.",https://a0.muscache.com/pictures/41052960-3d29-4f2a-9472-9c64c8e3e337.jpg,185936267,https://www.airbnb.com/users/show/185936267,Serena,23/04/18,"New York, NY",,,,,f,https://a0.muscache.com/im/pictures/user/2c918c65-3e92-4791-8d41-2331f89eca3e.jpg?aki_policy=profile_small,https://a0.muscache.com/im/pictures/user/2c918c65-3e92-4791-8d41-2331f89eca3e.jpg?aki_policy=profile_x_medium,,1.0,1.0,"['email', 'phone']",t,t,"Rome, Lazio, Italy",IX Eur,,41.80043,12.45104,Entire rental unit,Entire home/apt,3,,1 bath,1.0,,"[""Iron"", ""Fire extinguisher"", ""Hangers"", ""Refrigerator"", ""Barbecue utensils"", ""Washer"", ""Microwave"", ""TV"", ""Pool"", ""Private entrance"", ""Wifi"", ""Coffee maker"", ""Free street parking"", ""Oven"", ""Dishwasher"", ""Stove"", ""Pets allowed"", ""Hot water"", ""Body soap"", ""Heating"", ""Dishes and silverware"", ""Air conditioning"", ""First aid kit"", ""Bed linens"", ""Backyard"", ""Hair dryer"", ""Shampoo"", ""Essentials"", ""Cooking basics"", ""Freezer"", ""BBQ grill"", ""Extra pillows and blankets"", ""Free parking on premises"", ""Patio or balcony"", ""Kitchen""]",,31,1125,31.0,31.0,1125.0,1125.0,31.0,1125.0,,,0,0,0,0,10/03/25,0,0,0,0,0,0,,,,,,,,,,,,f,1,1,0,0,
11425,45987068.0,https://www.airbnb.com/rooms/45987068,20250300000000.0,15/03/25,city scrape,Pigneto Life Nest,"Nice Apartment in the historic and central Pigneto district. Very close to the metro stops (Metro C stop Pigneto 100m, Metro C stop Lodi 200m, Metro A stop San Giovanni 700m) and well connected to Termini station and the city center also by bus and tram. Around many clubs and bistros where you can spend pleasant moments during your stay.<br />The apartment has been completely renovated and is equipped with Wi-Fi, TV and air conditioning<br />Check in and check out times are flexible.","Over the years, the Pigneto has undergone notable evolutions, which have transformed it from a popular and proletarian neighborhood to a culturally and artistically alive neighborhood described by many as the Brooklyn of Rome<br />In its maze of streets, you will be able to discover many clubs, for all tastes. Intense, historic and trendy, Pigneto is the winning combination of two opposing and distinct personalities, the daytime one representing the characteristic Romanesque soul, and the nighttime one, symbol of a recent and sought-after reality of the Roman nightlife.<br />Today the hub of Roman Urban Art, long beards, tobacco, chat about the highest systems, the neighborhood is as lively as the fauna that populates it. A neighborhood that exudes energy 24 hours a day.<br />International public opinion has also recently covered the Pigneto, two articles in particular, Vanity Fair and the New York Times. Pigneto is not a neighborhood, Magritte would have written. It became by acclamat",https://a0.muscache.com/pictures/3073db88-a056-4748-b501-3a23314994ab.jpg,112584235,https://www.airbnb.com/users/show/112584235,Mario,21/01/17,"Rome, Italy",,within an hour,100%,100%,f,https://a0.muscache.com/im/pictures/user/5e836353-01a0-4081-aad9-a09b2e327109.jpg?aki_policy=profile_small,https://a0.muscache.com/im/pictures/user/5e836353-01a0-4081-aad9-a09b2e327109.jpg?aki_policy=profile_x_medium,,1.0,1.0,"['email', 'phone']",t,t,"Rome, Lazio, Italy",V Prenestino/Centocelle,,41.88836,12.52415,Entire rental unit,Entire home/apt,2,1.0,1 bath,1.0,1.0,"[""Extra pillows and blankets"", ""Cleaning products"", ""Air conditioning"", ""Hair dryer"", ""First aid kit"", ""Kitchen"", ""Coffee maker"", ""Heating"", ""Hot water kettle"", ""Room-darkening shades"", ""Hangers"", ""Hot water"", ""TV"", ""Pets allowed"", ""Iron"", ""Drying rack for clothing"", ""Shower gel"", ""Host greets you"", ""Essentials"", ""Bed linens"", ""Toaster"", ""Clothing storage: closet and dresser"", ""Wine glasses"", ""Dishes and silverware"", ""Ceiling fan"", ""Portable fans"", ""Lockbox"", ""Freezer"", ""Wifi"", ""Gas stove"", ""Refrigerator"", ""Cooking basics"", ""Self check-in"", ""Washer""]",$55.00,1,30,1.0,1.0,1125.0,1125.0,1.0,1125.0,,t,0,4,10,218,15/03/25,207,51,4,166,55,255,14025.0,02/11/20,26/02/25,4.68,4.83,4.61,4.92,4.91,4.37,4.63,IT058091C2XWH9UNYM,t,1,1,0,0,3.89
11510,47372986.0,https://www.airbnb.com/rooms/47372986,20250300000000.0,12/03/25,city scrape,Colosseum Holidays - Marco Aurelio,"JUST RENOVATED IN APRIL 2021!<br /><br />At 300 meters from the Colosseum, the house has been completely renovated with Italian design furniture to ensure guests the best experience in the heart of the Eternal City.<br /><br />Colosseum Holidays is a 70 m² (750 ft²) apartment offering a bright living room and two spacious double suites with 2 en-suite bathrooms.<br /><br />The home features high-speed Wi-Fi, self check-in technology, air conditioning, and the latest smart home system.",,https://a0.muscache.com/pictures/miso/Hosting-47372986/original/3105db82-b268-47d3-beca-33f4fd0baf89.jpeg,382445588,https://www.airbnb.com/users/show/382445588,Laura,31/12/20,"Rome, Italy","Colosseum Holidays Rome is born in 2021 from the idea of a non-professional host family, passionate about travel and discovering cultures. We strongly believe in the power of technology to create a better travel experience to our guests. After each stay the flat is entrusted to a professional cleaning company that takes extraordinary disinfection measures dictated by the particular moment, for the maximum safety of each guest.",within an hour,100%,100%,,https://a0.muscache.com/im/pictures/user/9debd181-a8a7-4c1d-9227-6a6474743a7a.jpg?aki_policy=profile_small,https://a0.muscache.com/im/pictures/user/9debd181-a8a7-4c1d-9227-6a6474743a7a.jpg?aki_policy=profile_x_medium,,4.0,7.0,"['email', 'phone']",t,t,,I Centro Storico,,41.887829,12.496602,Entire condo,Entire home/apt,6,2.0,2 baths,2.0,3.0,"[""Dedicated workspace"", ""Bidet"", ""Smoke alarm"", ""Hangers"", ""Fire extinguisher"", ""Ethernet connection"", ""Dining table"", ""Crib - available upon request"", ""Self check-in"", ""Clothing storage: closet and dresser"", ""Microwave"", ""Private entrance"", ""Wifi"", ""Pack \u2019n play/Travel crib"", ""Free street parking"", ""Oven"", ""Dishwasher"", ""Hot water kettle"", ""Long term stays allowed"", ""Cleaning products"", ""Free washer \u2013 In unit"", ""Drying rack for clothing"", ""Hot water"", ""Carbon monoxide alarm"", ""City skyline view"", ""Single level home"", ""Dishes and silverware"", ""Courtyard view"", ""Central heating"", ""Shared backyard \u2013 Fully fenced"", ""Smart lock"", ""Bed linens"", ""Indesit refrigerator"", ""Hair dryer"", ""43 inch HDTV with Netflix, Amazon Prime Video, premium cable, standard cable"", ""Coffee maker: Nespresso"", ""Electrolux induction stove"", ""Essentials"", ""AC - split type ductless system"", ""Cooking basics"", ""Freezer"", ""Extra pillows and blankets"", ""Paid parking lot off premises"", ""Kitchen""]",$177.00,3,1125,1.0,3.0,1125.0,1125.0,3.0,1125.0,,t,2,2,2,2,12/03/25,284,77,3,0,79,255,45135.0,18/05/21,06/03/25,4.91,4.93,4.92,4.92,4.91,4.92,4.84,IT058091C2EQ9MUSJ8,t,1,1,0,0,6.11
11661,48709998.0,https://www.airbnb.com/rooms/48709998,20250300000000.0,12/03/25,previous scrape,Artist Studio Piazza Navona by Tamoroma,"Excellent location in the heart of the historic center, a stone's throw from P. Navona and Castel Sant'Angelo, perfect for discovering the city on foot. Artist Studio is a special space suitable for young people: large spaces furnished in an original way. Located on the ground floor of an old building. Large dining room with kitchenette, bathroom, double bed on loft accessible by a steep staircase, not suitable for people with disabilities. Little natural light and just a window at ground level. Only self check-in","Very popular with young people, lots of places nearby, shopping area",https://a0.muscache.com/pictures/miso/Hosting-48709998/original/1b3cef4f-4f6a-41e8-bdcb-8a5c37e7ea55.jpeg,262993810,https://www.airbnb.com/users/show/262993810,Laura,20/05/19,"Rome, Italy",Quando viaggio spesso prenoto Last Minuts,within an hour,100%,100%,t,https://a0.muscache.com/im/pictures/user/9acc8de5-61e1-409e-909f-1371e3df9908.jpg?aki_policy=profile_small,https://a0.muscache.com/im/pictures/user/9acc8de5-61e1-409e-909f-1371e3df9908.jpg?aki_policy=profile_x_medium,,8.0,8.0,"['email', 'phone']",t,t,"Rome, Lazio, Italy",I Centro Storico,,41.89898,12.46953,Entire rental unit,Entire home/apt,2,,1 bath,1.0,,"[""Dedicated workspace"", ""Toaster"", ""Smoke alarm"", ""Hangers"", ""Fire extinguisher"", ""Refrigerator"", ""Paid parking garage off premises"", ""Clamp on table seat high chair"", ""Dining table"", ""Induction stove"", ""Self check-in"", ""Microwave"", ""Laundromat nearby"", ""Wifi"", ""Hot water kettle"", ""Long term stays allowed"", ""Luggage dropoff allowed"", ""Hot water"", ""Body soap"", ""Heating"", ""Carbon monoxide alarm"", ""Wine glasses"", ""Dishes and silverware"", ""Keypad"", ""Bed linens"", ""Shower gel"", ""Hair dryer"", ""Essentials"", ""AC - split type ductless system"", ""Exterior security cameras on property"", ""Kitchen""]",,35,90,35.0,35.0,1125.0,1125.0,35.0,1125.0,,t,0,0,0,0,12/03/25,179,47,0,0,55,255,,30/05/21,26/11/24,4.78,4.88,4.87,4.93,4.95,4.97,4.77,CVN-001036-7,t,2,2,0,0,3.88
11745,49010350.0,https://www.airbnb.com/rooms/49010350,20250300000000.0,08/03/25,city scrape,✧Termini Terrace B&B✧ is 150 mt From Termini ST 3,"Termini Terrace is an elegant Bed and Breakfast with a wonderful terrace.<br />It is located in the centre of Rome and about 150 metres from Termini station, where all means of transport connect: many trains come and go, as well as the two metro lines, the city buses and the airport shuttles.<br /><br />From this privileged position it's easy to reach Rome's main touristic sites in a few minutes by foot, such as the Colosseum,  the Trevi Fountain, and the main shopping streets.<br /><br />We are waiting for you!","The neighborhood where we are located is part of the historic center and goes from Termini Station to the Esquilino.<br /><br />Roma Termini is the main railway station of the city and its name derives from the ancient Baths of Diocletian which are located in front of the main entrance.<br /><br />Esquilino is one of the famous Seven Hills where the city of Rome was founded, dating back to the 8th century B.C. Patrons lived there: Mecenate, Horace, Virgilio, Properzio and other illustrious personalities.<br /><br />Now Esquilino is one of the best ethnic district in Rome, a virtuous example of racial integration, in continuity with the ancient Roman multiethnic attitude. <br /><br />Here you will be able to get lost in a world full of colors, scents and flavors that evokes distant lands.",https://a0.muscache.com/pictures/20435592-4afc-465c-824c-889948b9e1d2.jpg,395244092,https://www.airbnb.com/users/show/395244092,Mario,02/04/21,,"Mi prenderò cura del vostro soggiorno garantendovi la migliore esperienza di soggiorno.

Abito a Roma da sempre e, avendo girato tutto il Mondo, ho fatto dell’ospitalità la mia passione. 

Conosco i gusti e lo stile internazionale e sono multiculturale.
Le cose che amo di Roma? La bellezza, l'arte, la buona cucina, la luce e il suo sole.

Vi darò i migliori consigli, informazioni ed itinerari per poter approfittare al meglio del vostro soggiorno, vivendo “a Roma come i Romani“.

Ho una passione per il cinema Italiano, e potrò indicarvi i set e le piazze che hanno fatto da cornice ai film dei più famosi registi.

Non vedo l'ora di potervi accogliere!
___________________________________________________
I will take care of your stay guaranteeing you the best experience.

I have always lived in Rome and, having traveled throughout the world, hospitality has become my passion.

I know about international tastes and style and I am multicultural.

The things I love about Rome? The beauties of Rome, good food, art, light and the roman sun.  

 I will offer you the best advice, information and suggest itineraries to make the best of your stay and experience Rome like a local.

I have a passion for italian films, and I can show you the film sets and the squares where the films of the most important directors were shot.

I can't wait to welcome you!",within an hour,100%,100%,,https://a0.muscache.com/im/pictures/user/a62243fd-724f-4d31-853d-149962981e85.jpg?aki_policy=profile_small,https://a0.muscache.com/im/pictures/user/a62243fd-724f-4d31-853d-149962981e85.jpg?aki_policy=profile_x_medium,,7.0,9.0,"['email', 'phone']",t,t,"Rome, Lazio, Italy",I Centro Storico,,41.898983,12.501636,Private room in bed and breakfast,Private room,2,1.0,1 private bath,1.0,1.0,"[""Dedicated workspace"", ""Bidet"", ""Iron"", ""49 inch HDTV with Netflix"", ""Fire extinguisher"", ""Refrigerator"", ""Self check-in"", ""Wifi"", ""Coffee maker"", ""Breakfast"", ""Luggage dropoff allowed"", ""Lock on bedroom door"", ""Hot water"", ""Body soap"", ""Heating"", ""Elevator"", ""Keypad"", ""Air conditioning"", ""First aid kit"", ""Shower gel"", ""Hair dryer"", ""Shampoo"", ""Essentials"", ""Room-darkening shades""]",$100.00,1,30,1.0,2.0,1125.0,1125.0,1.6,1125.0,,t,10,27,56,171,08/03/25,103,19,3,171,18,114,11400.0,25/05/21,01/03/25,4.75,4.79,4.92,4.92,4.94,4.64,4.74,IT058091C1DE7ITUHV,t,3,0,3,0,2.23
11786,49299127.0,https://www.airbnb.com/rooms/49299127,20250300000000.0,11/03/25,city scrape,✧Termini Terrace B&B✧ is 150 mt from Termini ST 2,"Termini Terrace is an elegant Bed and Breakfast with a wonderful terrace.<br />It is located in the centre of Rome and about 150 metres from Termini station, where all means of transport connect: many trains come and go, as well as the two metro lines, the city buses and the airport shuttles.<br /><br />From this privileged position it's easy to reach Rome's main touristic sites in a few minutes by foot, such as the Colosseum,  the Trevi Fountain, and the main shopping streets.<br /><br />We are waiting for you!","The neighborhood where we are located is part of the historic center and goes from Termini Station to the Esquilino.<br /><br />Roma Termini is the main railway station of the city and its name derives from the ancient Baths of Diocletian which are located in front of the main entrance.<br /><br />Esquilino is one of the famous Seven Hills where the city of Rome was founded, dating back to the 8th century B.C. Patrons lived there: Mecenate, Horace, Virgilio, Properzio and other illustrious personalities.<br /><br />Now Esquilino is one of the best ethnic district in Rome, a virtuous example of racial integration, in continuity with the ancient Roman multiethnic attitude. <br /><br />Here you will be able to get lost in a world full of colors, scents and flavors that evokes distant lands.",https://a0.muscache.com/pictures/99812901-1492-4a6a-84ec-f79ccc4c5f0c.jpg,395244092,https://www.airbnb.com/users/show/395244092,Mario,02/04/21,,"Mi prenderò cura del vostro soggiorno garantendovi la migliore esperienza di soggiorno.

Abito a Roma da sempre e, avendo girato tutto il Mondo, ho fatto dell’ospitalità la mia passione. 

Conosco i gusti e lo stile internazionale e sono multiculturale.
Le cose che amo di Roma? La bellezza, l'arte, la buona cucina, la luce e il suo sole.

Vi darò i migliori consigli, informazioni ed itinerari per poter approfittare al meglio del vostro soggiorno, vivendo “a Roma come i Romani“.

Ho una passione per il cinema Italiano, e potrò indicarvi i set e le piazze che hanno fatto da cornice ai film dei più famosi registi.

Non vedo l'ora di potervi accogliere!
___________________________________________________
I will take care of your stay guaranteeing you the best experience.

I have always lived in Rome and, having traveled throughout the world, hospitality has become my passion.

I know about international tastes and style and I am multicultural.

The things I love about Rome? The beauties of Rome, good food, art, light and the roman sun.  

 I will offer you the best advice, information and suggest itineraries to make the best of your stay and experience Rome like a local.

I have a passion for italian films, and I can show you the film sets and the squares where the films of the most important directors were shot.

I can't wait to welcome you!",within an hour,100%,100%,,https://a0.muscache.com/im/pictures/user/a62243fd-724f-4d31-853d-149962981e85.jpg?aki_policy=profile_small,https://a0.muscache.com/im/pictures/user/a62243fd-724f-4d31-853d-149962981e85.jpg?aki_policy=profile_x_medium,,7.0,9.0,"['email', 'phone']",t,t,"Rome, Lazio, Italy",I Centro Storico,,41.899139,12.501422,Private room in bed and breakfast,Private room,2,1.0,1 private bath,1.0,1.0,"[""Dedicated workspace"", ""Bidet"", ""Iron"", ""49 inch HDTV with Netflix"", ""Fire extinguisher"", ""Refrigerator"", ""Self check-in"", ""Wifi"", ""Breakfast"", ""Luggage dropoff allowed"", ""Lock on bedroom door"", ""Hot water"", ""Body soap"", ""Heating"", ""Keypad"", ""Air conditioning"", ""First aid kit"", ""Shower gel"", ""Hair dryer"", ""Shampoo"", ""Essentials"", ""Room-darkening shades""]",$112.00,1,30,1.0,2.0,1125.0,1125.0,1.6,1125.0,,t,14,41,71,185,11/03/25,116,17,1,185,14,102,11424.0,07/05/21,09/02/25,4.89,4.91,4.95,4.93,4.95,4.75,4.76,IT058091C1DE7ITUHV,t,3,0,3,0,2.48
11787,49299539.0,https://www.airbnb.com/rooms/49299539,20250300000000.0,11/03/25,city scrape,✧Termini Terrace B&B✧ is 150 mt From Termini ST 1,"Termini Terrace is an elegant Bed and Breakfast with a wonderful terrace.<br />It is located in the centre of Rome and about 150 metres from Termini station, where all means of transport connect: many trains come and go, as well as the two metro lines, the city buses and the airport shuttles.<br /><br />From this privileged position it's easy to reach Rome's main touristic sites in a few minutes by foot, such as the Colosseum,  the Trevi Fountain, and the main shopping streets.<br /><br />We are waiting for you!","The neighborhood where we are located is part of the historic center and goes from Termini Station to the Esquilino.<br /><br />Roma Termini is the main railway station of the city and its name derives from the ancient Baths of Diocletian which are located in front of the main entrance.<br /><br />Esquilino is one of the famous Seven Hills where the city of Rome was founded, dating back to the 8th century B.C. Patrons lived there: Mecenate, Horace, Virgilio, Properzio and other illustrious personalities.<br /><br />Now Esquilino is one of the best ethnic district in Rome, a virtuous example of racial integration, in continuity with the ancient Roman multiethnic attitude. <br /><br />Here you will be able to get lost in a world full of colors, scents and flavors that evokes distant lands.",https://a0.muscache.com/pictures/99812901-1492-4a6a-84ec-f79ccc4c5f0c.jpg,395244092,https://www.airbnb.com/users/show/395244092,Mario,02/04/21,,"Mi prenderò cura del vostro soggiorno garantendovi la migliore esperienza di soggiorno.

Abito a Roma da sempre e, avendo girato tutto il Mondo, ho fatto dell’ospitalità la mia passione. 

Conosco i gusti e lo stile internazionale e sono multiculturale.
Le cose che amo di Roma? La bellezza, l'arte, la buona cucina, la luce e il suo sole.

Vi darò i migliori consigli, informazioni ed itinerari per poter approfittare al meglio del vostro soggiorno, vivendo “a Roma come i Romani“.

Ho una passione per il cinema Italiano, e potrò indicarvi i set e le piazze che hanno fatto da cornice ai film dei più famosi registi.

Non vedo l'ora di potervi accogliere!
___________________________________________________
I will take care of your stay guaranteeing you the best experience.

I have always lived in Rome and, having traveled throughout the world, hospitality has become my passion.

I know about international tastes and style and I am multicultural.

The things I love about Rome? The beauties of Rome, good food, art, light and the roman sun.  

 I will offer you the best advice, information and suggest itineraries to make the best of your stay and experience Rome like a local.

I have a passion for italian films, and I can show you the film sets and the squares where the films of the most important directors were shot.

I can't wait to welcome you!",within an hour,100%,100%,,https://a0.muscache.com/im/pictures/user/a62243fd-724f-4d31-853d-149962981e85.jpg?aki_policy=profile_small,https://a0.muscache.com/im/pictures/user/a62243fd-724f-4d31-853d-149962981e85.jpg?aki_policy=profile_x_medium,,7.0,9.0,"['email', 'phone']",t,t,"Rome, Lazio, Italy",I Centro Storico,,41.899139,12.501422,Private room in bed and breakfast,Private room,2,1.0,1 private bath,1.0,1.0,"[""Dedicated workspace"", ""Bidet"", ""Iron"", ""Fire extinguisher"", ""Refrigerator"", ""Self check-in"", ""TV"", ""Wifi"", ""Breakfast"", ""Luggage dropoff allowed"", ""Lock on bedroom door"", ""Hot water"", ""Body soap"", ""Heating"", ""Keypad"", ""Air conditioning"", ""First aid kit"", ""Shower gel"", ""Hair dryer"", ""Shampoo"", ""Essentials"", ""Room-darkening shades""]",$107.00,1,30,1.0,2.0,1125.0,1125.0,1.6,1125.0,,t,8,25,51,163,11/03/25,118,9,0,163,12,54,5778.0,13/06/21,17/01/25,4.79,4.77,4.91,4.92,4.99,4.65,4.74,IT058091C1DE7ITUHV,t,3,0,3,0,2.59
11829,49356596.0,https://www.airbnb.com/rooms/49356596,20250300000000.0,08/03/25,city scrape,Camera tripla con bagno privato stazione Termini,"The proposed accommodation guarantees guests a comfortable and welcoming experience in the heart of Rome, near Termini station. Located on the second floor of a charming period palace in the historic Esquilino district, the triple room with private bathroom is part of a guest house consisting of four rooms in total. Guests will have access to an environment that combines comfort and familiarity.","The Esquilino neighborhood is one of the oldest and most multi-ethnic neighborhoods in Rome, located in the heart of the city. Featuring a rich history and vibrant atmosphere, Esquilino offers a variety of cultural, historical, and culinary experiences.<br /><br />One of the main attractions of the neighborhood is the presence of the Trajan Park, a green area that offers a quiet retreat from the chaos of the city and provides spectacular views of the main monuments of Rome, including the Colosseum. The main square, Piazza Vittorio Emanuele II, is one of the largest in Rome and is surrounded by imposing and colorful buildings. There are also local markets, shops, and a variety of restaurants offering traditional and international cuisine.<br /><br />Esquilino is also known for its cultural diversity and the presence of communities from all over the world. This diversity is reflected in the wide range of ethnic shops, markets, and restaurants that populate the neighborhood, offering a un",https://a0.muscache.com/pictures/hosting/Hosting-U3RheVN1cHBseUxpc3Rpbmc6NDkzNTY1OTY%3D/original/8bb4beb0-fc13-4ba8-bb33-218abfc3c485.jpeg,212208096,https://www.airbnb.com/users/show/212208096,Laura,28/08/18,"Rome, Italy","Sono host a Roma da 10 anni. 
Oltre l’italiano, parlo inglese e francese.
Ho una laurea in economia e gestione delle imprese.
Ho gestito un hotel in Molise.
Ho ottenuto un master in management del turismo preso la 24Ore Business School, e ho effettuato un tirocinio presso una società.
Ho le principali attestazioni di Digital Training e copywriting.
Sono una persona paziente, empatica e disponibile.
Sono co-host e Property Manager.",within an hour,100%,100%,,https://a0.muscache.com/im/pictures/user/bdec20d4-5d3b-41ff-a8f8-5b7b5d59d97c.jpg?aki_policy=profile_small,https://a0.muscache.com/im/pictures/user/bdec20d4-5d3b-41ff-a8f8-5b7b5d59d97c.jpg?aki_policy=profile_x_medium,,33.0,45.0,"['email', 'phone', 'work_email']",t,t,"Rome, Lazio, Italy",I Centro Storico,,41.89307785,12.50800514,Private room in serviced apartment,Private room,3,1.0,1 private bath,1.0,2.0,"[""Dedicated workspace"", ""Iron"", ""Smoke alarm"", ""Hangers"", ""Fire extinguisher"", ""Refrigerator"", ""Paid parking garage off premises"", ""Self check-in"", ""Paid parking garage on premises"", ""Wifi"", ""Pack \u2019n play/Travel crib"", ""Coffee maker"", ""Hot water kettle"", ""Cleaning products"", ""Pets allowed"", ""Hot water"", ""Body soap"", ""Heating"", ""Carbon monoxide alarm"", ""Single level home"", ""Wine glasses"", ""Courtyard view"", ""First aid kit"", ""Building staff"", ""Bed linens"", ""Shower gel"", ""Hair dryer"", ""Essentials"", ""Freezer"", ""Extra pillows and blankets"", ""Exterior security cameras on property"", ""Room-darkening shades""]",$90.00,2,28,2.0,2.0,1125.0,1125.0,2.0,1125.0,,t,12,25,41,55,08/03/25,112,35,3,55,35,210,18900.0,18/12/21,02/03/25,4.59,4.68,4.53,4.7,4.74,4.46,4.49,IT058091C2IJHD792,t,6,2,4,0,2.85
11854,49378097.0,https://www.airbnb.com/rooms/49378097,20250300000000.0,15/03/25,previous scrape,Abbraccia Morfeo Roma (4),"Abbraccia Morfeo is a 2-storey villa plus terrace, double bedrooms, with private ensuite bathroom, high-speed wifi and air conditioning. Two rooms have a balcony overlooking the internal garden, and you can also take advantage of the top floor terrace to relax and have breakfast. The center can be reached in 15 minutes by tram. <br />Breakfast is not available in August .<br />cod.reg. 058091-B&B-01228 1372",,https://a0.muscache.com/pictures/miso/Hosting-49378097/original/bbfd4c35-9422-43e0-9642-33bf6ee93ffa.jpeg,679555,https://www.airbnb.com/users/show/679555,Mario,08/06/11,"Rome, Italy","Se venite a visitare questa bellissima cittá, saró felice di ospitarvi nel mio bed and breakfast. Vi aspetto! :-)",,,100%,f,https://a0.muscache.com/im/pictures/user/User-679555/original/4e934451-d708-4145-8c96-77043e85cbe6.jpeg?aki_policy=profile_small,https://a0.muscache.com/im/pictures/user/User-679555/original/4e934451-d708-4145-8c96-77043e85cbe6.jpeg?aki_policy=profile_x_medium,Centocelle,4.0,4.0,"['email', 'phone', 'work_email']",t,f,,V Prenestino/Centocelle,,41.87907,12.54412,Private room in bed and breakfast,Private room,4,,1 private bath,2.0,,"[""Wifi"", ""Backyard"", ""Air conditioning"", ""Dishes and silverware"", ""Outdoor furniture"", ""Fire extinguisher"", ""TV"", ""Refrigerator"", ""Paid parking on premises"", ""City skyline view"", ""Pets allowed"", ""Shared patio or balcony"", ""First aid kit"", ""Kitchen"", ""Coffee maker"", ""Heating""]",,2,365,1.0,3.0,365.0,365.0,1.9,365.0,,t,3,3,15,46,15/03/25,0,0,0,46,0,0,,,,,,,,,,,IT058091C1YEA7SFCX,t,4,0,4,0,
11864,49410579.0,https://www.airbnb.com/rooms/49410579,20250300000000.0,11/03/25,city scrape,Camera quadrupla con bagno vicino stazione Termini,"The proposed accommodation guarantees guests a comfortable and welcoming experience in the heart of Rome, near Termini station. Located on the second floor of a charming period palace in the historic Esquilino district, the quadruple room with private bathroom is part of a guest house consisting of four rooms in total. Guests will have access to an environment that combines comfort and familiarity.","The Esquilino neighborhood is one of the oldest and most multi-ethnic neighborhoods in Rome, located in the heart of the city. Featuring a rich history and vibrant atmosphere, Esquilino offers a variety of cultural, historical, and culinary experiences.<br /><br />One of the main attractions of the neighborhood is the presence of the Trajan Park, a green area that offers a quiet retreat from the chaos of the city and provides spectacular views of the main monuments of Rome, including the Colosseum. The main square, Piazza Vittorio Emanuele II, is one of the largest in Rome and is surrounded by imposing and colorful buildings. There are also local markets, shops, and a variety of restaurants offering traditional and international cuisine.<br /><br />Esquilino is also known for its cultural diversity and the presence of communities from all over the world. This diversity is reflected in the wide range of ethnic shops, markets, and restaurants that populate the neighborhood, offering a un",https://a0.muscache.com/pictures/hosting/Hosting-49410579/original/1bf51007-7a9f-4edf-931e-a3538e44eb6b.jpeg,212208096,https://www.airbnb.com/users/show/212208096,Laura,28/08/18,"Rome, Italy","Sono host a Roma da 10 anni. 
Oltre l’italiano, parlo inglese e francese.
Ho una laurea in economia e gestione delle imprese.
Ho gestito un hotel in Molise.
Ho ottenuto un master in management del turismo preso la 24Ore Business School, e ho effettuato un tirocinio presso una società.
Ho le principali attestazioni di Digital Training e copywriting.
Sono una persona paziente, empatica e disponibile.
Sono co-host e Property Manager.",within an hour,100%,100%,,https://a0.muscache.com/im/pictures/user/bdec20d4-5d3b-41ff-a8f8-5b7b5d59d97c.jpg?aki_policy=profile_small,https://a0.muscache.com/im/pictures/user/bdec20d4-5d3b-41ff-a8f8-5b7b5d59d97c.jpg?aki_policy=profile_x_medium,,33.0,45.0,"['email', 'phone', 'work_email']",t,t,"Rome, Lazio, Italy",I Centro Storico,,41.89227,12.50729,Private room in serviced apartment,Private room,4,1.0,1 private bath,1.0,3.0,"[""Dedicated workspace"", ""Iron"", ""Smoke alarm"", ""Hangers"", ""Fire extinguisher"", ""Refrigerator"", ""Self check-in"", ""Laundromat nearby"", ""Wifi"", ""Pack \u2019n play/Travel crib"", ""Coffee maker"", ""Hot water kettle"", ""Babysitter recommendations"", ""Cleaning products"", ""Pets allowed"", ""Hot water"", ""Body soap"", ""Heating"", ""Carbon monoxide alarm"", ""Single level home"", ""Wine glasses"", ""Crib"", ""Courtyard view"", ""First aid kit"", ""Building staff"", ""Bed linens"", ""Hair dryer"", ""Essentials"", ""Freezer"", ""Exterior security cameras on property"", ""Paid street parking off premises"", ""Room-darkening shades""]",$103.00,2,20,2.0,2.0,1125.0,1125.0,2.0,1125.0,,t,11,18,34,34,11/03/25,87,26,1,34,32,156,16068.0,29/07/21,02/03/25,4.68,4.77,4.68,4.7,4.87,4.53,4.7,IT058091C2IJHD792,t,6,2,4,0,1.97
11984,49992389.0,https://www.airbnb.com/rooms/49992389,20250300000000.0,06/03/25,city scrape,Alloggio turistico Piperita,"Comfortable apartment,located in the historic district of Montesacro, a stone's throw from Piazza Sempione and Via Nomentana. The accommodation offers 1 bedroom, 1 living room, 1 equipped kitchen, 1 bathroom with shower<br />1 balcony<br />Also provided with<br />Free WIFI fiber, smart TV, air conditioning, fridge, gas stove, electric oven, washing machine, ironing kit,hair dryer, bed linen and towels","Historic district of Rome, well-stocked with shops and services without having to move.<br />Supermarkets and local market every morning.",https://a0.muscache.com/pictures/6750fae8-5a7b-4851-bb2c-4c7c96a09ccd.jpg,403176495,https://www.airbnb.com/users/show/403176495,Laura,24/05/21,,,,,83%,t,https://a0.muscache.com/im/pictures/user/740d8b33-0eca-4340-8a8f-b5d12dd468cb.jpg?aki_policy=profile_small,https://a0.muscache.com/im/pictures/user/740d8b33-0eca-4340-8a8f-b5d12dd468cb.jpg?aki_policy=profile_x_medium,,1.0,1.0,"['email', 'phone']",t,t,"Rome, Lazio, Italy",III Monte Sacro,,41.93514,12.53054,Entire condo,Entire home/apt,2,1.0,1 bath,1.0,1.0,"[""Dedicated workspace"", ""Bidet"", ""Iron"", ""Smoke alarm"", ""Hangers"", ""Fire extinguisher"", ""Refrigerator"", ""Ethernet connection"", ""Dining table"", ""Washer"", ""Clothing storage: closet and dresser"", ""Laundromat nearby"", ""HDTV with standard cable"", ""Free street parking"", ""Host greets you"", ""Stove"", ""Cleaning products"", ""Drying rack for clothing"", ""Hot water"", ""Body soap"", ""Carbon monoxide alarm"", ""Single level home"", ""Dishes and silverware"", ""Elevator"", ""Air conditioning"", ""Central heating"", ""Window guards"", ""Wifi \u2013 38 Mbps"", ""Bed linens"", ""Shower gel"", ""Hair dryer"", ""Baking sheet"", ""Private patio or balcony"", ""Shampoo"", ""Essentials"", ""Cooking basics"", ""Freezer"", ""Extra pillows and blankets"", ""Stainless steel oven"", ""Kitchen"", ""Safe""]",$80.00,2,29,2.0,2.0,1125.0,1125.0,2.0,1125.0,,t,30,60,86,256,06/03/25,37,15,0,256,15,90,7200.0,12/06/21,20/09/24,4.92,4.92,4.92,4.95,4.89,4.84,4.89,IT058091C2GZ9KW6PS,f,1,1,0,0,0.81
11987,50014169.0,https://www.airbnb.com/rooms/50014169,20250300000000.0,15/03/25,city scrape,"La ""verde dimora""","Nice apartment with attention to every detail, equipped with all the modern comforts. It is located in the San Paolo neighborhood a few steps from the Basilica of the same name and the B metro station that allows you to reach the city center and all its attractions in 15 minutes: Colosseum, Fori Imperiali, Piazza di Spagna. <br />Nearby there are supermarkets, shops, restaurants, pubs, pharmacies, it is close to Bambino Gesù Children's Hospital and Roma TRE University.","San Paolo is a very lively university district, full of shops , bars, restaurants and pubs, frequented by young people and tourists. It is close  to very characteristic neighborhoods such as Garbatella, reachable with a walk (about 1.5 km)  or  Trastevere in a few bus stops. In the center of the neighborhood is the beautiful basilica di San Paolo furi le mura.",https://a0.muscache.com/pictures/hosting/Hosting-50014169/original/79790bd7-10f8-4eff-bcc0-eedd9ffad104.jpeg,261349293,https://www.airbnb.com/users/show/261349293,Laura,12/05/19,"Rome, Italy",,within an hour,100%,100%,t,https://a0.muscache.com/im/pictures/user/User-261349293/original/c05b441e-342a-4dd3-8587-984ac280f4aa.jpeg?aki_policy=profile_small,https://a0.muscache.com/im/pictures/user/User-261349293/original/c05b441e-342a-4dd3-8587-984ac280f4aa.jpeg?aki_policy=profile_x_medium,,1.0,1.0,"['email', 'phone']",t,t,"Rome, Lazio, Italy",VIII Appia Antica,,41.85605,12.48367,Entire condo,Entire home/apt,4,1.0,1 bath,2.0,3.0,"[""Extra pillows and blankets"", ""Clothing storage: closet, wardrobe, and dresser"", ""Cleaning products"", ""Hair dryer"", ""Bathtub"", ""Ethernet connection"", ""Outdoor furniture"", ""Central heating"", ""Dedicated workspace"", ""Baking sheet"", ""First aid kit"", ""Kitchen"", ""Coffee maker"", ""Crib - available upon request"", ""AC - split type ductless system"", ""Private patio or balcony"", ""Whirlpool induction stove"", ""Hot water kettle"", ""Room-darkening shades"", ""Hangers"", ""Dining table"", ""56 inch HDTV with Fire TV, Netflix"", ""Books and reading material"", ""Blender"", ""Microwave"", ""Hot water"", ""Fire extinguisher"", ""Smart lock"", ""Iron"", ""City skyline view"", ""Long term stays allowed"", ""Drying rack for clothing"", ""Shower gel"", ""Host greets you"", ""Essentials"", ""Shared backyard \u2013 Fully fenced"", ""Garden view"", ""Bed linens"", ""Fast wifi \u2013 455 Mbps"", ""Dishwasher"", ""Toaster"", ""Laundromat nearby"", ""Elevator"", ""Wine glasses"", ""Dishes and silverware"", ""Shampoo"", ""Portable fans"", ""Coffee"", ""Body soap"", ""Bidet"", ""Freezer"", ""Single level home"", ""Free washer \u2013 In unit"", ""Conditioner"", ""Refrigerator"", ""Cooking basics"", ""Free street parking"", ""Self check-in"", ""Free dryer \u2013 In unit"", ""Standalone high chair - available upon request"", ""Stainless steel oven""]",$64.00,1,1125,1.0,2.0,1125.0,1125.0,1.8,1125.0,,t,1,4,14,112,15/03/25,174,43,4,112,47,255,16320.0,02/07/21,03/03/25,4.91,4.94,4.9,4.86,4.89,4.61,4.82,IT058091C2OH9HVCG2,f,1,1,0,0,3.86
12013,50080889.0,https://www.airbnb.com/rooms/50080889,20250300000000.0,12/03/25,city scrape,Romaurelia7 - appartamento 7 persone,"The apartment is located on the 1st floor of a building with elevator, has 3 bedrooms, each with private bathroom and a kitchenette.<br />all rooms have air conditioning, wall TV.<br />The bathrooms have shower and hairdryer.<br />it has a balcony in one room and another in the kitchen.<br />The location is optimal, close to the entrance of the Vatican Museums, well connected by all public transport, buses and metro.<br />Free parking in front of the building,",,https://a0.muscache.com/pictures/b1abf765-7311-475a-b6b6-7c21d63d49e3.jpg,139716,https://www.airbnb.com/users/show/139716,Laura,07/06/10,"Rome, Italy","Mi piace diffondere allegria e cordialità
negli anni ho fatto della mia ospitalità la mia missione. conoscere nuove persone, confrontarsi e far sentire i propri ospiti a casa loro
questo è quello che faccio. 
credo nei rapporti umani ed effettivamente ho conosciuto molte persone e soprattutto molte belle persone, che danno un senso al mio lavoro.
amo la musica ma soprattutto il mare. Roma è la città più bella del mondo ma non lo sarebbe così tanto se non avesse il mare a due passi!
ho una bellissima famiglia e alcuni amici con i quali valga la pena spendere il proprio tempo libero e fare belle esperienze.
Vi aspetto... ",within an hour,100%,100%,f,https://a0.muscache.com/im/users/139716/profile_pic/1371218423/original.jpg?aki_policy=profile_small,https://a0.muscache.com/im/users/139716/profile_pic/1371218423/original.jpg?aki_policy=profile_x_medium,Aurelio,10.0,10.0,"['email', 'phone']",t,t,,XIII Aurelia,,41.8997,12.4425,Entire condo,Entire home/apt,7,3.0,3 baths,3.0,7.0,"[""Dedicated workspace"", ""Fire extinguisher"", ""Hangers"", ""Refrigerator"", ""Kitchen"", ""Self check-in"", ""TV"", ""Wifi"", ""Coffee maker"", ""Pets allowed"", ""Luggage dropoff allowed"", ""Hot water"", ""Heating"", ""Dishes and silverware"", ""Elevator"", ""Air conditioning"", ""Backyard"", ""Lockbox"", ""Hair dryer"", ""Private patio or balcony"", ""Essentials"", ""Cooking basics"", ""Free parking on premises"", ""Oven""]",$180.00,3,1125,1.0,3.0,1125.0,1125.0,2.2,1125.0,,t,0,0,0,0,12/03/25,32,5,0,0,7,30,5400.0,15/08/21,08/12/24,4.31,4.41,4.28,4.44,4.47,4.38,4.31,IT058091B4WN8CATD9,t,10,4,6,0,0.74
12276,50782475.0,https://www.airbnb.com/rooms/50782475,20250300000000.0,09/03/25,previous scrape,Lovely apartment with private terrace,"Delightful two-room apartment consisting of bedroom, living room with kitchenette, large terrace of 50 square meters and bathroom with shower, air-conditioned",,https://a0.muscache.com/pictures/prohost-api/Hosting-50782475/original/0a9ce05b-1a41-4fc6-a63b-39914998d35e.jpeg,410419553,https://www.airbnb.com/users/show/410419553,Laura,02/07/21,,,,,,f,https://a0.muscache.com/im/pictures/user/a3fe7ba2-1a0a-4b71-90f9-b24c2b0b7174.jpg?aki_policy=profile_small,https://a0.muscache.com/im/pictures/user/a3fe7ba2-1a0a-4b71-90f9-b24c2b0b7174.jpg?aki_policy=profile_x_medium,,1.0,1.0,"['email', 'phone']",t,t,,XIV Monte Mario,,41.91642,12.44427,Entire condo,Entire home/apt,3,,1 bath,1.0,,"[""Dedicated workspace"", ""Bidet"", ""Iron"", ""Refrigerator"", ""Dining table"", ""Washer"", ""Microwave"", ""TV"", ""Wifi"", ""Host greets you"", ""Stove"", ""Hot water"", ""Dishes and silverware"", ""Air conditioning"", ""Central heating"", ""Bed linens"", ""Hair dryer"", ""Essentials"", ""Cooking basics"", ""Freezer"", ""Outdoor dining area"", ""Kitchen""]",,2,29,2.0,2.0,29.0,29.0,2.0,29.0,,t,0,0,0,0,09/03/25,0,0,0,0,0,0,,,,,,,,,,,IT058091C2DQCHY2E,t,1,1,0,0,
12478,51399027.0,https://www.airbnb.com/rooms/51399027,20250300000000.0,12/03/25,city scrape,Casetta Lupo Serena,"Beautiful apartment in the heart of San  Lorenzo, near the Termini station, very central. Finely renovated,  excellent exposure, very bright.<br />Second floor with elevator, doorman, overlooking patio/courtyard with internal garden. Although it is in the center of town, the apartment is very quiet.<br />56 square meters, consisting of kitchen living room (with comfortable sofa bed), large bedroom, bathroom. <br />In the neighborhood, there are many places to spend the evening and restaurants","The neighborhood is very nice, full of little places, bars and some restaurants. Close to the central station of Roma Termini, so very connected.",https://a0.muscache.com/pictures/miso/Hosting-51399027/original/0b9d6566-75a1-4a4c-aa33-f1cde7068146.jpeg,150987423,https://www.airbnb.com/users/show/150987423,Serena,17/09/17,"Rome, Italy",,within an hour,100%,100%,t,https://a0.muscache.com/im/pictures/user/c5be467d-9df1-4c31-8684-d89104a816a7.jpg?aki_policy=profile_small,https://a0.muscache.com/im/pictures/user/c5be467d-9df1-4c31-8684-d89104a816a7.jpg?aki_policy=profile_x_medium,,1.0,1.0,"['email', 'phone']",t,t,"Rome, Lazio, Italy",II Parioli/Nomentano,,41.89673,12.51385,Entire home,Entire home/apt,4,1.0,1 bath,2.0,1.0,"[""Bidet"", ""Iron"", ""Fire extinguisher"", ""Hangers"", ""Refrigerator"", ""Clothing storage"", ""Dining table"", ""Washer"", ""Self check-in"", ""TV"", ""Wifi"", ""Oven"", ""Stove"", ""Cleaning products"", ""Pets allowed"", ""Hot water"", ""Body soap"", ""Smoking allowed"", ""Wine glasses"", ""Dishes and silverware"", ""Courtyard view"", ""Elevator"", ""Central heating"", ""Garden view"", ""Bed linens"", ""Backyard"", ""Lockbox"", ""Hair dryer"", ""Baking sheet"", ""Essentials"", ""Cooking basics"", ""Freezer"", ""Extra pillows and blankets"", ""Patio or balcony"", ""Kitchen""]",$76.00,2,30,2.0,2.0,30.0,30.0,2.0,30.0,,t,0,0,0,0,12/03/25,149,26,2,0,32,156,11856.0,14/08/21,22/02/25,4.86,4.88,4.81,4.88,4.93,4.68,4.69,IT058091C2FHEWU84U,f,1,1,0,0,3.42
13489,5.49638e+17,https://www.airbnb.com/rooms/549638460062089513,20250300000000.0,15/03/25,city scrape,"Casa indipendente, con patio a 2 passi dalla metro","Independent accommodation 20 meters from the Metro and all services and 50 meters from the pedestrian area, full of restaurants and bars. The apartment consists of a living room with kitchenette, large bedroom and bathroom. It has a comfortable courtyard for exclusive use where you can relax on summer evenings.","Pigneto is a historic neighborhood, built at the end of the 19th century behind Porta Maggiore, today there is a second youth and is one of the meeting points for many people who intend to spend pleasant evenings in its streets. A bridge between downtown and suburbs, a place where old and new meet and where tradition and trend coexist. After seeing all the classic must-haves of Rome within the walls, Pigneto is definitely worth a visit. In the morning the traditional market welcomes you with its typical colors, scents and sounds; in the afternoon you can walk along the streets of the neighborhood and through the area of the villas, enjoying the spontaneous architecture recovered. In the evening, the pedestrian island is filled for aperitif or dinner; you can finally choose to end the evening in one of the many places in the area.",https://a0.muscache.com/pictures/miso/Hosting-549638460062089513/original/40aca380-f07c-4b67-8349-7b9263a783c2.jpeg,11531450,https://www.airbnb.com/users/show/11531450,Mario,22/01/14,"Rome, Italy",,within an hour,100%,100%,t,https://a0.muscache.com/im/pictures/user/5a19f4a4-a9ea-438c-8f54-3c8b486d909d.jpg?aki_policy=profile_small,https://a0.muscache.com/im/pictures/user/5a19f4a4-a9ea-438c-8f54-3c8b486d909d.jpg?aki_policy=profile_x_medium,Pigneto,3.0,4.0,"['email', 'phone']",t,t,"Rome, Lazio, Italy",V Prenestino/Centocelle,,41.8884615,12.5291799,Entire vacation home,Entire home/apt,2,1.0,1 bath,1.0,1.0,"[""Outdoor dining area"", ""Cleaning products"", ""Hair dryer"", ""Outdoor furniture"", ""Dedicated workspace"", ""Kitchen"", ""Coffee maker"", ""Heating"", ""AC - split type ductless system"", ""Private patio or balcony"", ""Hot water"", ""Iron"", ""HDTV"", ""Essentials"", ""Dishes and silverware"", ""Lockbox"", ""Wifi"", ""Refrigerator"", ""Free street parking"", ""Self check-in""]",$54.00,4,30,2.0,4.0,1125.0,1125.0,3.9,1125.0,,t,1,4,10,281,15/03/25,153,62,3,208,67,255,13770.0,30/08/22,09/03/25,4.86,4.89,4.75,4.93,4.99,4.76,4.72,IT058091C2HG5UJ7O3,t,3,3,0,0,4.94
13554,5.54038e+17,https://www.airbnb.com/rooms/554037981115046894,20250300000000.0,12/03/25,city scrape,Radice Home - Svegliarsi guardando il Colosseo!,"Enjoy a stylish holiday in this downtown space. A studio apartment overlooking the Colosseum that becomes a retreat for a fantastic stay in Rome. The location is strategic, well connected and at the same time quiet. The palace is elegant and quiet.","The studio is located in the center of the Esquilino District, one of the most central and sought-after district. The area is quiet and well connected. A stone's throw from the apartment is the Parco del Colle Oppio crossing which you reach the Colosseum.",https://a0.muscache.com/pictures/miso/Hosting-554037981115046894/original/a035a1a3-2d5f-4c7a-a300-7da621adece5.jpeg,7565484,https://www.airbnb.com/users/show/7565484,Laura,18/07/13,"Rome, Italy",Libera Professionista.,within an hour,100%,100%,t,https://a0.muscache.com/im/pictures/user/88d185ff-dd97-4eed-b0cc-66ba19ab46af.jpg?aki_policy=profile_small,https://a0.muscache.com/im/pictures/user/88d185ff-dd97-4eed-b0cc-66ba19ab46af.jpg?aki_policy=profile_x_medium,,1.0,1.0,"['email', 'phone']",t,t,"Rome, Lazio, Italy",I Centro Storico,,41.89117,12.49913,Entire condo,Entire home/apt,2,1.0,1 bath,1.0,1.0,"[""Dedicated workspace"", ""Iron"", ""Hangers"", ""Refrigerator"", ""Coffee"", ""Ethernet connection"", ""Dining table"", ""Washer"", ""Mini fridge"", ""Self check-in"", ""Clothing storage: closet and dresser"", ""Microwave"", ""TV"", ""Coffee maker: espresso machine"", ""Wifi"", ""Hot water kettle"", ""Stove"", ""Pets allowed"", ""Hot water"", ""Body soap"", ""Shared patio or balcony"", ""Heating"", ""Carbon monoxide alarm"", ""City skyline view"", ""Wine glasses"", ""Dishes and silverware"", ""Elevator"", ""Outdoor furniture"", ""Air conditioning"", ""First aid kit"", ""Bed linens"", ""Shower gel"", ""Conditioner"", ""Lockbox"", ""Hair dryer"", ""Shampoo"", ""Essentials"", ""Cooking basics"", ""Freezer"", ""Extra pillows and blankets"", ""Room-darkening shades"", ""Kitchen""]",$230.00,1,1125,1.0,1.0,1125.0,1125.0,1.0,1125.0,,t,18,31,44,309,12/03/25,237,45,0,239,53,255,58650.0,21/03/22,03/11/24,4.87,4.86,4.92,4.87,4.89,4.93,4.76,IT058091C2EXQ52TT6,t,1,1,0,0,6.53
13563,5.54058e+17,https://www.airbnb.com/rooms/554058394241727323,20250300000000.0,15/03/25,city scrape,Attico con terrazza vista S.Pietro 3 camere letto,"Panoramic penthouse with view of San Pietro, new, quiet, in an elegant neighborhood well connected to the historic center, Trastevere and just 2 km from the Vatican and 20 mn from Fiumicino airport. The apartment consists of: living room, kitchen, 2 bathrooms and 3 bedrooms. The terrace is equipped for relaxing dinners under the Roman sky. A few meters away are shops, markets, restaurants and all types of services. Near the Idi dermatological hospital and 3 bus stops from the Gemelli hospital.",,https://a0.muscache.com/pictures/hosting/Hosting-U3RheVN1cHBseUxpc3Rpbmc6NTU0MDU4Mzk0MjQxNzI3MzIz/original/2edaf5ae-e5d4-4e58-9f13-a66c74a9e1b0.jpeg,187823010,https://www.airbnb.com/users/show/187823010,Laura,04/05/18,,,within an hour,100%,100%,f,https://a0.muscache.com/defaults/user_pic-50x50.png?v=3,https://a0.muscache.com/defaults/user_pic-225x225.png?v=3,,1.0,1.0,"['email', 'phone']",f,t,,XIII Aurelia,,41.904,12.42737,Entire rental unit,Entire home/apt,10,2.0,2 baths,3.0,5.0,"[""Extra pillows and blankets"", ""Outdoor dining area"", ""Cleaning products"", ""Air conditioning"", ""Hair dryer"", ""Bathtub"", ""Outdoor furniture"", ""Baking sheet"", ""Oven"", ""Kitchen"", ""Heating"", ""Private patio or balcony"", ""Hot water kettle"", ""Hangers"", ""Dining table"", ""Coffee maker: Nespresso"", ""Microwave"", ""Hot water"", ""TV"", ""Fire extinguisher"", ""Iron"", ""Drying rack for clothing"", ""Bed linens"", ""Toaster"", ""Other stove"", ""Elevator"", ""Dishes and silverware"", ""Shampoo"", ""Housekeeping - available at extra cost"", ""Coffee"", ""Carbon monoxide alarm"", ""Safe"", ""Bidet"", ""Freezer"", ""Wifi"", ""Single level home"", ""Pack \u2019n play/Travel crib - always at the listing"", ""Refrigerator"", ""Free street parking"", ""Washer""]",$135.00,3,30,2.0,4.0,1125.0,1125.0,3.0,1125.0,,t,16,25,34,118,15/03/25,10,10,2,118,7,60,8100.0,14/10/24,05/03/25,5.0,4.9,5.0,5.0,4.9,4.8,4.6,IT058091C264796QRS,t,1,1,0,0,1.96
13575,5.65958e+17,https://www.airbnb.com/rooms/565957508201559397,20250300000000.0,11/03/25,city scrape,Comfortable central flat in Rome at Siculi square.,"75 sqm apartment on the mezzanine floor, quiet and safe near Termini and Tiburtina stations. Direct bus connection to the historic center and Vatican Museums. Street parking with free and disabled spaces. In the area of ​​​​""Sapienza"" University and Policlinico Hospital. Free internal space for bicycles. A double bedroom and one with a single bed. Another single bed can be added. The necessary linen is provided. Fast wifi suitable for smart working.",,https://a0.muscache.com/pictures/miso/Hosting-565957508201559397/original/252854ee-facf-4c32-a9b1-30534f4878ce.jpeg,23604989,https://www.airbnb.com/users/show/23604989,Mario,11/11/14,"Rome, Italy",,within an hour,100%,94%,f,https://a0.muscache.com/im/pictures/user/92e40edd-9766-4ab8-8bad-5e28bd815691.jpg?aki_policy=profile_small,https://a0.muscache.com/im/pictures/user/92e40edd-9766-4ab8-8bad-5e28bd815691.jpg?aki_policy=profile_x_medium,,1.0,1.0,"['email', 'phone']",t,t,,II Parioli/Nomentano,,41.90039,12.51249,Entire condo,Entire home/apt,4,1.5,1.5 baths,2.0,6.0,"[""Dedicated workspace"", ""Bidet"", ""Iron"", ""Toaster"", ""Fire extinguisher"", ""Hangers"", ""Paid parking lot on premises \u2013 100 spaces"", ""Coffee"", ""Dining table"", ""Mini fridge"", ""Portable fans"", ""SMEG refrigerator"", ""Microwave"", ""Laundromat nearby"", ""Private entrance"", ""Wifi"", ""Coffee maker"", ""Free street parking"", ""Host greets you"", ""Hot water kettle"", ""Long term stays allowed"", ""Cleaning products"", ""Private backyard \u2013 Fully fenced"", ""Kenwood sound system with aux"", ""Hot water"", ""Body soap"", ""Carbon monoxide alarm"", ""Single level home"", ""Wine glasses"", ""Dishes and silverware"", ""Central heating"", ""Clothing storage: closet and wardrobe"", ""Window guards"", ""HDTV with Fire TV"", ""First aid kit"", ""Bed linens"", ""Shower gel"", ""Ceiling fan"", ""Conditioner"", ""Hair dryer"", ""Pack \u2019n play/Travel crib - always at the listing"", ""Johnson shampoo"", ""Essentials"", ""AC - split type ductless system"", ""Books and reading material"", ""Extra pillows and blankets"", ""Cooking basics"", ""Freezer"", ""Free parking on premises"", ""AEG induction stove"", ""Paid street parking off premises"", ""Room-darkening shades"", ""Kitchen"", ""Safe""]",$80.00,3,25,3.0,3.0,25.0,25.0,3.0,25.0,,t,5,13,22,217,11/03/25,77,20,0,158,23,120,9600.0,28/03/22,23/10/24,4.75,4.78,4.86,4.92,4.83,4.62,4.66,IT058091C2P488TUA5,f,1,1,0,0,2.14
13591,5.55451e+17,https://www.airbnb.com/rooms/555450684804354509,20250300000000.0,06/03/25,city scrape,Appartamento con terrazzo nel cuore di Trastevere,"Enjoy a stylish holiday in this space in the centre of Rome. The exclusivity of the apartment is given by a beautiful terrace that can be used in all seasons with aperitifs, dinners, moments of relaxation and ""sweet"" breakfasts just raised. The apartment has just been renovated and has 4 beds (real, no sofa bed). Spaces are thoughtfully designed to ensure the customer's comfort and at the same time the best of amenities.","Located on the right bank of the river that runs through the city, Trastevere is one of the neighborhoods most loved by citizens and tourists who here, among its intricate alleys, the characteristic squares and in the many taverns and taverns that offer the recipes of traditional Roman cuisine, find the atmosphere of Rome in the past.<br /><br />Trastevere is the perfect neighbourhood for a fun day out. Known for being one of the most famous places of the Capitoline nightlife, every evening welcomes the many young people who choose it for its trendy clubs, lounge bars and its charming squares, including Piazza Santa Maria in Trastevere, the main square of the neighborhood, and Piazza Trilussa, places of perfect conviviality.<br /><br />If you prefer to dedicate yourself to shopping, in its artisan shops and small shops still family-run, you can find the perfect and original gift to amaze your friends and family.<br /><br />With its narrow streets and its always fascinating and unusual ",https://a0.muscache.com/pictures/4bfdc47e-2b47-4089-8b39-a5840c8b3f5d.jpg,50708725,https://www.airbnb.com/users/show/50708725,Serena,07/12/15,"Rome, Italy",,,,100%,f,https://a0.muscache.com/im/pictures/user/1962ddaf-b3bf-42d5-a7c9-c78762f06495.jpg?aki_policy=profile_small,https://a0.muscache.com/im/pictures/user/1962ddaf-b3bf-42d5-a7c9-c78762f06495.jpg?aki_policy=profile_x_medium,,3.0,3.0,"['email', 'phone']",t,t,"Rome, Lazio, Italy",I Centro Storico,,41.89482,12.46296,Entire condo,Entire home/apt,4,1.0,1 bath,1.0,4.0,"[""City skyline view"", ""Refrigerator"", ""Wifi"", ""Paid parking on premises"", ""Outdoor dining area"", ""Air conditioning"", ""Patio or balcony"", ""First aid kit"", ""Pets allowed"", ""Kitchen"", ""Heating""]",$270.00,3,28,3.0,3.0,28.0,28.0,3.0,28.0,,t,10,15,29,206,06/03/25,15,0,0,206,0,0,0.0,17/03/22,08/06/23,4.87,4.8,4.93,4.93,4.8,4.73,4.87,IT058091C2T3D4U3UT,t,2,2,0,0,0.41
13621,5.57149e+17,https://www.airbnb.com/rooms/557148665458224785,20250300000000.0,12/03/25,city scrape,Double room at the Vatican,"Double room in the heart of Rome: cosy, comfortable and super quiet. <br />15 min walking from the Vatican and the most beautiful spots of the city! <br /><br />The flat has a beautiful big private garden.<br />The mattress is new and very comfortable (with memory foam).<br />The flat has just been refurbished and enriched with wooden floors, white elegant walls, new forniture and linens.<br /><br />The bathroom is new too with a very comfy and spacious shower. You will have private access to the bathroom just next to your room.","We are in the heart of Rome!<br /><br />15 min walking from the Vatican (or 2 stops by metropolitan service)<br />Spanish steps, Piazza del Popolo, Colosseum, etc, are few stops away by metro.<br /><br />The neighborhood is super well organized with a big beautiful shopping mall (3 min walking) which offers some of the best clothes boutiques, parfumerie, sports shops, shoes, electronic stuff and a big amazing supermarket where you can find home-made meals ready to eat as well as different type of ingredients for a variety of cuisines. <br /><br />Inside the mall - but with a terrace with a view to the Vatican - you can find restaurants, pizzeria, sushi, piadina, Mc Donald’s and a BBQ restaurant. <br /><br />Just next to the Mall there is the fully equipped branded gym Virgin Active which offers day entrance and membership options (the gym has a nice SPA area included to any type of entrance 😉). Gym is open until 11pm.",https://a0.muscache.com/pictures/bb6912a0-c0a6-46aa-a119-f7c3bb177105.jpg,26903120,https://www.airbnb.com/users/show/26903120,Laura,29/01/15,"Rome, Italy",,within a few hours,100%,67%,t,https://a0.muscache.com/im/pictures/user/User-26903120/original/d80d1327-4da1-4dbd-bf38-9190e1ab74a9.jpeg?aki_policy=profile_small,https://a0.muscache.com/im/pictures/user/User-26903120/original/d80d1327-4da1-4dbd-bf38-9190e1ab74a9.jpeg?aki_policy=profile_x_medium,,1.0,1.0,"['email', 'phone']",t,t,"Rome, Lazio, Italy",XIII Aurelia,,41.90052917,12.44204887,Private room in condo,Private room,1,1.0,1 private bath,1.0,1.0,"[""Dedicated workspace"", ""Bidet"", ""Iron"", ""Hangers"", ""Mosquito net"", ""Refrigerator"", ""Paid parking garage off premises"", ""Fast wifi \u2013 359 Mbps"", ""Ethernet connection"", ""55 inch HDTV"", ""Portable fans"", ""Microwave"", ""Radiant heating"", ""Laundromat nearby"", ""Paid washer \u2013 In unit"", ""Free street parking"", ""Host greets you"", ""Cleaning products"", ""Drying rack for clothing"", ""Private backyard \u2013 Fully fenced"", ""Lock on bedroom door"", ""Hot water"", ""Body soap"", ""Shared patio or balcony"", ""Carbon monoxide alarm"", ""Central air conditioning"", ""Single level home"", ""Dishes and silverware"", ""Central heating"", ""First aid kit"", ""Bed linens"", ""Shower gel"", ""Conditioner"", ""Hair dryer"", ""Shampoo"", ""Essentials"", ""Books and reading material"", ""Extra pillows and blankets"", ""Outdoor dining area"", ""Clothing storage: closet, wardrobe, and dresser""]",$85.00,3,28,3.0,3.0,1125.0,1125.0,3.0,1125.0,,t,30,36,39,129,12/03/25,21,5,0,129,5,30,2550.0,18/04/22,10/10/24,4.76,4.76,4.86,4.76,4.86,4.67,4.76,IT058091C2M5YSM4MO,f,1,0,1,0,0.59
13645,5.69582e+17,https://www.airbnb.com/rooms/569582033506091664,20250300000000.0,12/03/25,city scrape,Domus Felix Rome,"Apartment immersed in the greenery of the park of the ancient Roman aqueduct welcoming recently renovated with home automation management, voice commands, independent heating, TV in all rooms, Wi-Fi, full kitchen, automatic coffee machine, hydromassage shower.<br />Connected with metro A at 2km metro C<br />Link license Regione Lazio<br />QA / 2022/7626",,https://a0.muscache.com/pictures/miso/Hosting-569582033506091664/original/0f5056d9-48e3-4884-ab08-e31f39b7f0cd.jpeg,56647394,https://www.airbnb.com/users/show/56647394,Mario,29/01/16,"Rome, Italy",,within an hour,100%,100%,f,https://a0.muscache.com/im/pictures/user/c4a8bc80-5077-4058-8043-5d494f30753e.jpg?aki_policy=profile_small,https://a0.muscache.com/im/pictures/user/c4a8bc80-5077-4058-8043-5d494f30753e.jpg?aki_policy=profile_x_medium,,1.0,1.0,"['email', 'phone']",t,t,,V Prenestino/Centocelle,,41.876179,12.546451,Entire condo,Entire home/apt,4,1.5,1.5 baths,2.0,6.0,"[""Bidet"", ""Iron"", ""Smoke alarm"", ""Hangers"", ""Mosquito net"", ""Refrigerator"", ""Coffee"", ""Ethernet connection"", ""Dining table"", ""Washer"", ""Self check-in"", ""Clothing storage: closet and dresser"", ""Ariston stainless steel oven"", ""Gym"", ""Microwave"", ""Radiant heating"", ""Coffee maker: espresso machine"", ""Wifi"", ""Free street parking"", ""Cleaning products"", ""Drying rack for clothing"", ""Free dryer \u2013 In unit"", ""Hot water"", ""Body soap"", ""Carbon monoxide alarm"", ""32 inch HDTV"", ""Dishes and silverware"", ""Central heating"", ""Garden view"", ""Smart lock"", ""Cleaning available during stay"", ""Bed linens"", ""Hair dryer"", ""Baking sheet"", ""Shampoo"", ""Essentials"", ""Cooking basics"", ""Freezer"", ""Candy gas stove"", ""Exterior security cameras on property"", ""Kitchen""]",$66.00,1,28,1.0,1.0,28.0,28.0,1.0,28.0,,t,0,0,0,0,12/03/25,131,35,2,0,37,210,13860.0,20/03/22,25/02/25,4.73,4.8,4.77,4.88,4.89,4.34,4.73,IT058091C2SH7SGP7Q,t,1,1,0,0,3.61
13669,5.71656e+17,https://www.airbnb.com/rooms/571655888932846489,20250300000000.0,05/03/25,city scrape,Casa Apulia- Elegant Suite in S.Giovanni- Colosseo,"Casa Apulia  is perfect for two people or family of 3/4 people, located in a central but quiet neighborhood very close to the historic center, St. John's Basilica,  the Colosseum, the Baths of Caracalla, the Catacombs and the famous historic Via Appia Antica. It is located in an area with all amenities such as restaurants, shops, supermarkets, pharmacies, banks, and transportation within walking distance. From the apartment, all areas of Rome are easily accessible.","The S.Govanni neighborhood is a popular neighborhood of Rome, close to the main tourist attractions and equipped with all kinds of shops, restaurants and services within walking distance.<br />It is located next to the ancient walls of Rome, it is dominated by the beautiful Basilica of San Giovanni, near the famous open-air historic market of Via Sannio, it is also very well connected to the historic center and to all the neighborhoods of Rome being provided with all public transport (metro, bus and taxi station).",https://a0.muscache.com/pictures/miso/Hosting-571655888932846489/original/9aa0b4b5-3bfd-4a68-a1fb-ce94729f5113.jpeg,175805798,https://www.airbnb.com/users/show/175805798,Laura,28/02/18,"Rome, Italy",""" Travel is the only thing you buy that makes you richer."" 
 (anonymous)",within an hour,100%,99%,t,https://a0.muscache.com/im/pictures/user/User/original/e973d290-04fd-4c43-9d78-b5269e972cf4.jpeg?aki_policy=profile_small,https://a0.muscache.com/im/pictures/user/User/original/e973d290-04fd-4c43-9d78-b5269e972cf4.jpeg?aki_policy=profile_x_medium,,1.0,1.0,"['email', 'phone']",t,t,"Rome, Roma, Italy",VII San Giovanni/Cinecittà,,41.8818063,12.5045296,Entire vacation home,Entire home/apt,4,1.0,1 bath,1.0,2.0,"[""Dedicated workspace"", ""Bidet"", ""Iron"", ""Toaster"", ""Smoke alarm"", ""Hangers"", ""Mosquito net"", ""Fire extinguisher"", ""Refrigerator"", ""Paid parking on premises"", ""Coffee"", ""Dining table"", ""Induction stove"", ""TV"", ""Children\u2019s books and toys"", ""Laundromat nearby"", ""Wifi"", ""Host greets you"", ""Oven"", ""Dishwasher"", ""Hot water kettle"", ""Cleaning products"", ""Free washer \u2013 In unit"", ""Drying rack for clothing"", ""Luggage dropoff allowed"", ""Hot water"", ""Body soap"", ""Single level home"", ""Wine glasses"", ""Dishes and silverware"", ""Courtyard view"", ""Outdoor furniture"", ""Central heating"", ""First aid kit"", ""Bed linens"", ""Shower gel"", ""Conditioner"", ""Hair dryer"", ""Baking sheet"", ""Private patio or balcony"", ""Shampoo"", ""Essentials"", ""Clothing storage: closet"", ""AC - split type ductless system"", ""Books and reading material"", ""Extra pillows and blankets"", ""Cooking basics"", ""Freezer"", ""Outdoor dining area"", ""Coffee maker: pour-over coffee"", ""Housekeeping available 5 days a week - available at extra cost"", ""Room-darkening shades"", ""Kitchen""]",$115.00,3,28,1.0,3.0,28.0,28.0,3.0,28.0,,t,7,10,12,94,05/03/25,185,55,3,94,58,255,29325.0,14/03/22,03/03/25,4.98,4.97,4.99,4.95,4.98,4.77,4.94,IT058091C2A53QRS7Z,f,1,1,0,0,5.1
13771,5.82427e+17,https://www.airbnb.com/rooms/582427188926894753,20250300000000.0,11/03/25,city scrape,Beautiful apartment with garden,Relax with your whole family or group of friends at this peaceful place just steps from the Vatican.,,https://a0.muscache.com/pictures/miso/Hosting-582427188926894753/original/538bfaf9-3f0c-43f1-94ed-61a211e1c5f7.jpeg,449517801,https://www.airbnb.com/users/show/449517801,Mario,14/03/22,,,within an hour,100%,100%,,https://a0.muscache.com/im/pictures/user/23aa1c85-ae9e-45e0-82f6-eb86d760c7e6.jpg?aki_policy=profile_small,https://a0.muscache.com/im/pictures/user/23aa1c85-ae9e-45e0-82f6-eb86d760c7e6.jpg?aki_policy=profile_x_medium,,7.0,7.0,"['email', 'phone']",t,t,,I Centro Storico,,41.91085,12.45534,Entire condo,Entire home/apt,6,2.0,2 baths,2.0,3.0,"[""Dedicated workspace"", ""Bidet"", ""Iron"", ""Fire extinguisher"", ""Hangers"", ""Refrigerator"", ""Paid parking garage off premises"", ""HDTV"", ""Dining table"", ""Mini fridge"", ""Self check-in"", ""Microwave"", ""Wifi"", ""Hot water kettle"", ""Dishwasher"", ""Electric stove"", ""Long term stays allowed"", ""Cleaning products"", ""Pets allowed"", ""Hot water"", ""Body soap"", ""Shared patio or balcony"", ""Paid parking lot on premises"", ""Central air conditioning"", ""Crib"", ""Dishes and silverware"", ""Outdoor furniture"", ""Central heating"", ""Shared backyard \u2013 Fully fenced"", ""Smart lock"", ""Free washer"", ""First aid kit"", ""Bed linens"", ""Shower gel"", ""Hair dryer"", ""Coffee maker: Nespresso"", ""Shampoo"", ""Essentials"", ""Clothing storage: closet"", ""Cooking basics"", ""Extra pillows and blankets"", ""Outdoor dining area"", ""Room-darkening shades"", ""Kitchen""]",$113.00,1,365,1.0,2.0,1125.0,1125.0,1.2,1125.0,,t,0,6,14,238,11/03/25,225,72,5,169,74,255,28815.0,15/04/22,24/02/25,4.83,4.83,4.78,4.89,4.93,4.85,4.76,IT058091B4CGZ3OGZQ,t,5,3,2,0,6.36
13816,5.83872e+17,https://www.airbnb.com/rooms/583871631651655859,20250300000000.0,07/03/25,city scrape,Beautiful double bedroom with garden,Charming double room with private bathroom and direct access to shared garden,,https://a0.muscache.com/pictures/miso/Hosting-583871631651655859/original/9f8f948c-e943-458e-97a1-fbd5652d59f9.jpeg,449517801,https://www.airbnb.com/users/show/449517801,Mario,14/03/22,,,within an hour,100%,100%,,https://a0.muscache.com/im/pictures/user/23aa1c85-ae9e-45e0-82f6-eb86d760c7e6.jpg?aki_policy=profile_small,https://a0.muscache.com/im/pictures/user/23aa1c85-ae9e-45e0-82f6-eb86d760c7e6.jpg?aki_policy=profile_x_medium,,7.0,7.0,"['email', 'phone']",t,t,,I Centro Storico,,41.91119,12.45506,Private room in condo,Private room,2,1.0,1 private bath,1.0,1.0,"[""Dedicated workspace"", ""Bidet"", ""Iron"", ""Hangers"", ""TV"", ""Paid parking garage on premises"", ""Coffee maker: espresso machine"", ""Wifi"", ""Long term stays allowed"", ""Pets allowed"", ""Luggage dropoff allowed"", ""Lock on bedroom door"", ""Hot water"", ""Body soap"", ""Central air conditioning"", ""Crib"", ""Central heating"", ""First aid kit"", ""Shared backyard"", ""Bed linens"", ""Shower gel"", ""Hair dryer"", ""Shampoo"", ""Essentials"", ""Clothing storage: closet"", ""Extra pillows and blankets"", ""Room-darkening shades""]",$58.00,1,365,1.0,2.0,365.0,365.0,1.2,365.0,,t,4,9,16,235,07/03/25,183,43,5,170,38,255,14790.0,11/04/22,19/02/25,4.82,4.78,4.84,4.8,4.93,4.81,4.81,IT058091B4CGZ3OGZQ,t,5,3,2,0,5.17
13818,5.83924e+17,https://www.airbnb.com/rooms/583923906457009226,20250300000000.0,15/03/25,city scrape,Beautiful  economy double room,Economy double room with private en-suite bathroom inside a shared apartment. Just 5 minutes from the Ottaviano metro stop and 500 meters from Piazza San Pietro.,,https://a0.muscache.com/pictures/miso/Hosting-583923906457009226/original/c418d1a1-e095-4610-b821-c5edb023e74f.jpeg,449517801,https://www.airbnb.com/users/show/449517801,Mario,14/03/22,,,within an hour,100%,100%,,https://a0.muscache.com/im/pictures/user/23aa1c85-ae9e-45e0-82f6-eb86d760c7e6.jpg?aki_policy=profile_small,https://a0.muscache.com/im/pictures/user/23aa1c85-ae9e-45e0-82f6-eb86d760c7e6.jpg?aki_policy=profile_x_medium,,7.0,7.0,"['email', 'phone']",t,t,,I Centro Storico,,41.91269,12.45325,Private room in condo,Private room,2,1.0,1 private bath,1.0,1.0,"[""Wifi"", ""Air conditioning"", ""Hair dryer"", ""Smart lock"", ""Pets allowed"", ""Iron"", ""Self check-in"", ""Crib"", ""Heating""]",$48.00,1,365,1.0,2.0,365.0,365.0,1.2,365.0,,t,0,0,3,189,15/03/25,148,33,0,117,37,198,9504.0,17/04/22,12/02/25,4.85,4.85,4.86,4.87,4.97,4.79,4.83,IT058091B4CGZ3OGZQ,t,5,3,2,0,4.17
13937,5.9563e+17,https://www.airbnb.com/rooms/595629535141526615,20250300000000.0,06/03/25,city scrape,Piazzale della radio,"Thanks to the central location of this accommodation, it is easy to reach Trastevere, the center and Testaccio, excellent for Fao and WFP.<br /><br />The airy and bright apartment has essential and functional furnishings. The material that has been favored is wood, in order to maintain a natural and healthy look.<br /><br />It consists of a lounge and three bedrooms, two of which are very large and spacious. There are two bathrooms with shower/bathtub.  A kitchen and 3 small balconies enrich this bright apartment",,https://a0.muscache.com/pictures/hosting/Hosting-U3RheVN1cHBseUxpc3Rpbmc6NTk1NjI5NTM1MTQxNTI2NjE1/original/6b4efe4d-9c8d-44b1-b349-8f00d0c39dd3.jpeg,4571163,https://www.airbnb.com/users/show/4571163,Laura,03/01/13,"Rome, Italy","Sono una romana innamorata di Roma. Amo far conoscere ed apprezzare la mia città a chi per turismo o per lavoro vuole soggiornare in modo sicuro, piacevole e personalizzato. Ho viaggiato molto con occhio critico al dettaglio e mi piace riuscire ad interpretare i desideri e le esigenze delle persone. Chi ha modo di lavorare con me spero che apprezzi disponibilità, efficienza e professionalità. Il mio maggiore ispiratore è il mio bimbo a cui non smetterò mai di insegnargli che il segreto del proprio successo è fare ogni piccola cosa con grande amore!

I'm a Roman and I'm in love with Rome. I love to spread out and let appreciate my city for who want to stay, for business or leisure,  in a secure, personalized and friendly mood. I traveled with a critical eye to detail and I like to be able to interpret the desires and needs of people. Who has to work with me I hope can appreciate the availability, efficiency and professionalism. My biggest inspiration is my baby that I will never stop teaching him that the secret of success is to do every little thing with great love!
",within an hour,100%,79%,t,https://a0.muscache.com/im/pictures/user/8b1ebd3b-197c-4b67-bf67-16cd2d7abc9b.jpg?aki_policy=profile_small,https://a0.muscache.com/im/pictures/user/8b1ebd3b-197c-4b67-bf67-16cd2d7abc9b.jpg?aki_policy=profile_x_medium,Trastevere,7.0,34.0,"['email', 'phone']",t,t,,XI Arvalia/Portuense,,41.87025,12.46888,Entire condo,Entire home/apt,7,2.0,2 baths,3.0,7.0,"[""Bidet"", ""Iron"", ""Smoke alarm"", ""Hangers"", ""Refrigerator"", ""Dining table"", ""Coffee maker: espresso machine"", ""Wifi"", ""Host greets you"", ""Oven"", ""Dishwasher"", ""Stove"", ""Long term stays allowed"", ""Cleaning products"", ""Drying rack for clothing"", ""Hot water"", ""Body soap"", ""Wine glasses"", ""Crib"", ""Dishes and silverware"", ""Elevator"", ""Air conditioning"", ""Central heating"", ""Free washer"", ""Bed linens"", ""Shower gel"", ""Hair dryer"", ""Baking sheet"", ""Shampoo"", ""Essentials"", ""Clothing storage: closet"", ""Cooking basics"", ""Freezer"", ""Extra pillows and blankets"", ""Bathtub"", ""Kitchen""]",$130.00,3,400,2.0,3.0,28.0,400.0,3.0,384.4,,t,9,10,16,224,06/03/25,34,29,0,160,27,174,22620.0,06/01/23,07/01/25,4.79,4.76,4.85,4.85,4.76,4.71,4.74,IT058091C2VA5K6CXJ,t,5,5,0,0,1.29
14068,5.99695e+17,https://www.airbnb.com/rooms/599694631756021733,20250300000000.0,11/03/25,previous scrape,"Bright, cosy room with private bathroom.","It's a big, bright, quiet room with a lot of sunshine in an apartment which is five minutes walking from Metro Garbatella.<br />The newly decorated apartment  has all essentials and shared with the owner. Being on the 4th floor and facing into the intern cortile, it's very quiet and bright.","In the heart of Garbatella, the città giardino, only 5 min walking from metro station. very close to the supermarkets, bars, restaurants and shops.",https://a0.muscache.com/pictures/miso/Hosting-599694631756021733/original/a3032fd7-86aa-479b-8e12-47d46fd073ef.jpeg,3047,https://www.airbnb.com/users/show/3047,Elif,18/09/08,"Rome, Italy","I am a Turkish-Italian who was born in Istanbul, travelled in different countries for livning or  visiting  and has been living in Rome since 1998. I live with my three daughters. We speak Turkish, English, Italian, Spanish.
We love traveling and meeting new people. When we are on holiday we don't like staying in the hotels and feeling like a tourist so we rather prefer living in local people's houses and feel like the real life or the place. That's also why we opened our house to people to make them comfortable and feel like locals while they are in Rome.
If you want to come to Rome and feel comfortably as your own home, meet other housemates, live in a non touristic neighborhood but in the same time, be very close to down town, you are in the right place!
Looking forward to meeting you!
",within a few hours,100%,0%,f,https://a0.muscache.com/im/pictures/user/User/original/eb5d16fa-235d-4523-a442-cd2cfcae6bf7.jpeg?aki_policy=profile_small,https://a0.muscache.com/im/pictures/user/User/original/eb5d16fa-235d-4523-a442-cd2cfcae6bf7.jpeg?aki_policy=profile_x_medium,Testaccio,7.0,7.0,"['email', 'phone']",t,t,"Rome, Lazio, Italy",VIII Appia Antica,,41.86499,12.48725,Private room in condo,Private room,3,,1 private bath,,,"[""Wifi"", ""Kitchen"", ""Washer""]",,31,365,31.0,31.0,365.0,365.0,31.0,365.0,,t,2,2,2,2,11/03/25,0,0,0,0,0,0,,,,,,,,,,,,f,6,0,6,0,
14080,6.08495e+17,https://www.airbnb.com/rooms/608494747313636390,20250300000000.0,11/03/25,previous scrape,Yellow's Born,"New Born is a small hospitality facility located in the elegant Castro Petrorio neighborhood, on the fifth floor (with elevator) of a typical Umbertino-style building on Via Palestro, just a five-minute walk from Termini Station and La Sapienza University.<br />The rooms are very bright, tastefully furnished and equipped with all the comforts (WI-FI, SMART TV, AIR CONDITIONING, REFRIGERATOR, SAFE, HOME AUTOMATION, COFFEE MAKER, KETTLE).",,https://a0.muscache.com/pictures/miso/Hosting-608494747313636390/original/46d7bc63-8bf1-456c-a37e-c5382dcf66f2.jpeg,453190519,https://www.airbnb.com/users/show/453190519,Laura,07/04/22,,,,,0%,f,https://a0.muscache.com/im/pictures/user/6964919e-63b8-4f68-9f7f-c5187518bea5.jpg?aki_policy=profile_small,https://a0.muscache.com/im/pictures/user/6964919e-63b8-4f68-9f7f-c5187518bea5.jpg?aki_policy=profile_x_medium,,3.0,4.0,"['email', 'phone']",t,t,,I Centro Storico,,41.9039,12.50565,Private room in serviced apartment,Private room,3,,1 private bath,1.0,,"[""TV"", ""Dedicated workspace"", ""City skyline view"", ""Fire extinguisher"", ""Wifi"", ""Air conditioning"", ""First aid kit"", ""Heating""]",,2,30,2.0,2.0,30.0,30.0,2.0,30.0,,t,29,59,89,364,11/03/25,4,0,0,295,0,0,,08/05/22,19/06/22,5.0,5.0,4.75,5.0,5.0,5.0,4.75,IT058091B4ZZ29E3E2,f,3,0,3,0,0.12
14088,6.08828e+17,https://www.airbnb.com/rooms/608828384354194292,20250300000000.0,15/03/25,city scrape,Laura Piccolo Paradiso,"Relax and recharge in this peaceful oasis, your room is surrounded by greenery. During the warm or mild season you can use the access to the small terrace for your breakfast overlooking the greenery. We provide guests with pizzeria and shuttle service. We also have a small dog, Rocky is polite and playful although initially suspicious, not dirty and not disruptive.<br />* by reservation","The house is located 600 m from the village of Cesano and about 800 m from Cassia bis. The apartment is located inside a small building, located on the raised floor with a driveway and private parking space, it is located in a green, quiet and discreetly trafficked place.",https://a0.muscache.com/pictures/96f480cd-df10-4615-b6d8-8fc7768c92f2.jpg,87501168,https://www.airbnb.com/users/show/87501168,Laura,02/08/16,"Rome, Italy","Ciao e benvenuta/o sul mio profilo, mi piace definirmi solare e socievole, amo la convivialità e la condivisione, per questo aiuto chi vuole rinnovare gli spazi di casa o gestire i loro alloggi, trasformandoli in piccoli tesori. Adoro gli spazi della mia casetta, la definisco come un piccolo paradiso, ricco di sfumature e ispirazione, voglio condividerlo con te, farti sentire come a casa!",within a few hours,100%,75%,,https://a0.muscache.com/im/pictures/user/User-87501168/original/40996d27-7d7b-448f-abf9-ec361ea08065.jpeg?aki_policy=profile_small,https://a0.muscache.com/im/pictures/user/User-87501168/original/40996d27-7d7b-448f-abf9-ec361ea08065.jpeg?aki_policy=profile_x_medium,,4.0,4.0,"['email', 'phone']",t,t,"Rome, Lazio, Italy",XV Cassia/Flaminia,,42.09258,12.34774,Private room in rental unit,Private room,2,1.0,1 private bath,1.0,1.0,"[""Extra pillows and blankets"", ""Outdoor dining area"", ""Cleaning products"", ""Valley view"", ""Bathtub"", ""Hair dryer"", ""Portable heater"", ""Dedicated workspace"", ""Courtyard view"", ""First aid kit"", ""Kitchen"", ""Clothing storage: wardrobe and dresser"", ""AC - split type ductless system"", ""Private patio or balcony"", ""Hot water kettle"", ""Hangers"", ""Dining table"", ""Cleaning available during stay"", ""Books and reading material"", ""Blender"", ""Microwave"", ""Hot water"", ""Fire extinguisher"", ""Iron"", ""City skyline view"", ""Long term stays allowed"", ""Drying rack for clothing"", ""Shower gel"", ""Comfee  refrigerator"", ""Host greets you"", ""Essentials"", ""Shared backyard \u2013 Fully fenced"", ""Garden view"", ""Private entrance"", ""Bed linens"", ""Toaster"", ""Dishwasher"", ""Laundromat nearby"", ""Heating - split type ductless system"", ""Dishes and silverware"", ""Wine glasses"", ""Shampoo"", ""Portable fans"", ""Coffee"", ""Paid washer \u2013 In unit"", ""Coffee maker: french press, pour-over coffee"", ""Carbon monoxide alarm"", ""Breakfast"", ""Body soap"", ""Freezer"", ""Wifi"", ""Single level home"", ""Mosquito net"", ""Conditioner"", ""Children\u2019s books and toys"", ""Free parking on premises"", ""Luggage dropoff allowed"", ""Indoor fireplace: wood-burning"", ""Lock on bedroom door""]",$33.00,2,1125,2.0,2.0,1125.0,1125.0,2.0,1125.0,,t,29,59,89,364,15/03/25,3,0,0,291,0,0,0.0,27/05/22,27/10/22,5.0,5.0,5.0,5.0,5.0,5.0,5.0,IT058091C2LASTXHWL,f,2,0,2,0,0.09
14100,5.99906e+17,https://www.airbnb.com/rooms/599906297582092143,20250300000000.0,09/03/25,previous scrape,Burgundy's born,"New Born is a small hospitality facility located in the elegant Castro Petrorio neighborhood, on the fifth floor (with elevator) of a typical Umbertino-style building on Via Palestro, just a five-minute walk from Termini Station and La Sapienza University.<br />The rooms are very bright, tastefully furnished and equipped with all the comforts (WI-FI, SMART TV, AIR CONDITIONING, REFRIGERATOR, SAFE, HOME AUTOMATION, COFFEE MAKER, KETTLE).",,https://a0.muscache.com/pictures/miso/Hosting-599906297582092143/original/a8596b29-864e-42bb-8bdc-e04f3a9bfbdc.jpeg,453190519,https://www.airbnb.com/users/show/453190519,Laura,07/04/22,,,,,0%,f,https://a0.muscache.com/im/pictures/user/6964919e-63b8-4f68-9f7f-c5187518bea5.jpg?aki_policy=profile_small,https://a0.muscache.com/im/pictures/user/6964919e-63b8-4f68-9f7f-c5187518bea5.jpg?aki_policy=profile_x_medium,,3.0,4.0,"['email', 'phone']",t,t,,I Centro Storico,,41.90431,12.50566,Private room in serviced apartment,Private room,1,,1 shared bath,1.0,,"[""Dedicated workspace"", ""Bidet"", ""Fire extinguisher"", ""Hangers"", ""Clothing storage"", ""TV"", ""Wifi"", ""Hot water"", ""Body soap"", ""Heating"", ""City skyline view"", ""Air conditioning"", ""First aid kit"", ""Bed linens"", ""Hair dryer"", ""Essentials"", ""Exterior security cameras on property"", ""Room-darkening shades"", ""Safe""]",,2,30,2.0,2.0,30.0,30.0,2.0,30.0,,t,29,59,89,364,09/03/25,3,0,0,297,0,0,,25/04/22,13/06/22,5.0,5.0,5.0,4.67,5.0,4.67,4.67,IT058091B4ZZ29E3E2,f,3,0,3,0,0.09
14144,6.02637e+17,https://www.airbnb.com/rooms/602637116289719801,20250300000000.0,12/03/25,city scrape,YouRome Apartment,,,https://a0.muscache.com/pictures/47588ac0-4c49-46ae-aba0-6ad80d63ff4f.jpg,240757270,https://www.airbnb.com/users/show/240757270,Mario,03/02/19,,,within an hour,100%,100%,f,https://a0.muscache.com/im/pictures/user/d2e47d74-0bb8-44c7-8f17-deb2c91223d8.jpg?aki_policy=profile_small,https://a0.muscache.com/im/pictures/user/d2e47d74-0bb8-44c7-8f17-deb2c91223d8.jpg?aki_policy=profile_x_medium,Ludovisi,4.0,4.0,"['email', 'phone']",t,t,,XIII Aurelia,,41.89624786,12.44375706,Entire rental unit,Entire home/apt,4,1.0,1 bath,2.0,3.0,"[""Dedicated workspace"", ""Bidet"", ""Iron"", ""Children\u2019s books and toys for ages 0-2 years old"", ""Hangers"", ""Refrigerator"", ""Paid parking garage off premises"", ""Coffee"", ""HDTV"", ""Dining table"", ""Crib - available upon request"", ""Self check-in"", ""Microwave"", ""Coffee maker: espresso machine"", ""Wifi"", ""Free street parking"", ""Oven"", ""Hot water kettle"", ""Cleaning products"", ""Drying rack for clothing"", ""Hot water"", ""Body soap"", ""Pack \u2019n play/Travel crib - available upon request"", ""Gas stove"", ""Carbon monoxide alarm"", ""Single level home"", ""Dishes and silverware"", ""Air conditioning"", ""Central heating"", ""Bed linens"", ""Shower gel"", ""Lockbox"", ""Hair dryer"", ""Baking sheet"", ""Private patio or balcony"", ""Shampoo"", ""Shared gym nearby"", ""Essentials"", ""Clothing storage: closet"", ""Cooking basics"", ""Freezer"", ""Extra pillows and blankets"", ""Bathtub"", ""Kitchen""]",$109.00,3,21,2.0,3.0,1125.0,1125.0,3.0,1125.0,,t,0,0,0,0,12/03/25,141,41,1,0,46,246,26814.0,23/04/22,12/02/25,4.79,4.83,4.8,4.94,4.91,4.57,4.65,IT058091C29PGXP3LW,t,4,4,0,0,4.01
14150,6.10521e+17,https://www.airbnb.com/rooms/610520857606118566,20250300000000.0,06/03/25,city scrape,The voice of the moon,"Comfortable and quiet one bedroom apartment a few steps from the Vatican and the historic center in a central and safe area. The apartment consists of two bedrooms, kitchen, bathroom and a large terrace overlooking an internal courtyard surrounded by a garden. There is the possibility to park in a closed and guarded garage. I wait for you!","The house is located near restaurants, bars, shops, theater, means of transport, supermarkets open 24 hours in a safe and central area",https://a0.muscache.com/pictures/miso/Hosting-610520857606118566/original/dca093d7-ab9e-45b5-b663-de9fb0c40d43.jpeg,455444222,https://www.airbnb.com/users/show/455444222,Serena,22/04/22,"Rome, Italy",,within a day,100%,50%,f,https://a0.muscache.com/im/pictures/user/dda4105a-6aac-4f87-b39b-a54e841f7cf2.jpg?aki_policy=profile_small,https://a0.muscache.com/im/pictures/user/dda4105a-6aac-4f87-b39b-a54e841f7cf2.jpg?aki_policy=profile_x_medium,,1.0,1.0,"['email', 'phone']",t,f,"Rome, Lazio, Italy",XIII Aurelia,,41.895451,12.457182,Entire condo,Entire home/apt,4,1.0,1 bath,2.0,2.0,"[""Crib - available upon request"", ""Refrigerator"", ""Dishes and silverware"", ""Courtyard view"", ""HDTV"", ""Garden view"", ""Private backyard \u2013 Fully fenced"", ""First aid kit"", ""Pets allowed"", ""Kitchen""]",$160.00,2,365,2.0,2.0,1125.0,1125.0,2.0,1125.0,,t,1,4,9,140,06/03/25,11,1,0,78,1,6,960.0,02/06/22,17/07/24,4.91,4.82,4.91,4.91,5.0,4.91,4.91,IT058091C298MMYTGT,t,1,1,0,0,0.33
14204,6.20086e+17,https://www.airbnb.com/rooms/620086471586163706,20250300000000.0,09/03/25,previous scrape,Grey's Born,"New Born is a small hospitality facility located in the elegant Castro Petrorio neighborhood, on the fifth floor (with elevator) of a typical Umbertino-style building on Via Palestro, just a five-minute walk from Termini Station and La Sapienza University.<br />The rooms are very bright, tastefully furnished and equipped with all the comforts (WI-FI, SMART TV, AIR CONDITIONING, REFRIGERATOR, SAFE, HOME AUTOMATION, COFFEE MAKER, KETTLE).",,https://a0.muscache.com/pictures/miso/Hosting-620086471586163706/original/b81a31f3-42ae-46e4-be78-11aeadd269e0.jpeg,453190519,https://www.airbnb.com/users/show/453190519,Laura,07/04/22,,,,,0%,f,https://a0.muscache.com/im/pictures/user/6964919e-63b8-4f68-9f7f-c5187518bea5.jpg?aki_policy=profile_small,https://a0.muscache.com/im/pictures/user/6964919e-63b8-4f68-9f7f-c5187518bea5.jpg?aki_policy=profile_x_medium,,3.0,4.0,"['email', 'phone']",t,t,,I Centro Storico,,41.90421,12.50551,Private room in serviced apartment,Private room,1,,1 private bath,1.0,,"[""TV"", ""Dedicated workspace"", ""Bidet"", ""City skyline view"", ""Fire extinguisher"", ""Hangers"", ""Wifi"", ""Essentials"", ""Heating"", ""Air conditioning"", ""Clothing storage"", ""First aid kit"", ""Bed linens"", ""Room-darkening shades"", ""Hot water"", ""Body soap"", ""Safe"", ""Hair dryer""]",,2,30,2.0,2.0,30.0,30.0,2.0,30.0,,t,29,59,89,364,09/03/25,8,0,0,297,0,0,,10/05/22,25/07/22,4.25,4.25,4.5,4.13,4.25,4.13,4.13,IT058091B4ZZ29E3E2,f,3,0,3,0,0.23
14239,6.15166e+17,https://www.airbnb.com/rooms/615165571950726668,20250300000000.0,15/03/25,city scrape,Laura Piccolo Paradiso,"Relax and recharge in this peaceful oasis, your room is surrounded by greenery. During the warm or mild season you can use the access to the small terrace for your breakfast overlooking the greenery. We provide guests with pizzeria and shuttle service. We also have a small dog, Rocky is polite and playful although initially suspicious, not dirty and not disruptive.<br />* by reservation","The house is located 600 m from the village of Cesano and about 800 m from Cassia bis. The apartment is located inside a small building, located on the raised floor with a driveway and private parking space, it is located in a green, quiet and discreetly trafficked place.",https://a0.muscache.com/pictures/airflow/Hosting-615165571950726668/original/a7144e6c-9858-4522-9536-5e5cd39d6846.jpg,87501168,https://www.airbnb.com/users/show/87501168,Laura,02/08/16,"Rome, Italy","Ciao e benvenuta/o sul mio profilo, mi piace definirmi solare e socievole, amo la convivialità e la condivisione, per questo aiuto chi vuole rinnovare gli spazi di casa o gestire i loro alloggi, trasformandoli in piccoli tesori. Adoro gli spazi della mia casetta, la definisco come un piccolo paradiso, ricco di sfumature e ispirazione, voglio condividerlo con te, farti sentire come a casa!",within a few hours,100%,75%,,https://a0.muscache.com/im/pictures/user/User-87501168/original/40996d27-7d7b-448f-abf9-ec361ea08065.jpeg?aki_policy=profile_small,https://a0.muscache.com/im/pictures/user/User-87501168/original/40996d27-7d7b-448f-abf9-ec361ea08065.jpeg?aki_policy=profile_x_medium,,4.0,4.0,"['email', 'phone']",t,t,"Rome, Lazio, Italy",XV Cassia/Flaminia,,42.09202,12.34813,Private room in rental unit,Private room,2,1.0,1 private bath,1.0,1.0,"[""Extra pillows and blankets"", ""Window AC unit"", ""Outdoor dining area"", ""Cleaning products"", ""Valley view"", ""Bathtub"", ""Hair dryer"", ""Dedicated workspace"", ""Courtyard view"", ""Radiant heating"", ""First aid kit"", ""Kitchen"", ""Clothing storage"", ""Hot water kettle"", ""Hangers"", ""Dining table"", ""Cleaning available during stay"", ""Books and reading material"", ""Blender"", ""Microwave"", ""Hot water"", ""Fire extinguisher"", ""Iron"", ""City skyline view"", ""Long term stays allowed"", ""Drying rack for clothing"", ""Shower gel"", ""Host greets you"", ""Essentials"", ""Shared backyard \u2013 Fully fenced"", ""Garden view"", ""Private entrance"", ""Bed linens"", ""Toaster"", ""Dishwasher"", ""Laundromat nearby"", ""Wine glasses"", ""Dishes and silverware"", ""Shampoo"", ""Portable fans"", ""Coffee"", ""Paid washer \u2013 In unit"", ""Coffee maker: french press, pour-over coffee"", ""Carbon monoxide alarm"", ""Breakfast"", ""Body soap"", ""Freezer"", ""Wifi"", ""Single level home"", ""Mosquito net"", ""Conditioner"", ""Children\u2019s books and toys"", ""Free parking on premises"", ""Shared patio or balcony"", ""Luggage dropoff allowed"", ""Comfee refrigerator"", ""Indoor fireplace: wood-burning"", ""Lock on bedroom door""]",$28.00,2,28,2.0,2.0,28.0,28.0,2.0,28.0,,t,13,43,73,348,15/03/25,19,2,0,275,2,12,336.0,04/05/22,31/12/24,4.89,4.84,4.89,4.84,4.89,4.58,4.74,IT058091C2LASTXHWL,f,2,0,2,0,0.54
14431,6.33346e+17,https://www.airbnb.com/rooms/633345705529408222,20250300000000.0,06/03/25,city scrape,Comfortable apartment in a strategic position,"Comfortable  and quiet apartment a short distance from Trastevere Station, Testaccio, Eur, Ostiense . It is located in a small and quiet street in a neighborhood full of shops and services. A few meters away there is a greengrocer, supermarket, pharmacy, post office, laundry, newsagent with bus tickets, stationery, fish market, numerous pizzerias and sushi. A very good restaurant with typical Roman dishes at 20 meters and at 300 meters also an outdoor swimming pool.","Marconi district full of shops and services. Near the house there is a fruit shop, supermarket, pharmacy, newsstand with metro tickets - bus, laundry, tobacco, pizzerias, sushi, clothing.<br />There are several bus stops that lead both to the center, both to the Eur, and to the San Paolo metro.",https://a0.muscache.com/pictures/miso/Hosting-633345705529408222/original/693b3ff3-bbc0-4f89-a783-40b0f514b640.jpeg,5115229,https://www.airbnb.com/users/show/5115229,Laura,17/02/13,"Rome, Italy","Salve, mi chiamo Laura , sono nata a Milano ma per amore mi sono trasferita a Roma nel 2014.  Io e Alessandro abbiamo un gioioso bimbo di nome Sergio, come il regista Sergio Leone, che piace tanto a mio marito 8come tutto il cinema.... infatti abbiamo tantissimi DVD)
 Già a Milano ho provato ad affittare casa mia con AirB&b e ora ho voluto ricominciare anche qui a Roma, per arrotondare e  perché si fanno sempre piacevoli conoscenze. Mi piace suonare la chitarra, fare trekking in montagna,  danzare danze popolari e girare per la meravigliosa Capitale di cui amo i colori al tramonto e in autunno. e il cibo, ovviamente :)
",within an hour,100%,100%,t,https://a0.muscache.com/im/pictures/user/9193411c-1e0e-4578-a77a-59b425e2a0de.jpg?aki_policy=profile_small,https://a0.muscache.com/im/pictures/user/9193411c-1e0e-4578-a77a-59b425e2a0de.jpg?aki_policy=profile_x_medium,,2.0,5.0,"['email', 'phone']",t,t,"Rome, Lazio, Italy",XI Arvalia/Portuense,,41.863892,12.471432,Entire condo,Entire home/apt,4,1.0,1 bath,2.0,4.0,"[""Bidet"", ""Iron"", ""Smoke alarm"", ""Hangers"", ""Fire extinguisher"", ""Coffee"", ""Dining table"", ""Clothing storage: closet and dresser"", ""Microwave"", ""Children\u2019s books and toys for ages 2-5 years old"", ""Laundromat nearby"", ""Wifi"", ""Free street parking"", ""Free dryer"", ""Host greets you"", ""Oven"", ""Dishwasher"", ""Stove"", ""Board games"", ""Hot water kettle"", ""Cleaning products"", ""Free washer \u2013 In unit"", ""Drying rack for clothing"", ""50 inch TV"", ""Luggage dropoff allowed"", ""Hot water"", ""Body soap"", ""Carbon monoxide alarm"", ""Wine glasses"", ""Dishes and silverware"", ""Central heating"", ""First aid kit"", ""Bed linens"", ""Shower gel"", ""Ceiling fan"", ""Indesit refrigerator"", ""Hair dryer"", ""Baking sheet"", ""Shampoo"", ""Essentials"", ""AC - split type ductless system"", ""Cooking basics"", ""Books and reading material"", ""Extra pillows and blankets"", ""Freezer"", ""Kitchen"", ""Children's playroom""]",$110.00,1,28,2.0,3.0,1125.0,1125.0,2.1,1125.0,,t,8,14,29,217,06/03/25,79,19,3,217,16,114,12540.0,10/07/22,26/02/25,4.94,4.89,4.92,4.9,4.97,4.57,4.9,IT058091C2F5U5SZS5,t,1,1,0,0,2.44
14476,6.34604e+17,https://www.airbnb.com/rooms/634604316547149242,20250300000000.0,12/03/25,city scrape,Didi House - intero alloggio - posto auto privato.,"Didi House is ready to welcome you within a quiet building located in the heart of ""Villa de Sanctis"", a neighborhood characterized by a cozy public park and served by numerous commercial activities, public transport and the new Metro C within walking distance. Complete a private parking space inside the courtyard. When booking for 2 guests, the dedicated bed area will be the room with the double bed. Communicate different needs BEFORE BOOKING.",,https://a0.muscache.com/pictures/5b10400b-6d43-487d-b36d-da76e7d799d1.jpg,460877387,https://www.airbnb.com/users/show/460877387,Laura,25/05/22,"Rome, Italy",,,,100%,f,https://a0.muscache.com/im/pictures/user/User-460877387/original/fbaf385e-168c-463a-bae5-e0e96d346f74.jpeg?aki_policy=profile_small,https://a0.muscache.com/im/pictures/user/User-460877387/original/fbaf385e-168c-463a-bae5-e0e96d346f74.jpeg?aki_policy=profile_x_medium,,1.0,1.0,['phone'],t,t,,V Prenestino/Centocelle,,41.88343,12.553623,Entire condo,Entire home/apt,3,1.0,1 bath,1.0,1.0,"[""43 inch HDTV with Roku, standard cable, DVD player, Chromecast"", ""Bidet"", ""Iron"", ""Dedicated workspace"", ""Smoke alarm"", ""Hangers"", ""Refrigerator"", ""Toaster"", ""Coffee"", ""Ethernet connection"", ""Dining table"", ""Clothing storage: walk-in closet, closet, and dresser"", ""Microwave"", ""Coffee maker: espresso machine"", ""Wifi"", ""Free street parking"", ""Host greets you"", ""Oven"", ""Dishwasher"", ""Hot water kettle"", ""Long term stays allowed"", ""Cleaning products"", ""Free washer \u2013 In unit"", ""Drying rack for clothing"", ""Blender"", ""Luggage dropoff allowed"", ""Hot water"", ""Body soap"", ""Bluetooth sound system"", ""Carbon monoxide alarm"", ""Central air conditioning"", ""Wine glasses"", ""Dishes and silverware"", ""Courtyard view"", ""Elevator"", ""Central heating"", ""Shower gel"", ""Ceiling fan"", ""Conditioner"", ""Hair dryer"", ""Baking sheet"", ""Whirlpool gas stove"", ""Private patio or balcony"", ""Shampoo"", ""Essentials"", ""Cooking basics"", ""Freezer"", ""Free parking on premises"", ""Bathtub"", ""Kitchen""]",$126.00,3,29,3.0,3.0,29.0,29.0,3.0,29.0,,t,2,2,2,2,12/03/25,12,2,0,0,2,12,1512.0,28/04/23,07/05/24,4.92,5.0,4.92,5.0,5.0,4.5,4.83,IT058091C2OIZU5XUW,f,1,1,0,0,0.53
14508,6.35974e+17,https://www.airbnb.com/rooms/635974229955270561,20250300000000.0,06/03/25,city scrape,Via Ottaviano 9 little suite luxury apartment,"In the heart of Rome, in the most exclusive and sought after area of the capital, the Octavian 9 little suite is born, a totally renovated apartment complete with every comfort to make your stay unique and unforgettable!<br />Ottaviano 9 little suite, the best choice for your stay in the beating heart of Rome!","The apartment is in the Prati area, one of the most exclusive and renowned neighborhoods in Rome, 100 meters from Piazza San Pietro and 200 meters from Metro A<br /><br />The apartment is located in the Prati area, one of the most exclusive and renowned districts of Rome, 100 meters from St. Peter's Square and 200 meters from Metro station",https://a0.muscache.com/pictures/miso/Hosting-635974229955270561/original/3fd41c2a-a9f8-451c-9c06-a61c8c1c8928.jpeg,461187267,https://www.airbnb.com/users/show/461187267,Laura,27/05/22,"Rome, Italy",,within an hour,100%,100%,t,https://a0.muscache.com/im/pictures/user/468c1c3b-68fe-448d-8b3e-a9e19017e0bd.jpg?aki_policy=profile_small,https://a0.muscache.com/im/pictures/user/468c1c3b-68fe-448d-8b3e-a9e19017e0bd.jpg?aki_policy=profile_x_medium,,1.0,1.0,"['email', 'phone']",t,t,"Rome, Lazio, Italy",I Centro Storico,,41.906704,12.457711,Entire vacation home,Entire home/apt,2,1.0,1 bath,1.0,1.0,"[""Dedicated workspace"", ""Iron"", ""Hangers"", ""Mosquito net"", ""Refrigerator"", ""Coffee"", ""Dining table"", ""Crib - available upon request"", ""Mini fridge"", ""Microwave"", ""Laundromat nearby"", ""Private entrance"", ""Paid parking garage on premises"", ""Wifi"", ""Pack \u2019n play/Travel crib"", ""Free street parking"", ""Host greets you"", ""Hot water kettle"", ""Stove"", ""Cleaning products"", ""Pets allowed"", ""Hot water"", ""Body soap"", ""Central air conditioning"", ""Single level home"", ""Wine glasses"", ""Dishes and silverware"", ""Courtyard view"", ""Elevator"", ""Central heating"", ""Bed linens"", ""Shower gel"", ""Conditioner"", ""Hair dryer"", ""32 inch HDTV with Amazon Prime Video, Netflix"", ""Coffee maker: Nespresso"", ""Shampoo"", ""Essentials"", ""Clothing storage: closet"", ""Cooking basics"", ""Freezer"", ""Extra pillows and blankets"", ""Paid street parking off premises"", ""Room-darkening shades"", ""Kitchen""]",$102.00,3,15,3.0,3.0,1125.0,1125.0,3.0,1125.0,,t,17,33,46,97,06/03/25,52,13,0,97,13,78,7956.0,07/06/22,18/10/24,4.88,4.83,4.87,4.85,4.94,4.9,4.67,IT058091C2OSSILMBA,t,1,1,0,0,1.55
14527,6.36922e+17,https://www.airbnb.com/rooms/636921780125486426,20250300000000.0,10/03/25,city scrape,Charming One-Bedroom in Rome's Testaccio,"Beautiful, cozy apartment in a quiet residential neighbourhood in the heart of Rome (Testaccio), with good cafes, great local restaurants, grocery stores, surrounded by archaeological sites and theatres, all within walking distances. The place is a few steps from the Tiber River greenway, if you’d like to go on a jog, a wall or a bike ride, and it is also close to Colosseo and Roman Forum and to the more touristic neighbourhood Trastevere (you can easily walk there).","If you're looking for a quieter spot in Rome, Testaccio is the perfect place. It may not have the same beauty as the historic centre or Trastevere, but it's much less crowded and touristy. Testaccio is a great place to explore and discover the unique history, quirky sights, vibrant market and delicious food scene. Even if you don't stay in Testaccio, it's worth a visit and you'll be sure to fall even more in love with Rome.",https://a0.muscache.com/pictures/miso/Hosting-636921780125486426/original/7a07cbcc-d3d2-4c41-a041-f2ea09f6824a.jpeg,409483954,https://www.airbnb.com/users/show/409483954,Laura,27/06/21,"Rome, Italy","Every year, we look forward to our stay in Rome Testaccio. We love the unique atmosphere of the neighbourhood. Our cozy apartment is the perfect place to relax and take in the sights and sounds of the area. From the delicious food to the vibrant culture, there's something for everyone to enjoy. We look forward to sharing these things with our friends and guests.
",,,100%,f,https://a0.muscache.com/im/pictures/user/57f3d0b4-6f25-4aa0-9474-455724f92753.jpg?aki_policy=profile_small,https://a0.muscache.com/im/pictures/user/57f3d0b4-6f25-4aa0-9474-455724f92753.jpg?aki_policy=profile_x_medium,,1.0,2.0,"['email', 'phone']",t,t,"Rome, Lazio, Italy",I Centro Storico,,41.88115,12.47508,Entire rental unit,Entire home/apt,2,1.0,1 bath,1.0,1.0,"[""Dedicated workspace"", ""Bidet"", ""Iron"", ""Smoke alarm"", ""Hangers"", ""Fire extinguisher"", ""Refrigerator"", ""Stainless steel oven"", ""Coffee"", ""Ethernet connection"", ""Dining table"", ""Self check-in"", ""Portable fans"", ""Radiant heating"", ""Private entrance"", ""Coffee maker: espresso machine"", ""Wifi"", ""Crib - always at the listing"", ""Hot water kettle"", ""Electric stove"", ""Cleaning products"", ""Free washer \u2013 In unit"", ""Drying rack for clothing"", ""Free dryer \u2013 In unit"", ""Pets allowed"", ""Luggage dropoff allowed"", ""Hot water"", ""Single level home"", ""Wine glasses"", ""Dishes and silverware"", ""Shared backyard \u2013 Fully fenced"", ""Window guards"", ""Clothing storage: wardrobe"", ""Bed linens"", ""Shower gel"", ""Ceiling fan"", ""Conditioner"", ""Lockbox"", ""Hair dryer"", ""Heating - split type ductless system"", ""Baking sheet"", ""Shampoo"", ""Essentials"", ""AC - split type ductless system"", ""Cooking basics"", ""Books and reading material"", ""Extra pillows and blankets"", ""Freezer"", ""Free parking on premises"", ""Exercise equipment: yoga mat"", ""Paid street parking off premises"", ""Room-darkening shades"", ""Kitchen""]",$99.00,5,21,5.0,5.0,21.0,21.0,5.0,21.0,,t,0,12,12,95,10/03/25,44,15,0,95,15,150,14850.0,02/07/22,01/01/25,4.91,4.95,4.8,4.86,4.95,4.93,4.77,IT058091C2WV8QG2HU,f,1,1,0,0,1.34
14599,6.39597e+17,https://www.airbnb.com/rooms/639597153799781951,20250300000000.0,06/03/25,city scrape,Jacuzzi Holiday House,"This apartment is perfect for your holiday. Only 1.2km from Colosseum and 1.6km from Termini. There is metro A (Manzoni) 3 minutes walking, with which you can reach all the rest of the city. Walking distance tou can find restaurants, bars and supermarkets. The apartment has 2 bedrooms, one of which has Jacuzzi (perfectto relax aftera long day in Rome), bathroom and kitchen. All spaces have air conditioning. There are gaming stuff like puzzles for children and adults, cards,domino and chessboard","Esquilino is the heart of the city and includes many different realities..to be in this place gives you the opportunity to understand this city all in one..the rich one ( Merulana_Monti and the representative center), the etnhic one (vittorio), the artistic one (pigneto), the ancient one (all over)and the student one ( san lorenzo). By foot, you will see all that in the time of a beautiful walk..it means to have Rome in your pocket!!",https://a0.muscache.com/pictures/5250bba7-af93-424f-8adf-8b3538c23d37.jpg,449408307,https://www.airbnb.com/users/show/449408307,Laura,13/03/22,,"There is a pleasure in the pathless woods;
There is a rapture on the lonely shore;
There is society, where none intrudes,
By the deep sea, and the music in its roar:
I love not man the less, but NATURE more....",within an hour,88%,100%,t,https://a0.muscache.com/im/pictures/user/User-449408307/original/93c4ab3b-a9ea-4043-a831-3203b4105013.jpeg?aki_policy=profile_small,https://a0.muscache.com/im/pictures/user/User-449408307/original/93c4ab3b-a9ea-4043-a831-3203b4105013.jpeg?aki_policy=profile_x_medium,,1.0,1.0,"['email', 'phone']",t,t,"Rome, Lazio, Italy",I Centro Storico,,41.890514,12.50537,Entire condo,Entire home/apt,6,1.0,1 bath,2.0,4.0,"[""Dedicated workspace"", ""Bidet"", ""Iron"", ""Toaster"", ""Fire extinguisher"", ""Refrigerator"", ""Paid parking garage off premises"", ""Coffee"", ""Dining table"", ""Crib - available upon request"", ""Mini fridge"", ""Self check-in"", ""Children\u2019s books and toys for ages 0-2 years old, 2-5 years old, and 5-10 years old"", ""Microwave"", ""TV"", ""Wifi"", ""Coffee maker"", ""Oven"", ""Hot water kettle"", ""Long term stays allowed"", ""Board games"", ""Cleaning products"", ""Free washer \u2013 In unit"", ""Drying rack for clothing"", ""Pocket wifi"", ""Luggage dropoff allowed"", ""Hot water"", ""Body soap"", ""Pack \u2019n play/Travel crib - available upon request"", ""Gas stove"", ""Central air conditioning"", ""Wine glasses"", ""Sound system"", ""Dishes and silverware"", ""Courtyard view"", ""Elevator"", ""Central heating"", ""Bread maker"", ""Window guards"", ""First aid kit"", ""Private hot tub"", ""Bed linens"", ""Shower gel"", ""EV charger"", ""Lockbox"", ""Hair dryer"", ""Baking sheet"", ""Shampoo"", ""Essentials"", ""Clothing storage: closet"", ""Cooking basics"", ""Freezer"", ""Extra pillows and blankets"", ""Bathtub"", ""Room-darkening shades"", ""Kitchen"", ""Safe""]",$94.00,2,1125,1.0,2.0,1125.0,1125.0,2.0,1125.0,,t,8,19,29,276,06/03/25,41,14,0,212,16,84,7896.0,16/09/22,07/10/24,4.93,4.95,4.93,4.85,4.93,4.9,4.76,IT058091C2FLPUMALG,t,1,1,0,0,1.36
14605,6.46836e+17,https://www.airbnb.com/rooms/646836489386439457,20250300000000.0,07/03/25,city scrape,Spanish Steps Loft,"Charming Loft, located in the heart of Rome, a few meters from:<br />Piazza di Spagna<br />Fontana di Trevi<br />famous staircase of Trinità dei Monti.<br /><br />Served by Metro Spagna and Barberini stops, adjacent to the main shopping streets. <br /><br />Completely renovated, in a historic building with an elevator, it is ideal for one couple. <br /><br />It has every comfort, equipped kitchen, WiFi fiber, smart TV, double bed, air conditioning","The neighborhood is one of the most exclusive in Rome. The ancient palaces, shopping streets, and historic Spanish Steps make this area charming and safe. <br />There are also numerous services right below the house, supermarkets, shops, restaurants, beauty services, hairdressers, souvenirs, and much more.",https://a0.muscache.com/pictures/miso/Hosting-646836489386439457/original/e2f9a347-2898-4ee5-9a33-6177637c71a4.jpeg,122789933,https://www.airbnb.com/users/show/122789933,Mario,27/03/17,"Rome, Italy",,within an hour,100%,100%,,https://a0.muscache.com/im/pictures/user/51a9d79c-6a8a-4663-a82a-8d1f4d023c92.jpg?aki_policy=profile_small,https://a0.muscache.com/im/pictures/user/51a9d79c-6a8a-4663-a82a-8d1f4d023c92.jpg?aki_policy=profile_x_medium,,9.0,15.0,"['email', 'phone', 'work_email']",t,t,"Rome, Lazio, Italy",I Centro Storico,,41.904686,12.4860692,Entire loft,Entire home/apt,2,1.0,1 bath,1.0,1.0,"[""Dedicated workspace"", ""Bidet"", ""Iron"", ""Smoke alarm"", ""Hangers"", ""Mosquito net"", ""Fire extinguisher"", ""Refrigerator"", ""Coffee"", ""Ethernet connection"", ""Fast wifi \u2013 148 Mbps"", ""Dining table"", ""Self check-in"", ""Microwave"", ""Laundromat nearby"", ""Oven"", ""Hot water kettle"", ""Cleaning products"", ""Pets allowed"", ""43 inch HDTV with Amazon Prime Video, Chromecast, Netflix, standard cable"", ""Hot water"", ""Body soap"", ""Carbon monoxide alarm"", ""Single level home"", ""Wine glasses"", ""Crib"", ""Dishes and silverware"", ""Courtyard view"", ""Elevator"", ""Smart lock"", ""First aid kit"", ""Bed linens"", ""Shower gel"", ""Hair dryer"", ""Heating - split type ductless system"", ""Coffee maker: Nespresso"", ""Shampoo"", ""Essentials"", ""AC - split type ductless system"", ""Cooking basics"", ""Freezer"", ""CANDY induction stove"", ""Room-darkening shades"", ""Kitchen""]",$119.00,2,1125,1.0,2.0,1125.0,1125.0,2.0,1125.0,,t,4,24,29,290,07/03/25,208,69,5,225,72,255,30345.0,29/06/22,28/02/25,4.87,4.9,4.9,4.89,4.96,4.97,4.8,IT058091C2E3YPK855,t,7,7,0,0,6.35
14883,6.65083e+17,https://www.airbnb.com/rooms/665083367585244137,20250300000000.0,12/03/25,city scrape,Loft Campo de Fiori,"A small Loft within a small square, very  characteristic and quiet , that takes you to another dimension despite being adjacent to the large squares of Campo De Fiori and Piazza Navona, a magical place where everything seems to have stopped but, as soon as  you cross the exit you are in the center of Rome where everything is accessible with a pleasant walk without having to take public transport.","The house is located in a small village near the famous Piazza Navona and Campo di Fiori. In the immediate vicinity, with a beautiful and comfortable walk, you can reach the majesty of the Colosseum and St. Peter's without having to take any public transport.",https://a0.muscache.com/pictures/hosting/Hosting-665083367585244137/original/396f1dcd-deb3-4f9d-a03b-f594a3f4da99.jpeg,9956489,https://www.airbnb.com/users/show/9956489,Laura,12/11/13,"Rome, Italy",La cordialità e la simpatia è la mia professionalità ,within an hour,100%,100%,f,https://a0.muscache.com/im/users/9956489/profile_pic/1387533170/original.jpg?aki_policy=profile_small,https://a0.muscache.com/im/users/9956489/profile_pic/1387533170/original.jpg?aki_policy=profile_x_medium,,6.0,6.0,"['email', 'phone']",t,t,"Rome, Lazio, Italy",I Centro Storico,,41.8962423,12.4713515,Entire vacation home,Entire home/apt,4,1.0,1 bath,1.0,1.0,"[""TV"", ""Carbon monoxide alarm"", ""Dedicated workspace"", ""Iron"", ""Fire extinguisher"", ""Crib"", ""Wifi"", ""Cooking basics"", ""Heating"", ""Air conditioning"", ""First aid kit"", ""Pets allowed"", ""Self check-in"", ""Kitchen"", ""Building staff"", ""Hair dryer""]",$160.00,2,365,1.0,2.0,1125.0,1125.0,2.0,1125.0,,t,10,15,21,205,12/03/25,1,0,0,135,0,0,0.0,19/07/22,19/07/22,5.0,5.0,5.0,5.0,5.0,5.0,5.0,IT058091C2UF3MTX74,t,3,3,0,0,0.03
14978,6.69722e+17,https://www.airbnb.com/rooms/669721953377081998,20250300000000.0,15/03/25,city scrape,Deliziosa camera  con  parcheggio nella proprietà,"Forget your worries in this spacious, serene oasis.",Very quiet neighborhood and well connected by public transport and   metro  where you can  visit  our wonderful city,https://a0.muscache.com/pictures/miso/Hosting-669721953377081998/original/c92a2573-192a-4827-b948-d01fd7dc1f29.jpeg,123726287,https://www.airbnb.com/users/show/123726287,Laura,01/04/17,"Rome, Italy",Sono molto rispettosa nei confronti dei miei clienti mi piace curare i dettagli  amo mantenere la mia casa perfettamente pulita  amo. essere un  host è cerco di  dare il meglio ,within an hour,100%,98%,f,https://a0.muscache.com/im/pictures/user/03167172-d5e3-4730-b307-8167d055c95b.jpg?aki_policy=profile_small,https://a0.muscache.com/im/pictures/user/03167172-d5e3-4730-b307-8167d055c95b.jpg?aki_policy=profile_x_medium,,1.0,1.0,"['email', 'phone']",t,t,"Rome, Lazio, Italy",XIII Aurelia,,41.9183027,12.3697423,Private room in rental unit,Private room,2,1.5,1.5 baths,1.0,1.0,"[""Extra pillows and blankets"", ""Outdoor dining area"", ""Hair dryer"", ""Bathtub"", ""Dedicated workspace"", ""Coffee maker"", ""Heating"", ""Fast wifi \u2013 56 Mbps"", ""Hangers"", ""Hot water"", ""TV"", ""Iron"", ""Long term stays allowed"", ""Drying rack for clothing"", ""Host greets you"", ""Essentials"", ""Garden view"", ""Bed linens"", ""Laundromat nearby"", ""Dishes and silverware"", ""Shampoo"", ""Portable fans"", ""Body soap"", ""Bidet"", ""Single level home"", ""Conditioner"", ""Refrigerator"", ""Free parking on premises"", ""Luggage dropoff allowed"", ""Lock on bedroom door""]",$45.00,1,30,1.0,1.0,1125.0,1125.0,1.0,1125.0,,t,13,36,62,152,15/03/25,53,16,0,152,16,96,4320.0,18/07/22,29/10/24,4.6,4.66,4.85,4.75,4.74,4.19,4.51,IT058091C25ZZTSD34,f,1,0,1,0,1.64
15095,6.80287e+17,https://www.airbnb.com/rooms/680286836240624551,20250300000000.0,08/03/25,city scrape,Camera tripla con bagno privato stazione Termini,"The proposed accommodation guarantees guests a comfortable and welcoming experience in the heart of Rome, near Termini station. Located on the second floor of a charming period palace in the historic Esquilino district, the triple room with private bathroom is part of a guest house consisting of four rooms in total. Guests will have access to an environment that combines comfort and familiarity.","The Esquilino neighborhood is one of the oldest and most multi-ethnic neighborhoods in Rome, located in the heart of the city. Featuring a rich history and vibrant atmosphere, Esquilino offers a variety of cultural, historical, and culinary experiences.<br /><br />One of the main attractions of the neighborhood is the presence of the Trajan Park, a green area that offers a quiet retreat from the chaos of the city and provides spectacular views of the main monuments of Rome, including the Colosseum. The main square, Piazza Vittorio Emanuele II, is one of the largest in Rome and is surrounded by imposing and colorful buildings. There are also local markets, shops, and a variety of restaurants offering traditional and international cuisine.<br /><br />Esquilino is also known for its cultural diversity and the presence of communities from all over the world. This diversity is reflected in the wide range of ethnic shops, markets, and restaurants that populate the neighborhood, offering a un",https://a0.muscache.com/pictures/hosting/Hosting-680286836240624551/original/c4556be6-c420-4328-80bf-43c4a1005a98.jpeg,212208096,https://www.airbnb.com/users/show/212208096,Laura,28/08/18,"Rome, Italy","Sono host a Roma da 10 anni. 
Oltre l’italiano, parlo inglese e francese.
Ho una laurea in economia e gestione delle imprese.
Ho gestito un hotel in Molise.
Ho ottenuto un master in management del turismo preso la 24Ore Business School, e ho effettuato un tirocinio presso una società.
Ho le principali attestazioni di Digital Training e copywriting.
Sono una persona paziente, empatica e disponibile.
Sono co-host e Property Manager.",within an hour,100%,100%,,https://a0.muscache.com/im/pictures/user/bdec20d4-5d3b-41ff-a8f8-5b7b5d59d97c.jpg?aki_policy=profile_small,https://a0.muscache.com/im/pictures/user/bdec20d4-5d3b-41ff-a8f8-5b7b5d59d97c.jpg?aki_policy=profile_x_medium,,33.0,45.0,"['email', 'phone', 'work_email']",t,t,"Rome, Lazio, Italy",I Centro Storico,,41.89401,12.50855,Private room in rental unit,Private room,3,1.0,1 private bath,1.0,2.0,"[""Smoke alarm"", ""Fire extinguisher"", ""Refrigerator"", ""Self check-in"", ""Wifi"", ""Hot water kettle"", ""Babysitter recommendations"", ""Cleaning products"", ""Pets allowed"", ""Lock on bedroom door"", ""Hot water"", ""Body soap"", ""Carbon monoxide alarm"", ""Single level home"", ""Wine glasses"", ""Courtyard view"", ""Central heating"", ""Shared backyard \u2013 Not fully fenced"", ""First aid kit"", ""Building staff"", ""Bed linens"", ""Hair dryer"", ""Essentials"", ""AC - split type ductless system"", ""Freezer"", ""Extra pillows and blankets"", ""Exterior security cameras on property"", ""Paid street parking off premises"", ""Room-darkening shades""]",$115.00,2,365,2.0,2.0,365.0,365.0,2.0,365.0,,t,6,14,24,24,08/03/25,95,27,1,24,35,162,18630.0,18/08/22,14/02/25,4.62,4.62,4.54,4.78,4.87,4.49,4.52,IT058091C2IJHD792,t,6,2,4,0,3.05
15175,6.86735e+17,https://www.airbnb.com/rooms/686735434809730017,20250300000000.0,06/03/25,city scrape,Vacanze Romane Apartment: nel cuore di Cinecittà,"Elegant apartment completely renovated in a condominium in the heart of Cinecittà, a few steps from Subaugusta and Giulio Agricola stops (line A) which brings you to the center in about 15 minutes. 2 double bedrooms, 2 bathrooms, a spacious kitchen and a living room with a small sofa bed. The apartment is equipped with washing machine and dishwasher. In the aerea bars, restaurants, shops, supermarkets. Italian breakfast included at MOMMI cafè with a pastry of the day and one of the drink listed",,https://a0.muscache.com/pictures/miso/Hosting-686735434809730017/original/360c039e-75e4-4080-93e3-2d4db184d7c6.jpeg,147000575,https://www.airbnb.com/users/show/147000575,Laura,21/08/17,"Rome, Italy",,within an hour,100%,100%,f,https://a0.muscache.com/im/pictures/user/User-147000575/original/f5f9dfea-4ada-463c-85be-06675c23dd22.jpeg?aki_policy=profile_small,https://a0.muscache.com/im/pictures/user/User-147000575/original/f5f9dfea-4ada-463c-85be-06675c23dd22.jpeg?aki_policy=profile_x_medium,,1.0,1.0,"['email', 'phone']",t,t,,VII San Giovanni/Cinecittà,,41.85469,12.56429,Entire condo,Entire home/apt,5,2.0,2 baths,2.0,2.0,"[""Bidet"", ""Hangers"", ""Refrigerator"", ""Coffee"", ""Dining table"", ""Kitchen"", ""Washer"", ""Microwave"", ""TV"", ""Laundromat nearby"", ""Wifi"", ""Free street parking"", ""Breakfast"", ""Host greets you"", ""Oven"", ""Dishwasher"", ""Stove"", ""Long term stays allowed"", ""Cleaning products"", ""Drying rack for clothing"", ""Hot water"", ""Body soap"", ""Single level home"", ""Wine glasses"", ""Crib"", ""Dishes and silverware"", ""Elevator"", ""Air conditioning"", ""Central heating"", ""Bed linens"", ""Shower gel"", ""Hair dryer"", ""Baking sheet"", ""Private patio or balcony"", ""Shampoo"", ""Essentials"", ""Cooking basics"", ""Freezer"", ""Books and reading material"", ""Extra pillows and blankets"", ""Bathtub"", ""Coffee maker: pour-over coffee"", ""Clothing storage: closet, wardrobe, and dresser""]",$161.00,3,28,3.0,3.0,1125.0,1125.0,3.0,1125.0,,t,8,19,19,19,06/03/25,10,1,0,19,1,6,966.0,10/09/22,05/05/24,4.7,4.6,4.8,4.6,4.6,4.6,4.3,IT058091C2ZLYXUS7T,t,1,1,0,0,0.33
15192,6.83896e+17,https://www.airbnb.com/rooms/683895646480550842,20250300000000.0,09/03/25,previous scrape,Apt 1 Bdr Roma Colosseo,"With this place downtown, your family will be close to everything. Located near the subway , the Colosseum is within walking distance, supermarkets , restaurants and shopping are within walking distance . No need to drive. <br />The air conditioning is condominium and is on from 8am to 11pm . There is also two fans in the apartment overnight .",,https://a0.muscache.com/pictures/miso/Hosting-683895646480550842/original/fdf23057-60ae-4a80-bfdb-2ebb7bfcc7d6.jpeg,472705705,https://www.airbnb.com/users/show/472705705,Laura,01/08/22,"Rome, Italy",,within an hour,100%,100%,f,https://a0.muscache.com/im/pictures/user/8aeca27e-7234-49ff-b505-43eaca3d529a.jpg?aki_policy=profile_small,https://a0.muscache.com/im/pictures/user/8aeca27e-7234-49ff-b505-43eaca3d529a.jpg?aki_policy=profile_x_medium,,7.0,7.0,"['email', 'phone']",t,t,,VII San Giovanni/Cinecittà,,41.88563,12.51076,Entire vacation home,Entire home/apt,4,,1 bath,1.0,,"[""TV"", ""Carbon monoxide alarm"", ""Dedicated workspace"", ""Smoke alarm"", ""Fire extinguisher"", ""Refrigerator"", ""Wifi"", ""Cooking basics"", ""Dishes and silverware"", ""Air conditioning"", ""Lockbox"", ""Washer"", ""Self check-in"", ""Hair dryer"", ""Kitchen"", ""First aid kit"", ""Heating""]",,2,365,1.0,5.0,99.0,99.0,2.7,99.0,,t,15,25,32,213,09/03/25,7,0,0,213,0,0,,24/08/22,29/05/23,3.29,3.71,3.43,5.0,3.43,4.86,3.0,IT058091B4ETY5ZNLT,t,7,4,3,0,0.23
15207,6.84597e+17,https://www.airbnb.com/rooms/684596715416272226,20250300000000.0,06/03/25,city scrape,Apt 2 BDR Roma Colosseo,"With this place downtown, your family will be close to everything. It is located in the Caracalla area, the Colosseum is reachable on foot",,https://a0.muscache.com/pictures/miso/Hosting-684596715416272226/original/83a59896-cc66-4662-be4e-613fefe14860.jpeg,472705705,https://www.airbnb.com/users/show/472705705,Laura,01/08/22,"Rome, Italy",,within an hour,100%,100%,f,https://a0.muscache.com/im/pictures/user/8aeca27e-7234-49ff-b505-43eaca3d529a.jpg?aki_policy=profile_small,https://a0.muscache.com/im/pictures/user/8aeca27e-7234-49ff-b505-43eaca3d529a.jpg?aki_policy=profile_x_medium,,7.0,7.0,"['email', 'phone']",t,t,,VII San Giovanni/Cinecittà,,41.88112,12.50466,Entire serviced apartment,Entire home/apt,5,1.0,1 bath,2.0,3.0,"[""TV"", ""Dedicated workspace"", ""Iron"", ""Fire extinguisher"", ""Refrigerator"", ""Wifi"", ""Cooking basics"", ""Dishes and silverware"", ""Heating"", ""Air conditioning"", ""Lockbox"", ""Washer"", ""Self check-in"", ""Kitchen"", ""First aid kit"", ""Hair dryer""]",$139.00,2,365,1.0,5.0,99.0,99.0,3.1,99.0,,t,17,29,42,189,06/03/25,12,1,0,189,1,6,834.0,05/09/22,12/05/24,3.75,4.0,4.0,4.67,4.25,4.33,3.58,IT058091B4SM2ZTKE3,t,7,4,3,0,0.39
15294,6.96727e+17,https://www.airbnb.com/rooms/696727373844080926,20250300000000.0,07/03/25,city scrape,comodo appartamento a monti,Relax in this peaceful and centrally-located place.,,https://a0.muscache.com/pictures/miso/Hosting-696727373844080926/original/d56a2215-d27f-49e5-a75f-7bea780e7782.jpeg,13261908,https://www.airbnb.com/users/show/13261908,Laura,18/03/14,"Rome, Italy","mi piace, sciare andare in barca, giocare a golf, camminare,leggere. non posso fare a meno dei libri di carta.La musica è un prezioso compagno sempre.",within an hour,100%,87%,f,https://a0.muscache.com/im/users/13261908/profile_pic/1406026044/original.jpg?aki_policy=profile_small,https://a0.muscache.com/im/users/13261908/profile_pic/1406026044/original.jpg?aki_policy=profile_x_medium,Colonna,5.0,5.0,"['email', 'phone']",t,t,,I Centro Storico,,41.8956001,12.4891695,Entire condo,Entire home/apt,4,1.0,1 bath,1.0,1.0,"[""Bidet"", ""Iron"", ""Fire extinguisher"", ""Hangers"", ""Refrigerator"", ""Dining table"", ""Bosch stainless steel oven"", ""30 inch TV"", ""Wifi"", ""Hot water kettle"", ""Long term stays allowed"", ""Cleaning products"", ""Free washer \u2013 In unit"", ""Drying rack for clothing"", ""Hot water"", ""Carbon monoxide alarm"", ""Single level home"", ""Dishes and silverware"", ""Elevator"", ""Air conditioning"", ""Central heating"", ""Bed linens"", ""Hair dryer"", ""Essentials"", ""Clothing storage: closet"", ""Cooking basics"", ""Freezer"", ""Extra pillows and blankets"", ""Bathtub"", ""AEG gas stove"", ""Kitchen""]",$126.00,4,30,4.0,4.0,30.0,30.0,4.0,30.0,,t,0,0,0,105,07/03/25,12,6,0,105,7,48,6048.0,30/03/23,30/12/24,4.92,4.67,4.67,5.0,4.92,5.0,4.83,IT058091C23AYEDTCY,f,5,5,0,0,0.51
15308,6.97827e+17,https://www.airbnb.com/rooms/697826526713504079,20250300000000.0,06/03/25,city scrape,"Stanza privata-economica, luminosa, confortevole","Room in Centocelle area, 1 minute walk (20m) from Metro C (Mirti stop).<br />ONLY SHORT STAYS. Comfortable single-use room rental with new furniture. The apartment has a bathroom to share with me. <br />I use a refrigerator in the kitchen and use a kettle in the room for drinking hot drinks or coffee.<br />Terrace with city view.<br />Area full of places for aperitifs, restaurants, markets, clothing stores.<br />Spoken languages: Italian, English.<br />Expected discounts for longer stays of nights.",,https://a0.muscache.com/pictures/miso/Hosting-697826526713504079/original/a6cca94a-4394-4265-895e-db25a77956e9.jpeg,111931278,https://www.airbnb.com/users/show/111931278,Laura,17/01/17,"Rome, Italy",,within a few hours,100%,89%,t,https://a0.muscache.com/im/pictures/user/a883e659-1b46-44b2-be8c-c94b816ec205.jpg?aki_policy=profile_small,https://a0.muscache.com/im/pictures/user/a883e659-1b46-44b2-be8c-c94b816ec205.jpg?aki_policy=profile_x_medium,,1.0,1.0,"['email', 'phone']",t,t,,V Prenestino/Centocelle,,41.88139,12.5678994,Private room in condo,Private room,1,1.0,1 shared bath,1.0,1.0,"[""Dedicated workspace"", ""Bidet"", ""Iron"", ""Hangers"", ""Mosquito net"", ""Portable air conditioning"", ""Refrigerator"", ""Coffee"", ""Laundromat nearby"", ""Wifi"", ""Free street parking"", ""Hot water kettle"", ""Cleaning products"", ""Lock on bedroom door"", ""Hot water"", ""Body soap"", ""Heating"", ""City skyline view"", ""Coffee maker: drip coffee maker"", ""Clothing storage: wardrobe"", ""First aid kit"", ""Bed linens"", ""Shower gel"", ""Hair dryer"", ""Private patio or balcony"", ""Shampoo"", ""Essentials"", ""Freezer"", ""Extra pillows and blankets"", ""Room-darkening shades""]",$45.00,3,6,3.0,3.0,6.0,6.0,3.0,6.0,,t,29,51,81,356,06/03/25,55,22,0,292,22,132,5940.0,12/09/22,03/11/24,4.87,4.98,4.93,4.91,4.87,4.73,4.93,IT058091B4JLCQE8RK,f,1,0,1,0,1.82
15437,7.04807e+17,https://www.airbnb.com/rooms/704806863314587349,20250300000000.0,15/03/25,city scrape,Tappa Romana perfetta - camera con bagno,"Thanks to the central position of this room you can reach The Colosseum on foot, The room has a double bed or on request you can make 2 single beds.The bathroom is inside the room , the kitchen is in the common area available to guests",,https://a0.muscache.com/pictures/miso/Hosting-704806863314587349/original/acbb2f19-3a8c-4695-a79a-c11181f5e898.jpeg,472705705,https://www.airbnb.com/users/show/472705705,Laura,01/08/22,"Rome, Italy",,within an hour,100%,100%,f,https://a0.muscache.com/im/pictures/user/8aeca27e-7234-49ff-b505-43eaca3d529a.jpg?aki_policy=profile_small,https://a0.muscache.com/im/pictures/user/8aeca27e-7234-49ff-b505-43eaca3d529a.jpg?aki_policy=profile_x_medium,,7.0,7.0,"['email', 'phone']",t,t,,VII San Giovanni/Cinecittà,,41.8806254,12.5034993,Private room in condo,Private room,2,1.0,1 private bath,1.0,1.0,"[""Lockbox"", ""Hangers"", ""Wifi"", ""Air conditioning"", ""Hair dryer"", ""Hot water"", ""TV"", ""Fire extinguisher"", ""Cooking basics"", ""Long term stays allowed"", ""Self check-in"", ""First aid kit"", ""Kitchen"", ""Heating"", ""Essentials"", ""Washer""]",$68.00,1,365,1.0,4.0,99.0,99.0,2.2,99.0,,t,15,25,27,148,15/03/25,3,1,0,148,0,6,408.0,31/10/22,01/01/25,3.67,4.0,4.0,4.67,4.33,4.0,3.0,IT058091B4JTMUAZVK,t,7,4,3,0,0.1
15439,7.0483e+17,https://www.airbnb.com/rooms/704829730082828554,20250300000000.0,05/03/25,city scrape,Economy Room with external bathroom,"Perfect location for a Roman stop, the room can have a double bed or two single beds , the bathroom is located outside the room , the colosseum is reachable on foot , the kitchen is available to guests",,https://a0.muscache.com/pictures/miso/Hosting-704829730082828554/original/29f757e1-42eb-483e-a9ad-604fbc93aef1.jpeg,472705705,https://www.airbnb.com/users/show/472705705,Laura,01/08/22,"Rome, Italy",,within an hour,100%,100%,f,https://a0.muscache.com/im/pictures/user/8aeca27e-7234-49ff-b505-43eaca3d529a.jpg?aki_policy=profile_small,https://a0.muscache.com/im/pictures/user/8aeca27e-7234-49ff-b505-43eaca3d529a.jpg?aki_policy=profile_x_medium,,7.0,7.0,"['email', 'phone']",t,t,,VII San Giovanni/Cinecittà,,41.8806254,12.5034993,Private room in condo,Private room,2,1.0,1 private bath,1.0,1.0,"[""TV"", ""Fire extinguisher"", ""Wifi"", ""Cooking basics"", ""Air conditioning"", ""Lockbox"", ""Washer"", ""Self check-in"", ""Kitchen"", ""First aid kit"", ""Heating""]",$62.00,1,28,1.0,3.0,2.0,99.0,2.0,68.8,,t,12,18,35,151,05/03/25,19,0,0,151,0,0,0.0,11/09/22,28/11/23,4.26,4.32,4.32,4.32,4.16,4.47,4.05,IT058091B4JTMUAZVK,t,7,4,3,0,0.63
15453,7.1489e+17,https://www.airbnb.com/rooms/714890262363566629,20250300000000.0,15/03/25,city scrape,Italienisch stillvoll,This typically stylish Italian furnished apartment with  excellent access to the city center ( 5 train stations to Piazza Di Spagna) 40 min by Shutlle bus to Fiumicino Airport <br />is ideal for guests of all kinds for relaxing and interesting days in Rome.,,https://a0.muscache.com/pictures/miso/Hosting-714890262363566629/original/9c04d8bd-5218-4a5f-8ecd-f4fad2913f88.jpeg,352255714,https://www.airbnb.com/users/show/352255714,Mario,28/06/20,"Hanover, Germany",,a few days or more,0%,71%,f,https://a0.muscache.com/im/pictures/user/04602758-259c-4434-9384-a5614bb7fc75.jpg?aki_policy=profile_small,https://a0.muscache.com/im/pictures/user/04602758-259c-4434-9384-a5614bb7fc75.jpg?aki_policy=profile_x_medium,,1.0,1.0,['phone'],t,t,,XIII Aurelia,,41.89829,12.42942,Entire condo,Entire home/apt,4,2.0,2 baths,2.0,2.0,"[""Hair dryer"", ""Bathtub"", ""Central heating"", ""Dedicated workspace"", ""Kitchen"", ""Coffee maker"", ""Clothing storage: wardrobe"", ""Private patio or balcony"", ""Room-darkening shades"", ""Hangers"", ""Hot water"", ""TV"", ""Exterior security cameras on property"", ""Essentials"", ""Bed linens"", ""Dishes and silverware"", ""Refrigerator"", ""Cooking basics"", ""Washer""]",$95.00,31,1125,31.0,31.0,1125.0,1125.0,31.0,1125.0,,t,30,60,90,365,15/03/25,7,4,0,292,4,248,23560.0,18/06/23,10/10/24,4.0,3.86,3.86,4.43,4.0,4.43,3.71,,f,1,1,0,0,0.33
15553,7.0927e+17,https://www.airbnb.com/rooms/709270334180450207,20250300000000.0,09/03/25,previous scrape,Next stop from Laura,In this one-of-a-kind accommodation surrounded by greenery but far from the noise of the city is 750 meters from the Cornelia metro to reach the center of Rome.,,https://a0.muscache.com/pictures/miso/Hosting-709270334180450207/original/554328ad-fc6c-4943-895d-779c8d9d73d5.jpeg,245781506,https://www.airbnb.com/users/show/245781506,Laura,27/02/19,,,,,75%,f,https://a0.muscache.com/im/pictures/user/5e86dc70-4eb4-4131-aa35-07adecaababb.jpg?aki_policy=profile_small,https://a0.muscache.com/im/pictures/user/5e86dc70-4eb4-4131-aa35-07adecaababb.jpg?aki_policy=profile_x_medium,,2.0,2.0,"['email', 'phone']",t,t,,XIII Aurelia,,41.89806,12.42146,Entire condo,Entire home/apt,4,,1 bath,1.0,,"[""Dedicated workspace"", ""Bidet"", ""Smoke alarm"", ""Hangers"", ""Portable air conditioning"", ""Refrigerator"", ""Mini fridge"", ""Self check-in"", ""Paid washer \u2013 In building"", ""TV"", ""Laundromat nearby"", ""Wifi"", ""Coffee maker"", ""Cleaning products"", ""Pets allowed"", ""Luggage dropoff allowed"", ""Shared pool"", ""Hot water"", ""Body soap"", ""Smoking allowed"", ""Heating"", ""Crib"", ""Dishes and silverware"", ""Elevator"", ""Outdoor furniture"", ""Keypad"", ""Shared backyard \u2013 Fully fenced"", ""Bed linens"", ""Hair dryer"", ""Private patio or balcony"", ""Shampoo"", ""Essentials"", ""AC - split type ductless system"", ""Free parking on premises"", ""Extra pillows and blankets"", ""Outdoor dining area"", ""Room-darkening shades""]",,1,28,1.0,2.0,28.0,28.0,1.1,28.0,,t,0,0,0,0,09/03/25,11,1,0,0,1,6,,11/09/22,29/05/24,4.82,4.91,4.82,4.82,4.91,4.64,4.64,IT058091C2FKSFSP89,f,2,2,0,0,0.36
15578,7.20733e+17,https://www.airbnb.com/rooms/720732672508248659,20250300000000.0,11/03/25,city scrape,Colisseum view brand new studio  with murphy bed,"Quaint area, bright and cozy studio with 2 windows,murphy bed with comfortable mattress,equipped kitchenette, dining corner,mosaic tiles bathroom",,https://a0.muscache.com/pictures/miso/Hosting-720732672508248659/original/6ccf508c-0962-443d-a454-df651f974e0a.jpeg,3504,https://www.airbnb.com/users/show/3504,Laura,08/10/08,"Rome, Italy","I've a degree in Art History
",within a day,100%,0%,f,https://a0.muscache.com/im/users/3504/profile_pic/1335690922/original.jpg?aki_policy=profile_small,https://a0.muscache.com/im/users/3504/profile_pic/1335690922/original.jpg?aki_policy=profile_x_medium,Monti,6.0,11.0,"['email', 'phone']",t,t,,I Centro Storico,,41.89643,12.48936,Entire condo,Entire home/apt,2,1.0,1 bath,1.0,1.0,"[""Pets allowed"", ""Kitchen"", ""City skyline view""]",$91.00,60,1125,60.0,60.0,1125.0,1125.0,60.0,1125.0,,t,10,40,70,345,11/03/25,1,0,0,276,0,0,0.0,08/10/22,08/10/22,5.0,5.0,5.0,5.0,5.0,5.0,5.0,,f,6,6,0,0,0.03
15598,7.20967e+17,https://www.airbnb.com/rooms/720967185992163868,20250300000000.0,10/03/25,city scrape,Casa Antico Acquedotto-collegata a Metro A - B - C,"Charming apartment  <br />Great location to get to the center of Rome:  <br /><br />Also reachable on foot (or by express bus in a few minutes)  Metro A (Arco di Travertino) and Metro C (Malatesta): ideal for visiting the Basilica of San Giovanni and the Colosseum.<br /><br />13-14 min by tram from Termini station (Metro A/B)<br /><br />15 min by bus from Tiburtina station (Metro B) <br /><br />Large bedroom, large kitchen and bathroom.<br />Very bright apartment.<br /><br />Excellent restaurants in the area. Close to Pigneto.","Torpignattara is an area from which you can easily reach the old town of Rome.<br />It's a neighborhood with the presence of archaeology and contemporary art (Street Art).<br />Walking you will notice many facades of palaces painted by famous artists who have made the Torpignattara area, also known for its street art (in fact, routes by guides and contemporary art historians) . <br />There are many  supermarkets,  bakeries, restaurants, typical trattorias and  some of which specialize in Roman or fish cuisine but also lively pubs and clubs with live music. <br />In the area there are also two green parks just minutes from home, the Sangalli Park crossed by a beautiful historic Roman aqueduct and Villa De Sanctis that is located on the Sant' Elena Mausoleum and from which the dome is named; as it was designed with amphoraes or pinnacles (still visible) to lighten the weight. Next to the historic complex and the church are the catacombs of Santi Marcellino and Pietro that can be visited ",https://a0.muscache.com/pictures/miso/Hosting-720967185992163868/original/ed5c3773-ab01-4bcb-a292-af0e4bdb861f.jpeg,8177943,https://www.airbnb.com/users/show/8177943,Mario,15/08/13,"Rome, Italy","Ciao mi chiamo Mario. Adoro viaggiare e conoscere persone diverse, le loro storie e i loro punti di vista.",within an hour,100%,100%,t,https://a0.muscache.com/im/pictures/user/8e2dc031-82cd-4e66-8ae6-0eadfe1c7eff.jpg?aki_policy=profile_small,https://a0.muscache.com/im/pictures/user/8e2dc031-82cd-4e66-8ae6-0eadfe1c7eff.jpg?aki_policy=profile_x_medium,,2.0,2.0,"['email', 'phone']",t,t,"Rome, Lazio, Italy",V Prenestino/Centocelle,,41.87878,12.54415,Entire condo,Entire home/apt,2,1.0,1 bath,1.0,1.0,"[""Dedicated workspace"", ""Bidet"", ""Iron"", ""Hangers"", ""Refrigerator"", ""Paid parking on premises"", ""Ethernet connection"", ""Dining table"", ""Portable fans"", ""TV"", ""Laundromat nearby"", ""Wifi"", ""Free street parking"", ""Oven"", ""Cleaning products"", ""Free washer \u2013 In unit"", ""Drying rack for clothing"", ""Hot water"", ""Body soap"", ""Gas stove"", ""Carbon monoxide alarm"", ""Dishes and silverware"", ""Courtyard view"", ""Central heating"", ""First aid kit"", ""Bed linens"", ""Shower gel"", ""Hair dryer"", ""Baking sheet"", ""Coffee maker: Nespresso"", ""Shampoo"", ""Essentials"", ""Clothing storage: closet"", ""Freezer"", ""Room-darkening shades"", ""Kitchen""]",$65.00,2,30,2.0,2.0,30.0,30.0,2.0,30.0,,t,0,0,0,0,10/03/25,76,34,0,0,34,204,13260.0,23/10/22,03/01/25,4.89,4.89,4.88,4.99,5.0,4.32,4.76,IT058091C264KU4LX9,t,2,2,0,0,2.62
15725,7.30409e+17,https://www.airbnb.com/rooms/730408569256008974,20250300000000.0,15/03/25,city scrape,Stanza con bagno privato a piramide,"The room is located in a strategic area: in addition to being about 20 minutes walk from the Colosseum, below the house there is the B Pyramid Metro and the Ostiense station, which has trains every quarter of an hour to the Fiumicino airport and to many other important points of the city and outside. In addition, in the area there are among the best restaurants in the city and places for all tastes. I am also available for any suggestions and to help you plan your tour of Rome to the fullest!","The neighborhood is quite quiet and is full of restaurants and things to do, close to Testaccio and consequently Trastevere and also with 20 minutes walk you can easily reach the Colosseum",https://a0.muscache.com/pictures/miso/Hosting-730408569256008974/original/25ca40f3-9fa2-497c-87af-389d3bb23632.jpeg,117015233,https://www.airbnb.com/users/show/117015233,Mario,18/02/17,"Rome, Italy",,,,100%,t,https://a0.muscache.com/im/pictures/user/971475e9-7ee0-4065-9999-3b68494f5625.jpg?aki_policy=profile_small,https://a0.muscache.com/im/pictures/user/971475e9-7ee0-4065-9999-3b68494f5625.jpg?aki_policy=profile_x_medium,,1.0,1.0,"['email', 'phone']",t,t,"Rome, Lazio, Italy",VIII Appia Antica,,41.87427726,12.48096117,Private room in guest suite,Private room,2,1.0,1 private bath,1.0,1.0,"[""Smoke alarm"", ""Fast wifi \u2013 865 Mbps"", ""Window AC unit"", ""Cleaning products"", ""Hair dryer"", ""Dedicated workspace"", ""Paid parking on premises"", ""Radiant heating"", ""Kitchen"", ""Coffee maker"", ""Room-darkening shades"", ""Hangers"", ""Microwave"", ""Hot water"", ""Fire extinguisher"", ""Whirpool stainless steel single oven"", ""Host greets you"", ""Essentials"", ""Bed linens"", ""Dishwasher"", ""Elevator"", ""Dishes and silverware"", ""Shampoo"", ""Coffee"", ""Carbon monoxide alarm"", ""Body soap"", ""Bidet"", ""Single level home"", ""Refrigerator"", ""Cooking basics"", ""Luggage dropoff allowed"", ""Clothing storage: walk-in closet"", ""Lock on bedroom door"", ""Washer""]",$84.00,1,365,1.0,3.0,365.0,365.0,1.6,365.0,,t,28,58,88,363,15/03/25,40,13,0,290,13,78,6552.0,06/10/22,30/11/24,4.8,4.88,4.75,4.92,5.0,4.88,4.6,IT058091C2TGBKEQWT,t,1,0,1,0,1.35
15910,7.48943e+17,https://www.airbnb.com/rooms/748942637070088888,20250300000000.0,07/03/25,city scrape,Signorile appartamento al Vaticano “A Casa di Zia”,"Aunt Maria arrived in Rome in the 1950s and since then her home has witnessed a constantly changing Rome. Laura and Paolo offer you an unforgettable Roman stay in a comfortable and elegant house. ""A Casa di Zia"" is located 5 minutes from the Vatican, in a cozy and picturesque neighborhood where services are at your fingertips: San Pietro Station, Ottaviano metro, 24-hour supermarkets, pharmacies and a wide range of restaurants with a unique view of Coupon.","5 minutes from the Vatican, a welcoming and picturesque district where you can find all the services at your fingertips, such as the San Pietro urban railway station (2 minutes walk) and the Ottavino metro (15 minutes walk). All the commercial activities you may need (24-hour supermarkets, pharmacies, laundries, etc.) and a wide range of restaurants and restaurants are available.",https://a0.muscache.com/pictures/5b16ec5c-cd2b-4494-820c-aaf9da6c7029.jpg,485527141,https://www.airbnb.com/users/show/485527141,Laura,29/10/22,,,,,0%,f,https://a0.muscache.com/im/pictures/user/ffbe205f-cf3a-4701-8efd-10f1060cf8c5.jpg?aki_policy=profile_small,https://a0.muscache.com/im/pictures/user/ffbe205f-cf3a-4701-8efd-10f1060cf8c5.jpg?aki_policy=profile_x_medium,,1.0,1.0,"['email', 'phone']",t,f,"Rome, Lazio, Italy",XIII Aurelia,,41.8949151,12.4502766,Entire condo,Entire home/apt,4,1.0,1 bath,1.0,2.0,"[""Dedicated workspace"", ""Bidet"", ""Iron"", ""Fire extinguisher"", ""Hangers"", ""Mosquito net"", ""Refrigerator"", ""Paid parking on premises"", ""Coffee"", ""Dining table"", ""Washer"", ""Self check-in"", ""TV"", ""Coffee maker: espresso machine"", ""Wifi"", ""Oven"", ""Dishwasher"", ""Hot water kettle"", ""Cleaning products"", ""Pets allowed"", ""Hot water"", ""Body soap"", ""Dishes and silverware"", ""Air conditioning"", ""Central heating"", ""Smart lock"", ""First aid kit"", ""Bed linens"", ""Hair dryer"", ""Baking sheet"", ""Shampoo"", ""Essentials"", ""Clothing storage: closet"", ""Cooking basics"", ""Freezer"", ""Room-darkening shades"", ""Kitchen""]",$136.00,3,30,3.0,3.0,30.0,30.0,3.0,30.0,,t,2,6,16,269,07/03/25,4,0,0,204,0,0,0.0,02/01/23,08/09/23,4.75,5.0,4.75,5.0,5.0,4.5,4.75,IT058091C2KRDC5F59,f,1,1,0,0,0.15
15913,7.49174e+17,https://www.airbnb.com/rooms/749173729122480751,20250300000000.0,12/03/25,city scrape,ARC - Piazza Navona Nest 5 people little Studio,"The apartment is located in a privileged position, a few steps from two of the most famous and charming squares of Rome: Piazza Navona and Piazza Campo dei Fiori. Described as a ""small wedding favor"", the apartment promises to be a jewel of comfort and charm in the heart of the historic center of Rome. It is located on the second floor and has no elevator.",,https://a0.muscache.com/pictures/miso/Hosting-749173729122480751/original/fd16ac41-1022-4d6a-b780-4488f87cb421.jpeg,51503378,https://www.airbnb.com/users/show/51503378,Laura,16/12/15,"Rome, Italy",,within an hour,98%,100%,f,https://a0.muscache.com/im/pictures/user/User-51503378/original/a6ab36aa-c72b-451d-be1d-b95f38fa845e.jpeg?aki_policy=profile_small,https://a0.muscache.com/im/pictures/user/User-51503378/original/a6ab36aa-c72b-451d-be1d-b95f38fa845e.jpeg?aki_policy=profile_x_medium,Monti,10.0,34.0,"['email', 'phone']",t,t,,I Centro Storico,,41.89725,12.46999,Entire rental unit,Entire home/apt,5,1.0,1 bath,2.0,3.0,"[""Toaster"", ""Bidet"", ""Iron"", ""Smoke alarm"", ""Hangers"", ""Fire extinguisher"", ""High chair"", ""Dining table"", ""Washer"", ""Smeg refrigerator"", ""Private entrance"", ""Wifi"", ""Coffee maker"", ""Host greets you"", ""Hot water kettle"", ""Long term stays allowed"", ""Pets allowed"", ""Hot water"", ""Body soap"", ""Gas stove"", ""Heating"", ""Carbon monoxide alarm"", ""Wine glasses"", ""Crib"", ""Dishes and silverware"", ""Air conditioning"", ""First aid kit"", ""Shower gel"", ""Hair dryer"", ""Shampoo"", ""Essentials"", ""Cooking basics"", ""Kitchen""]",$135.00,31,365,1.0,31.0,1125.0,1125.0,3.2,1125.0,,t,7,14,24,285,12/03/25,42,35,1,215,34,255,34425.0,03/01/23,19/02/25,4.88,4.81,4.9,4.88,4.86,5.0,4.74,IT058091C2Z3XZ762T,t,10,10,0,0,1.58
15932,7.50039e+17,https://www.airbnb.com/rooms/750038731797498462,20250300000000.0,05/03/25,city scrape,Ottimo appartamento alle porte di Roma!,"The apartment is centrally located to the attractions offered by both Rome and the entire Lazio region.<br />It is 25 minutes by car from the heart of Rome and about 30 minutes from Bracciano, Tivoli and the sea.<br />You have private parking available and at night you have quiet dreams.<br />It is allowed to bring pets and there is fresh air in abundance despite the proximity to a big city like Rome.",,https://a0.muscache.com/pictures/hosting/Hosting-U3RheVN1cHBseUxpc3Rpbmc6NzUwMDM4NzMxNzk3NDk4NDYy/original/165eeab5-0b97-418b-98ab-e49c97eabf7e.jpeg,406010403,https://www.airbnb.com/users/show/406010403,Mario,08/06/21,"Rome, Italy",vengo a visitare Venezia con mamma,within an hour,100%,97%,f,https://a0.muscache.com/im/pictures/user/a76ef2d4-5ad7-4e73-8306-b6f9d0dcfc4d.jpg?aki_policy=profile_small,https://a0.muscache.com/im/pictures/user/a76ef2d4-5ad7-4e73-8306-b6f9d0dcfc4d.jpg?aki_policy=profile_x_medium,,2.0,2.0,"['email', 'phone']",t,t,,III Monte Sacro,,41.9946,12.51702,Entire condo,Entire home/apt,5,1.0,1 bath,2.0,3.0,"[""Dedicated workspace"", ""Bidet"", ""Smoke alarm"", ""Hangers"", ""Mosquito net"", ""Fire extinguisher"", ""Refrigerator"", ""Ethernet connection"", ""Self check-in"", ""Clothing storage: closet and dresser"", ""Microwave"", ""TV"", ""Private entrance"", ""Altro induction stove"", ""Wifi"", ""Free washer \u2013 In unit"", ""Pets allowed"", ""Hot water"", ""Heating"", ""Central air conditioning"", ""Single level home"", ""Dishes and silverware"", ""Keypad"", ""Private hot tub"", ""Bed linens"", ""Hair dryer"", ""Essentials"", ""Cooking basics"", ""Freezer"", ""Free parking on premises"", ""Bathtub"", ""Kitchen""]",$67.00,1,1125,1.0,1.0,1125.0,1125.0,1.0,1125.0,,t,14,19,43,318,05/03/25,59,5,0,255,10,30,2010.0,07/11/22,22/09/24,4.37,4.51,4.57,4.59,4.59,4.14,4.37,IT058091C2VIWBTHPV,f,2,2,0,0,2.08
16280,7.65277e+17,https://www.airbnb.com/rooms/765277076733906352,20250300000000.0,12/03/25,city scrape,La Dolce Vita apartment in Rome,"La Dolce Vita apartment is a 55-square-meter, modern accommodation where you will feel right at home.<br /> <br />The apartment has been recently renovated and has up to 5 beds.<br /><br />The apartment  is well connected to the center of Rome thanks to the presence of bus and metro stops at 100 and 500 meters away.<br />Great connection also to Roma Fiumicino airport,thanks to the train that arrives at Tuscolana station, 5 minutes walk away.","The apartment is in the Tusculano neighborhood, in this area along the Tusculana street you will find everything you will need: food shops, restaurants, pharmacies, clothing and electronics stores, and just 500 meters from the accommodation there is a shopping center.",https://a0.muscache.com/pictures/hosting/Hosting-U3RheVN1cHBseUxpc3Rpbmc6NzY1Mjc3MDc2NzMzOTA2MzUy/original/4f743428-0f24-414e-b894-76ae9f891273.jpeg,201127807,https://www.airbnb.com/users/show/201127807,Mario,09/07/18,"Anzio, Italy",,within an hour,100%,100%,t,https://a0.muscache.com/im/pictures/user/f1ccbe1a-fdce-41c4-8e89-e28f7e620819.jpg?aki_policy=profile_small,https://a0.muscache.com/im/pictures/user/f1ccbe1a-fdce-41c4-8e89-e28f7e620819.jpg?aki_policy=profile_x_medium,,1.0,1.0,"['email', 'phone']",t,t,"Rome, Lazio, Italy",VII San Giovanni/Cinecittà,,41.87789,12.52664,Entire rental unit,Entire home/apt,5,1.0,1 bath,1.0,3.0,"[""Toaster"", ""Bidet"", ""Iron"", ""Smoke alarm"", ""Hangers"", ""Mosquito net"", ""Fire extinguisher"", ""Coffee"", ""De longhi stainless steel oven"", ""Dining table"", ""Mini fridge"", ""Self check-in"", ""Portable fans"", ""Microwave"", ""Laundromat nearby"", ""Wifi"", ""Free street parking"", ""Hot water kettle"", ""Cleaning products"", ""Drying rack for clothing"", ""Luggage dropoff allowed"", ""Hot water"", ""Body soap"", ""Carbon monoxide alarm"", ""City skyline view"", ""Single level home"", ""Wine glasses"", ""Dishes and silverware"", ""Elevator"", ""Central heating"", ""Stainless steel gas stove"", ""First aid kit"", ""Bed linens"", ""Shower gel"", ""Lockbox"", ""Hair dryer"", ""Baking sheet"", ""Essentials"", ""Clothing storage: closet"", ""AC - split type ductless system"", ""Hisense refrigerator"", ""Extra pillows and blankets"", ""Cooking basics"", ""46 inch HDTV"", ""Freezer"", ""Room-darkening shades"", ""Kitchen""]",$100.00,3,365,3.0,3.0,365.0,365.0,3.0,365.0,,t,0,0,0,0,12/03/25,49,24,0,0,25,144,14400.0,13/02/23,01/11/24,4.94,4.96,4.96,4.98,4.98,4.73,4.86,IT058091C2LCL6RTBU,f,1,1,0,0,1.94
16409,7.75912e+17,https://www.airbnb.com/rooms/775911702074119221,20250300000000.0,06/03/25,city scrape,"Laura Calipso, Roma","Calipso home is a nice condominium apartment (stately and quiet) in the center of Rome, 150m from the metro line A and a 15-minute drive from Ciampino airport; cozy, colorful, full of shops, bars, restaurants. The great location guarantees maximum comfort, ranging from the popular local market to the enchanting landscape of the aqueduct park. Accommodation  suitable for everyone, for a Roman vacation to discover historical places, traditional dishes, Rome","The neighborhood is well stocked with shops, bars, restaurants, supermarkets, the local market, the police command. Gentle and quiet condominium.",https://a0.muscache.com/pictures/miso/Hosting-775911702074119221/original/1ba405b4-51b7-4885-b4ab-24ec0fdd8213.jpeg,490440406,https://www.airbnb.com/users/show/490440406,Laura,06/12/22,"Castel Gandolfo, Italy","Sono una persona allegra  positiva e mi piace conoscere persone nuove le loro tradizioni, costumi , interessi entrare in sintonia e gratificali con la mia ospitalità",within an hour,100%,97%,t,https://a0.muscache.com/im/pictures/user/aa6c9558-9a5d-4dff-8ea4-8b4d49ad8e12.jpg?aki_policy=profile_small,https://a0.muscache.com/im/pictures/user/aa6c9558-9a5d-4dff-8ea4-8b4d49ad8e12.jpg?aki_policy=profile_x_medium,,2.0,2.0,"['email', 'phone']",t,t,"Rome, Lazio, Italy",VII San Giovanni/Cinecittà,,41.858412,12.5542195,Entire rental unit,Entire home/apt,2,1.0,1 bath,1.0,1.0,"[""Dedicated workspace"", ""Bidet"", ""Iron"", ""Toaster"", ""Smoke alarm"", ""Hangers"", ""Baby bath"", ""Park view"", ""Refrigerator"", ""High chair"", ""Coffee"", ""Dining table"", ""Mini fridge"", ""Portable fans"", ""Microwave"", ""Radiant heating"", ""Laundromat nearby"", ""Paid washer \u2013 In unit"", ""Wifi"", ""Pack \u2019n play/Travel crib"", ""Free street parking"", ""Breakfast"", ""Oven"", ""Babysitter recommendations"", ""Hot water kettle"", ""Host greets you"", ""Cleaning products"", ""Drying rack for clothing"", ""Pets allowed"", ""Luggage dropoff allowed"", ""Hot water"", ""Body soap"", ""Carbon monoxide alarm"", ""City skyline view"", ""Single level home"", ""Dishes and silverware"", ""Courtyard view"", ""Children\u2019s books and toys for ages 2-5 years old and 5-10 years old"", ""Outdoor furniture"", ""Central heating"", ""Bread maker"", ""Clothing storage: closet and wardrobe"", ""Garden view"", ""Shared backyard \u2013 Fully fenced"", ""First aid kit"", ""Cleaning available during stay"", ""Bed linens"", ""Shower gel"", ""Conditioner"", ""Hair dryer"", ""Baking sheet"", ""Private patio or balcony"", ""Shampoo"", ""Essentials"", ""22 inch TV"", ""AC - split type ductless system"", ""Cooking basics"", ""Extra pillows and blankets"", ""Freezer"", ""Free parking on premises"", ""Coffee maker: espresso machine, french press"", ""AEG induction stove"", ""Kitchen""]",$54.00,2,1125,1.0,2.0,1125.0,1125.0,2.0,1125.0,,t,3,4,10,10,06/03/25,28,18,0,10,19,108,5832.0,14/01/23,11/01/25,5.0,4.96,4.96,5.0,4.96,4.89,4.96,IT058091C25SIOGUFQ,f,1,1,0,0,1.07
16615,7.91157e+17,https://www.airbnb.com/rooms/791157411938661058,20250300000000.0,15/03/25,city scrape,Cardello Loft - Colosseo View,"Cardello Loft is an apartment located in the heart of Rione Monti, the oldest and most characteristic neighborhood of Rome. You will sleep a few meters from the Colosseum in a building of the 1700s, which keeps intact the charm of Ancient Rome. The Loft is perfect for 4 people and boasts a spacious living room suitable for couples or friends. Just leave home to be immersed in the atmosphere of the most authentic and authentic Rome, surrounded by typical restaurants and the most sought-after handmade shops in Rome.","Rione Monti is the oldest and coolest area of Rome. Walking through its alleys you get lost in the true and authentic atmosphere of Rome. We are located in a village enclosed between the Via dei Fori Imperiali, the Colosseum and Piazza Venezia. The restaurants in the Rione are the most authentic in Rome where you can taste the real traditional dishes at the right price. The historic shops make this district the most fascinating in Rome. To live the true experience of Rome and not feel like a tourist, Rione Monti is your best choice.",https://a0.muscache.com/pictures/miso/Hosting-791157411938661058/original/f9a64e50-1ad1-4fdf-9863-f39bc5309f60.jpeg,492988113,https://www.airbnb.com/users/show/492988113,Serena,27/12/22,,,within an hour,100%,100%,f,https://a0.muscache.com/im/pictures/user/e770d49b-2eed-403f-91f2-dfff5832d571.jpg?aki_policy=profile_small,https://a0.muscache.com/im/pictures/user/e770d49b-2eed-403f-91f2-dfff5832d571.jpg?aki_policy=profile_x_medium,,1.0,1.0,"['email', 'phone']",t,t,"Rome, Lazio, Italy",I Centro Storico,,41.89298249,12.49005551,Entire rental unit,Entire home/apt,4,1.0,1 bath,1.0,2.0,"[""Extra pillows and blankets"", ""Smoke alarm"", ""Cleaning products"", ""Air conditioning"", ""Hair dryer"", ""Coffee maker: espresso machine"", ""Clothing storage: closet"", ""Dedicated workspace"", ""Baking sheet"", ""First aid kit"", ""Kitchen"", ""Hot water kettle"", ""Hangers"", ""Dining table"", ""Smart lock"", ""Hot water"", ""TV"", ""Pets allowed"", ""City skyline view"", ""Paid parking garage off premises"", ""Monodose shampoo"", ""Shower gel"", ""Essentials"", ""Private entrance"", ""Bed linens"", ""Monodose conditioner"", ""Heating - split type ductless system"", ""Dishes and silverware"", ""Wine glasses"", ""Coffee"", ""Carbon monoxide alarm"", ""Monodose body soap"", ""Bidet"", ""Freezer"", ""Wifi"", ""Gas stove"", ""Refrigerator"", ""Cooking basics"", ""Self check-in"", ""Stainless steel oven""]",$126.00,1,30,1.0,1.0,1125.0,1125.0,1.0,1125.0,,t,5,18,48,298,15/03/25,134,59,2,227,59,255,32130.0,07/01/23,26/02/25,4.66,4.76,4.64,4.85,4.7,4.86,4.61,IT058791C29FUUOPIV,t,1,1,0,0,5.03
16942,8.10679e+17,https://www.airbnb.com/rooms/810679296813883171,20250300000000.0,10/03/25,city scrape,Colosseo camera singola e bagno,"The single room has a double bed 120x190cm, closet, television, air conditioning. The bathroom, inside the room, does not have a bidet but is equipped with a shower, mirror, sink and toilet.<br />The apartment has a large kitchen for common use by all guests and a balcony with washing machine always for common use.<br />Wi-Fi internet is free, just ask our staff for the password.",,https://a0.muscache.com/pictures/miso/Hosting-810679296813883171/original/5ddc1f80-62dd-4902-a5f1-034812489576.jpeg,472705705,https://www.airbnb.com/users/show/472705705,Laura,01/08/22,"Rome, Italy",,within an hour,100%,100%,f,https://a0.muscache.com/im/pictures/user/8aeca27e-7234-49ff-b505-43eaca3d529a.jpg?aki_policy=profile_small,https://a0.muscache.com/im/pictures/user/8aeca27e-7234-49ff-b505-43eaca3d529a.jpg?aki_policy=profile_x_medium,,7.0,7.0,"['email', 'phone']",t,t,,VII San Giovanni/Cinecittà,,41.8806254,12.5034993,Private room in bed and breakfast,Private room,1,1.0,1 private bath,1.0,1.0,"[""TV"", ""Fire extinguisher"", ""Wifi"", ""Air conditioning"", ""Lockbox"", ""Washer"", ""Self check-in"", ""Kitchen"", ""First aid kit"", ""Heating""]",$59.00,1,365,1.0,4.0,2.0,99.0,2.0,70.1,,t,18,25,34,176,10/03/25,5,0,0,176,0,0,0.0,09/02/23,15/10/23,3.2,4.2,3.8,3.6,3.4,4.0,3.8,IT058091B4JTMUAZVK,t,7,4,3,0,0.2
17369,8.42028e+17,https://www.airbnb.com/rooms/842028281499609817,20250300000000.0,10/03/25,previous scrape,Studio Apartment near Gemelli,"Modern stylish Apartment, in a central area of Rome, walking distance by metro stations Cornelia and Battistini, 3 metro stops from Vatican, near the Gemelli Hospital and Ergife Hotel. Located on the 2nd floor of a building with lift, completely furnished Kitchen, washing machine, modern shower, double bed, powerful A/C, smart lock, ultra-fast wifi, usb sockets, Smart TV, free Parking on the street and main services nearby",,https://a0.muscache.com/pictures/miso/Hosting-842028281499609817/original/68bf7ee1-40c9-400c-b0e9-ebac7f431946.jpeg,122789933,https://www.airbnb.com/users/show/122789933,Mario,27/03/17,"Rome, Italy",,within an hour,100%,100%,,https://a0.muscache.com/im/pictures/user/51a9d79c-6a8a-4663-a82a-8d1f4d023c92.jpg?aki_policy=profile_small,https://a0.muscache.com/im/pictures/user/51a9d79c-6a8a-4663-a82a-8d1f4d023c92.jpg?aki_policy=profile_x_medium,,9.0,15.0,"['email', 'phone', 'work_email']",t,t,,XIII Aurelia,,41.910796,12.4229361,Entire rental unit,Entire home/apt,2,,1 bath,1.0,,"[""Dedicated workspace"", ""Bidet"", ""Iron"", ""Smoke alarm"", ""Hangers"", ""Mosquito net"", ""Fire extinguisher"", ""Refrigerator"", ""Coffee"", ""Ethernet connection"", ""Dining table"", ""Kitchen"", ""Mini fridge"", ""Self check-in"", ""Microwave"", ""Laundromat nearby"", ""Coffee maker: espresso machine"", ""Wifi"", ""Free street parking"", ""Oven"", ""40 inch HDTV with Netflix, Amazon Prime Video, standard cable"", ""Dishwasher"", ""Hot water kettle"", ""Cleaning products"", ""Free washer \u2013 In unit"", ""Hot water"", ""Body soap"", ""Gas stove"", ""Carbon monoxide alarm"", ""Single level home"", ""Wine glasses"", ""Dishes and silverware"", ""Elevator"", ""Keypad"", ""First aid kit"", ""Bed linens"", ""Shower gel"", ""Conditioner"", ""Hair dryer"", ""Heating - split type ductless system"", ""Baking sheet"", ""Shampoo"", ""Essentials"", ""AC - split type ductless system"", ""Cooking basics"", ""Freezer"", ""Extra pillows and blankets"", ""Room-darkening shades"", ""Clothing storage: closet, wardrobe, and dresser""]",,1,365,1.0,1.0,1125.0,1125.0,1.0,1125.0,,t,8,38,68,343,10/03/25,77,28,0,275,32,168,,10/04/23,01/01/25,4.82,4.84,4.75,4.83,4.92,4.38,4.61,IT058091C2ZJV49SBO,f,7,7,0,0,3.3
17517,8.51409e+17,https://www.airbnb.com/rooms/851408915922968952,20250300000000.0,07/03/25,city scrape,Appartamento 4 persone con a/c,"The apartment consists of two double connecting rooms, each with its own en-suite bathroom, with an open kitchenette <br />air conditioning, wifi",,https://a0.muscache.com/pictures/miso/Hosting-851408915922968952/original/2c6941bc-c6ca-4902-a6da-1800a5919aed.jpeg,139716,https://www.airbnb.com/users/show/139716,Laura,07/06/10,"Rome, Italy","Mi piace diffondere allegria e cordialità
negli anni ho fatto della mia ospitalità la mia missione. conoscere nuove persone, confrontarsi e far sentire i propri ospiti a casa loro
questo è quello che faccio. 
credo nei rapporti umani ed effettivamente ho conosciuto molte persone e soprattutto molte belle persone, che danno un senso al mio lavoro.
amo la musica ma soprattutto il mare. Roma è la città più bella del mondo ma non lo sarebbe così tanto se non avesse il mare a due passi!
ho una bellissima famiglia e alcuni amici con i quali valga la pena spendere il proprio tempo libero e fare belle esperienze.
Vi aspetto... ",within an hour,100%,100%,f,https://a0.muscache.com/im/users/139716/profile_pic/1371218423/original.jpg?aki_policy=profile_small,https://a0.muscache.com/im/users/139716/profile_pic/1371218423/original.jpg?aki_policy=profile_x_medium,Aurelio,10.0,10.0,"['email', 'phone']",t,t,,XIII Aurelia,,41.8990045,12.4432508,Private room in rental unit,Private room,4,2.0,2 baths,2.0,4.0,"[""TV"", ""Fire extinguisher"", ""Refrigerator"", ""Wifi"", ""Free parking on premises"", ""Air conditioning"", ""First aid kit"", ""Pets allowed"", ""Kitchen""]",$142.00,1,365,1.0,3.0,365.0,365.0,1.9,365.0,,t,12,33,53,231,07/03/25,0,0,0,230,0,0,0.0,,,,,,,,,,IT058091B4V7AQ9K7J,t,10,4,6,0,
17609,8.59063e+17,https://www.airbnb.com/rooms/859062686202053325,20250300000000.0,12/03/25,city scrape,M&M Pigneto Roma,Apartment located inside the pedestrian island of Pigneto 500 meters from metro C and a few steps from buses and trams that lead to the city center. Immersed in the nightlife with bars and restaurants within easy reach. Family-friendly neighborhood.,,https://a0.muscache.com/pictures/miso/Hosting-859062686202053325/original/738d5196-6fec-4108-83d8-1369b056c209.jpeg,7319480,https://www.airbnb.com/users/show/7319480,Serena,06/07/13,"Rome, Italy","Siamo Serena e Marco e i nostri due bimbi Mattia di 8 anni e Matilde di 4.  

Ci piace scoprire nuovi posti e venire a contatto con le realtà locali dei posti che visitiamo. 
Talvolta ci capita di utilizzare Airbnb anche per soggiorni di lavoro.

Da poco siamo diventati host di un appartamento nello stesso quartiere dove abitiamo ed a cui siamo molto affezionati.",,,100%,f,https://a0.muscache.com/im/pictures/user/c6446022-136a-4bef-9ab0-a8343b1a2035.jpg?aki_policy=profile_small,https://a0.muscache.com/im/pictures/user/c6446022-136a-4bef-9ab0-a8343b1a2035.jpg?aki_policy=profile_x_medium,,2.0,2.0,"['email', 'phone']",t,t,,V Prenestino/Centocelle,,41.8892766,12.5248038,Entire rental unit,Entire home/apt,4,1.0,1 bath,1.0,2.0,"[""Bidet"", ""Iron"", ""Hangers"", ""Mosquito net"", ""Refrigerator"", ""High chair"", ""Coffee"", ""Dining table"", ""Clothing storage: closet and dresser"", ""Microwave"", ""Children\u2019s books and toys"", ""Laundromat nearby"", ""Coffee maker: espresso machine"", ""Wifi"", ""Children\u2019s dinnerware"", ""Host greets you"", ""Hot water kettle"", ""Cleaning products"", ""Free washer \u2013 In unit"", ""Drying rack for clothing"", ""Hot water"", ""Body soap"", ""Pack \u2019n play/Travel crib - available upon request"", ""Gas stove"", ""Carbon monoxide alarm"", ""Smoking allowed"", ""Dishes and silverware"", ""Air conditioning"", ""Central heating"", ""Bed linens"", ""Shower gel"", ""Hair dryer"", ""Shampoo"", ""Essentials"", ""Cooking basics"", ""Extra pillows and blankets"", ""TV with Amazon Prime Video"", ""Kitchen""]",$108.00,1,25,1.0,1.0,25.0,25.0,1.0,25.0,,t,1,6,12,65,12/03/25,22,0,0,65,0,0,0.0,10/04/23,01/10/23,4.77,4.82,4.91,5.0,4.95,4.55,4.64,IT058091C2SFXWQ7IP,f,1,1,0,0,0.94
17856,8.67452e+17,https://www.airbnb.com/rooms/867451648209127847,20250300000000.0,07/03/25,city scrape,Trevi Fountain Loft,"Charming 60m2 two-room apartment located in the heart of Rome, a few meters from the Spanish Steps and the Trevi Fountain. On the way to the Sistina Theater and the famous Trinità dei Monti staircase.<br />about 200m from the Barberini metro stop.<br />The house is very quiet, ideal for sleeping well away from noise, despite its central location.<br />It accommodates up to 4 people and has every comfort, air conditioning, equipped kitchen, ultra-fast wifi, smart TV and modern bathroom with shower.","The neighborhood is one of the most exclusive in Rome. The ancient palaces, shopping streets, and historic Spanish Steps make this area charming and safe. <br />There are also numerous services right below the house, supermarkets, shops, restaurants, beauty services, hairdressers, souvenirs, and much more.",https://a0.muscache.com/pictures/47460280-f3bd-4e43-8ace-e1f6247b8abc.jpg,122789933,https://www.airbnb.com/users/show/122789933,Mario,27/03/17,"Rome, Italy",,within an hour,100%,100%,,https://a0.muscache.com/im/pictures/user/51a9d79c-6a8a-4663-a82a-8d1f4d023c92.jpg?aki_policy=profile_small,https://a0.muscache.com/im/pictures/user/51a9d79c-6a8a-4663-a82a-8d1f4d023c92.jpg?aki_policy=profile_x_medium,,9.0,15.0,"['email', 'phone', 'work_email']",t,t,"Rome, Lazio, Italy",I Centro Storico,,41.90416,12.48533,Entire vacation home,Entire home/apt,4,1.0,1 bath,1.0,2.0,"[""Dedicated workspace"", ""Bidet"", ""Iron"", ""Smoke alarm"", ""Hangers"", ""Mosquito net"", ""Fire extinguisher"", ""Refrigerator"", ""Coffee"", ""Ethernet connection"", ""Dining table"", ""Self check-in"", ""Microwave"", ""Laundromat nearby"", ""Wifi"", ""Pack \u2019n play/Travel crib"", ""Oven"", ""Hot water kettle"", ""Stove"", ""Cleaning products"", ""Fire pit"", ""Pets allowed"", ""Hot water"", ""Body soap"", ""Heating"", ""Carbon monoxide alarm"", ""Single level home"", ""Wine glasses"", ""Crib"", ""Dishes and silverware"", ""Courtyard view"", ""Elevator"", ""Air conditioning"", ""First aid kit"", ""Bed linens"", ""Shower gel"", ""Lockbox"", ""TV with standard cable"", ""Hair dryer"", ""Coffee maker: Nespresso"", ""Shampoo"", ""Essentials"", ""Cooking basics"", ""Freezer"", ""Patio or balcony"", ""Room-darkening shades"", ""Kitchen""]",$124.00,2,365,1.0,2.0,1125.0,1125.0,2.0,1125.0,,t,7,28,46,321,07/03/25,111,58,3,256,62,255,31620.0,21/04/23,22/02/25,4.81,4.86,4.68,4.89,4.92,4.95,4.68,IT058091C2XOVQWR4W,t,7,7,0,0,4.85
17992,8.72131e+17,https://www.airbnb.com/rooms/872130864737479526,20250300000000.0,11/03/25,previous scrape,House for families and friend,"Thanks to the central location of this property, the entire group will have easy access to all the local attractions. On Sundays there is the Porta Portese market and just below the house the famous Maritozzaro bar to taste the famous husbandzzi with cream",,https://a0.muscache.com/pictures/miso/Hosting-872130864737479526/original/79f3107f-5bfd-4c41-977a-7059315d085c.jpeg,50708725,https://www.airbnb.com/users/show/50708725,Serena,07/12/15,"Rome, Italy",,,,100%,f,https://a0.muscache.com/im/pictures/user/1962ddaf-b3bf-42d5-a7c9-c78762f06495.jpg?aki_policy=profile_small,https://a0.muscache.com/im/pictures/user/1962ddaf-b3bf-42d5-a7c9-c78762f06495.jpg?aki_policy=profile_x_medium,,3.0,3.0,"['email', 'phone']",t,t,,XII Monte Verde,,41.87451272,12.4679714,Entire rental unit,Entire home/apt,5,,1 bath,2.0,,"[""Kitchen"", ""Washer""]",,2,365,2.0,2.0,1125.0,1125.0,2.0,1125.0,,t,8,18,35,120,11/03/25,1,0,0,120,0,0,,12/06/23,12/06/23,5.0,5.0,5.0,5.0,5.0,5.0,5.0,IT058091C2SKV5R2KO,t,2,2,0,0,0.05
18026,8.76768e+17,https://www.airbnb.com/rooms/876767710900465208,20250300000000.0,05/03/25,city scrape,Appartamento Flora,"Bright and spacious apartment completely renovated, in a stately building with an elevator, located in an elegant area of Rome equipped with all services.  It has a balcony  accessible from each room. It is quiet and has a private covered parking space in the condominium garage. <br />Underneath the house there are buses that take you to Trastevere and Piazza Venezia. The area is equipped with a supermarket about 50 meters away, bar, pharmacy, restaurants, taxi station all within walking distance.",,https://a0.muscache.com/pictures/miso/Hosting-876767710900465208/original/c54873c3-c1b8-4258-bd54-250f3d08d12a.jpeg,511549618,https://www.airbnb.com/users/show/511549618,Laura,24/04/23,"Rome, Italy",,within an hour,100%,100%,t,https://a0.muscache.com/im/pictures/user/User-511549618/original/105719ac-2985-4d0e-bda2-95023137039b.png?aki_policy=profile_small,https://a0.muscache.com/im/pictures/user/User-511549618/original/105719ac-2985-4d0e-bda2-95023137039b.png?aki_policy=profile_x_medium,,1.0,1.0,"['email', 'phone']",t,t,,XII Monte Verde,,41.85762294,12.44636392,Entire condo,Entire home/apt,6,1.5,1.5 baths,2.0,3.0,"[""Dedicated workspace"", ""Bidet"", ""Iron"", ""Fire extinguisher"", ""Hangers"", ""Refrigerator"", ""Dining table"", ""Washer"", ""Portable fans"", ""TV"", ""Wifi"", ""Coffee maker"", ""Free street parking"", ""Host greets you"", ""Oven"", ""Hot water kettle"", ""Stove"", ""Cleaning products"", ""Drying rack for clothing"", ""Hot water"", ""Body soap"", ""Carbon monoxide alarm"", ""Single level home"", ""Wine glasses"", ""Dishes and silverware"", ""Elevator"", ""Central heating"", ""First aid kit"", ""Bed linens"", ""Shower gel"", ""Hair dryer"", ""Baking sheet"", ""Private patio or balcony"", ""Shampoo"", ""Essentials"", ""Clothing storage: closet"", ""Cooking basics"", ""Freezer"", ""Room-darkening shades"", ""Kitchen"", ""Free parking garage on premises \u2013 1 space""]",$80.00,2,30,2.0,2.0,30.0,30.0,2.0,30.0,,t,29,41,66,156,05/03/25,41,23,0,156,23,138,11040.0,12/05/23,01/01/25,4.98,5.0,5.0,4.98,5.0,4.63,4.93,IT058091C2RGVVA86L,f,1,1,0,0,1.85
18039,8.77248e+17,https://www.airbnb.com/rooms/877247915769001049,20250300000000.0,07/03/25,city scrape,Loft in Monti - Colosseum,"Loft open space located in the charming Monti district, just a few steps from the Colosseum.<br />The loft consists of two levels. On the first floor there is the living room with a double sofa, a dining table and large closets; the fully equipped kitchen and the bathroom with shower (60x60cm) and washing machine. On the second floor there is the bedroom with double bed (queen size, 140 cm), which is accessed via a spiral staircase. Wi-Fi, TV, portable a/c, electric panel heating. Smart Lock.","Cozy loft on two levels in the heart of Rome, just a few steps from the Colosseum, the Domus Aurea and the Imperial Forums.  <br />Located in the charming Monti district, rich of historic landmarks, authentic restaurants, cool aperitivo spots, and independent boutiques, with a mix of traditional and sophisticated atmosphere.<br /><br />Next to the apartment there’s Colle Oppio Park, where you can enjoy a panoramic stroll to the Colosseum; Santa Maria Maggiore Church; and San Pietro in Vincoli Church where Michelangelo’s Mose is kept.<br /><br />Within walking distance: Termini Train Station (8min), Metro A - Vittorio Emanuele (10min) and Metro B – Cavour (6min)<br /><br />All the most popular city landmarks are within walking distance: <br />Fontana di Trevi 1.5 km <br />Piazza Venezia 1.5 km <br />Piazza di Spagna 1.8 km Villa <br />Borghese 2 km",https://a0.muscache.com/pictures/miso/Hosting-877247915769001049/original/037ab80b-97e2-428b-8eb1-32018bbf0454.jpeg,17662172,https://www.airbnb.com/users/show/17662172,Laura,05/07/14,"Pescara, Italy","Ciao ! I look forward to host you in my charming and cozy loft in Rome. 
I am always available to help you throughout your stay and am super happy to share with you tips and advice to make the most out of your trip in the beautiful eternal city.",within an hour,100%,100%,f,https://a0.muscache.com/im/pictures/user/User/original/8cddbd79-0ee9-4465-862a-a25ddcb811cd.jpeg?aki_policy=profile_small,https://a0.muscache.com/im/pictures/user/User/original/8cddbd79-0ee9-4465-862a-a25ddcb811cd.jpeg?aki_policy=profile_x_medium,,1.0,1.0,"['email', 'phone']",t,t,"Rome, Lazio, Italy",I Centro Storico,,41.8955,12.49889,Entire rental unit,Entire home/apt,2,1.0,1 bath,1.0,1.0,"[""Dedicated workspace"", ""Bidet"", ""Iron"", ""Toaster"", ""Portable air conditioning"", ""Refrigerator"", ""Dining table"", ""Self check-in"", ""Portable fans"", ""Clothing storage: closet and dresser"", ""Microwave"", ""TV"", ""Radiant heating"", ""Wifi"", ""Oven"", ""Electric stove"", ""Hot water kettle"", ""Long term stays allowed"", ""Free washer \u2013 In unit"", ""Hot water"", ""Body soap"", ""Wine glasses"", ""Dishes and silverware"", ""Elevator"", ""Smart lock"", ""Bed linens"", ""Shower gel"", ""Hair dryer"", ""Essentials"", ""Cooking basics"", ""Freezer"", ""Kitchen""]",$84.00,1,365,1.0,1.0,365.0,365.0,1.0,365.0,,t,7,22,41,67,07/03/25,51,24,3,67,22,144,12096.0,06/05/23,02/03/25,4.75,4.78,4.8,4.8,4.94,4.9,4.65,IT058091C2ODKKBIG3,f,1,1,0,0,2.28
18297,8.91948e+17,https://www.airbnb.com/rooms/891947742765629692,20250300000000.0,11/03/25,city scrape,Appartamento 3 stanze,"Apartment on the 4th floor of the building with a doorman and elevator, in the quiet neighborhood of Vittorie, 10 minutes from the Vatican City and the Vatican Museums, a few meters from the Court of Rome, connected to the center. Thoughtfully and detailed with exclusive designer furnishings","In the middle of the quiet and refined Vittorie district built in the early decades of the 20th century near the Prati district and the Vatican City, which is just 10 minutes away on foot, a few meters from the Court of Rome, 10 minutes walk from the Vatican Museums and Vatican City, 10 minutes walk from the Ottaviano metro A stop, which crosses the entire historic center, and a few meters from the Clodio terminus of the main buses that serve the center of Rome and the main tourist attractions.",https://a0.muscache.com/pictures/miso/Hosting-891947742765629692/original/f83e05d9-bb9e-4319-a714-1f23c4b9dca9.jpeg,514064825,https://www.airbnb.com/users/show/514064825,Serena,10/05/23,,,,,100%,f,https://a0.muscache.com/im/pictures/user/User-514064825/original/dcf08e56-c492-48f8-8be5-eeab336dff8e.jpeg?aki_policy=profile_small,https://a0.muscache.com/im/pictures/user/User-514064825/original/dcf08e56-c492-48f8-8be5-eeab336dff8e.jpeg?aki_policy=profile_x_medium,,1.0,3.0,"['email', 'phone']",t,t,"Rome, Lazio, Italy",I Centro Storico,,41.91592746,12.45278819,Entire condo,Entire home/apt,6,3.0,3 baths,3.0,3.0,"[""Dedicated workspace"", ""Bidet"", ""Iron"", ""Fire extinguisher"", ""Hangers"", ""Refrigerator"", ""Other electric stove"", ""Coffee"", ""Dining table"", ""Paid valet parking on premises"", ""Self check-in"", ""Microwave"", ""TV"", ""Laundromat nearby"", ""Wifi"", ""Hot water kettle"", ""Long term stays allowed"", ""Cleaning products"", ""Luggage dropoff allowed"", ""Hot water"", ""Body soap"", ""Carbon monoxide alarm"", ""Dishes and silverware"", ""Elevator"", ""Keypad"", ""Air conditioning"", ""Central heating"", ""First aid kit"", ""Kitchenette"", ""Bed linens"", ""Shower gel"", ""Hair dryer"", ""Heating - split type ductless system"", ""Baking sheet"", ""Private patio or balcony"", ""Shampoo"", ""Essentials"", ""Clothing storage: closet"", ""Cooking basics"", ""Freezer"", ""Extra pillows and blankets"", ""Coffee maker: drip coffee maker, espresso machine"", ""Room-darkening shades"", ""Safe""]",$675.00,2,40,2.0,7.0,40.0,40.0,2.2,40.0,,t,0,0,0,0,11/03/25,10,6,0,0,6,36,24300.0,01/10/23,02/01/25,5.0,5.0,4.9,4.8,5.0,5.0,4.7,IT058091C2PDH5LUV2,f,1,1,0,0,0.57
18392,8.91082e+17,https://www.airbnb.com/rooms/891082108637452164,20250300000000.0,06/03/25,city scrape,"Appartamento climatizzato in Centro-Wifi, Smart Tv","This beautiful air-conditioned and recently renovated apartment is the ideal choice for a comfortable stay in Rome. <br /><br />With a large living room, equipped kitchen, 3 bedrooms (9 beds) and 2 bathrooms with shower, it offers everything you need for an unforgettable visit. <br /><br />Great connections: buses to Piazza Venezia and Termini, metro a 15-minute walk away. <br /><br />You can get to the city center on foot.<br /><br />Walking distance to restaurants, supermarkets, and bars. <br /><br />A great base for exploring Rome!",,https://a0.muscache.com/pictures/hosting/Hosting-U3RheVN1cHBseUxpc3Rpbmc6ODkxMDgyMTA4NjM3NDUyMTY0/original/c26e651a-dbbc-47e5-b19e-b220b2da89ea.jpeg,29085403,https://www.airbnb.com/users/show/29085403,Mario,10/03/15,"Rome, Italy",Gli ospiti mi potranno contattare per qualsiasi informazione o problema e avranno da me tutte le informazioni al check in che possono essere d'aiuto,within an hour,100%,84%,t,https://a0.muscache.com/im/pictures/user/User-29085403/original/f69d2ca1-edf3-4180-96ad-a4db173a237c.jpeg?aki_policy=profile_small,https://a0.muscache.com/im/pictures/user/User-29085403/original/f69d2ca1-edf3-4180-96ad-a4db173a237c.jpeg?aki_policy=profile_x_medium,,1.0,8.0,"['email', 'phone']",t,t,,II Parioli/Nomentano,,41.9117563,12.5033802,Entire condo,Entire home/apt,9,2.0,2 baths,3.0,6.0,"[""50 inch HDTV with Amazon Prime Video, Netflix"", ""Dedicated workspace"", ""Bidet"", ""Iron"", ""Toaster"", ""Smoke alarm"", ""Hangers"", ""Refrigerator"", ""Paid parking off premises"", ""Coffee"", ""Dining table"", ""Washer"", ""Self check-in"", ""Wifi"", ""Coffee maker"", ""Breakfast"", ""Oven"", ""Hot water kettle"", ""Stove"", ""Long term stays allowed"", ""Paid parking garage on premises \u2013 50 spaces"", ""Cleaning products"", ""Drying rack for clothing"", ""Hot water"", ""Body soap"", ""Heating"", ""Carbon monoxide alarm"", ""Single level home"", ""Wine glasses"", ""Crib"", ""Dishes and silverware"", ""Elevator"", ""Keypad"", ""Cleaning available during stay"", ""Bed linens"", ""Shower gel"", ""Conditioner"", ""Hair dryer"", ""Baking sheet"", ""Shampoo"", ""Essentials"", ""Clothing storage: closet"", ""AC - split type ductless system"", ""Cooking basics"", ""Extra pillows and blankets"", ""Freezer"", ""Room-darkening shades"", ""Kitchen""]",$122.00,2,30,1.0,2.0,1125.0,1125.0,2.0,1125.0,,t,13,25,50,322,06/03/25,90,63,4,258,62,255,31110.0,30/06/23,23/02/25,4.99,4.99,4.81,4.99,5.0,4.93,4.93,IT058091C2FFD59UJG,t,1,1,0,0,4.38
18413,8.91839e+17,https://www.airbnb.com/rooms/891839455208198295,20250300000000.0,06/03/25,city scrape,Private Room with own Bathroom,"This is a one bedroom room with own toilet and bath.  We want to accommodate to tourists who are looking for affordable place to stay in  Rome.   We are just one ride (5km) to Vatican or to Ottaviano Metro A tube train riding Bus number 913 and 990 that passes just infront of our house. If you want to go to Rome Olympic Stadium, just one ride with bus 911,  we are just 3km away. Downstairs there are bars, pharmacies, supermarkets, church, taxi and bank.  SIT Shuttle bus Vatican Stop from airport",Downstairs there is a supermarket Todis where you can buy your basic needs,https://a0.muscache.com/pictures/f359c969-ea5a-429c-80ee-42a9c57e0111.jpg,44532334,https://www.airbnb.com/users/show/44532334,Mario,18/09/15,"Rome, Italy","Hi, me and my husband Mario   would like to welcome you in our  GUEST ROOM 
here our residence in Rome where we live.

We are just 5km from Vatican or Ottaviano Metro. 10mins by car/taxi  or 25 minutes by bus 913 that passes just downstairs  in  Trionfale/Fani stop that operates 24H.

Our area has taxi terminal near the Igea  Pharmacy 24H. Downstairs we have supermarket, minimarket, bars, bank, church, pizzeria and restaurant.",within an hour,100%,100%,t,https://a0.muscache.com/im/pictures/user/User-44532334/original/0cd2e7e1-b802-46e5-b3ce-a1a309ec3dd5.jpeg?aki_policy=profile_small,https://a0.muscache.com/im/pictures/user/User-44532334/original/0cd2e7e1-b802-46e5-b3ce-a1a309ec3dd5.jpeg?aki_policy=profile_x_medium,,1.0,1.0,"['email', 'phone']",t,t,"Rome, Lazio, Italy",XIV Monte Mario,,41.93576,12.4391,Private room in home,Private room,2,1.0,1 private bath,1.0,2.0,"[""Bidet"", ""Iron"", ""Hangers"", ""Portable air conditioning"", ""Portable fans"", ""Wifi"", ""Host greets you"", ""Long term stays allowed"", ""Drying rack for clothing"", ""Luggage dropoff allowed"", ""Lock on bedroom door"", ""Hot water"", ""Body soap"", ""Central heating"", ""Bed linens"", ""Shower gel"", ""Conditioner"", ""Hair dryer"", ""Shampoo"", ""Essentials"", ""Clothing storage: closet"", ""Extra pillows and blankets""]",$46.00,1,10,1.0,1.0,10.0,10.0,1.0,10.0,,t,28,50,70,277,06/03/25,86,57,3,219,67,255,11730.0,16/07/23,25/02/25,4.92,4.94,4.94,4.92,4.95,4.67,4.76,IT058091C2QDETBOW5,t,1,0,1,0,4.3
18516,8.94824e+17,https://www.airbnb.com/rooms/894824479950896731,20250300000000.0,12/03/25,previous scrape,Colosseo Way,"Colosseo Views is an Apartment with a beautiful light and elegantly furnished, perfect for stays of business and leisure. The Apartment is situated in Rome at the first floor with elevator and is made of three rooms. Colosseo Views has a strategical position with a view right on The Colosseum. The apartment is for non smokers, and it has air conditioning, wifi and a washing machine. The kitchen has dishes, and all the main home appliances: oven, fridge/freezer and kettle.",,https://a0.muscache.com/pictures/miso/Hosting-894824479950896731/original/d15e565d-7319-4557-a425-60413df4faed.jpeg,5239084,https://www.airbnb.com/users/show/5239084,Mario,26/02/13,"Naples, Italy",,within an hour,100%,100%,t,https://a0.muscache.com/im/users/5239084/profile_pic/1361905161/original.jpg?aki_policy=profile_small,https://a0.muscache.com/im/users/5239084/profile_pic/1361905161/original.jpg?aki_policy=profile_x_medium,,1.0,1.0,"['email', 'phone']",t,t,,I Centro Storico,,41.89166242,12.49101587,Entire rental unit,Entire home/apt,8,,2 baths,2.0,,"[""Dedicated workspace"", ""Bidet"", ""Iron"", ""Toaster"", ""Smoke alarm"", ""Hangers"", ""Fire extinguisher"", ""Refrigerator"", ""Coffee"", ""Clothing storage"", ""Dining table"", ""Crib - available upon request"", ""Washer"", ""TV"", ""Wifi"", ""Host greets you"", ""Oven"", ""Hot water kettle"", ""Cleaning products"", ""Drying rack for clothing"", ""Hot water"", ""Body soap"", ""Gas stove"", ""Heating"", ""Carbon monoxide alarm"", ""Dishes and silverware"", ""Elevator"", ""Air conditioning"", ""First aid kit"", ""Bed linens"", ""Shower gel"", ""Ceiling fan"", ""Hair dryer"", ""Shampoo"", ""Essentials"", ""Cooking basics"", ""Freezer"", ""Coffee maker: drip coffee maker, espresso machine"", ""Kitchen""]",,2,30,1.0,2.0,30.0,30.0,2.0,30.0,,t,9,24,41,204,12/03/25,19,19,1,204,14,114,,08/05/24,19/02/25,4.79,4.89,4.89,4.79,4.95,5.0,4.68,IT058091C2MKW5AUSU,f,1,1,0,0,1.84
18594,9.00361e+17,https://www.airbnb.com/rooms/900361156574257471,20250300000000.0,15/03/25,city scrape,Dimora Aureliana Exclusive,"Charming historic apartment in the center of Rome, in one of the most exclusive areas of the capital and at the same time reserved and away from noise. Dimora Aureliana Exclusive is a modern and newly renovated structure.<br /><br />10 minutes walk from the elegant Piazza Barberini where you can admire the Tritone Fountain made by Bernini;<br /><br /> 10 minute walk to Villa Borghese Park;<br /><br />A 15-minute walk from the majestic Trevi Fountain;<br /><br />15 min walk  to the famous Piazza di Spagna","The Sallustiano neighborhood is one of the districts of Rome. Its center is the quiet Piazza Sallustio, the only real square in the district, where you can still see the remains of the Sallustiani Horti from which the district took its name. Located in the center of Rome, a stone's throw from the Borghese Gallery and as many historical attractions of the eternal city, a quiet neighborhood full of restaurants, bars, shops and all the necessary amenities, in addition to the numerous embassies that make the neighborhood even more elegant and safe. It is located between the historic center and the most modern areas of the city, and is bordered by important streets such as Via XX Settembre, Via di Porta Pia, and Viale Regina Margherita. This neighborhood is characterized by a combination of history, elegance, and urban vibrancy, with a strong residential and commercial footprint.",https://a0.muscache.com/pictures/miso/Hosting-900361156574257471/original/8a5be10c-4810-407f-b94e-dd46f65b34dd.jpeg,56860102,https://www.airbnb.com/users/show/56860102,Serena,31/01/16,"Rome, Italy","Siamo Serena e Federico, due fratelli con la passione per l’arte e la moda che hanno deciso di mettere la loro esperienza al servizio dei viaggiatori a Roma, la nostra città nella quale siamo nati e cresciuti. Quindi oltre a cercare di offrirvi il miglior alloggio, cercheremo anche di rendere la vostra vacanza romana indimenticabile attraverso la nostra esperienza. 
Buon viaggio e vi aspettiamo da Dimora Aureliana!",within an hour,100%,100%,t,https://a0.muscache.com/im/pictures/user/User-56860102/original/8910c414-47aa-41af-bbe0-fb8a1beedebf.jpeg?aki_policy=profile_small,https://a0.muscache.com/im/pictures/user/User-56860102/original/8910c414-47aa-41af-bbe0-fb8a1beedebf.jpeg?aki_policy=profile_x_medium,,1.0,1.0,"['email', 'phone']",t,t,"Rome, Lazio, Italy",I Centro Storico,,41.9069654,12.4953928,Entire rental unit,Entire home/apt,4,1.0,1 bath,2.0,2.0,"[""Cleaning products"", ""Air conditioning"", ""Hair dryer"", ""Central heating"", ""Dedicated workspace"", ""Baking sheet"", ""Crib"", ""Oven"", ""Kitchen"", ""Hot water kettle"", ""Hangers"", ""Coffee maker: Nespresso"", ""Books and reading material"", ""Microwave"", ""Hot water"", ""EV charger"", ""Iron"", ""City skyline view"", ""Drying rack for clothing"", ""Shower gel"", ""Essentials"", ""Bed linens"", ""Toaster"", ""Dishwasher"", ""Clothing storage: closet and dresser"", ""Pack \u2019n play/Travel crib"", ""Elevator"", ""Wine glasses"", ""Dishes and silverware"", ""Shampoo"", ""HDTV with Netflix, Amazon Prime Video"", ""Induction stove"", ""Body soap"", ""Bidet"", ""Freezer"", ""Wifi"", ""Free washer \u2013 In unit"", ""Refrigerator"", ""Cooking basics""]",$180.00,2,24,2.0,2.0,24.0,24.0,2.0,24.0,,t,22,44,69,159,15/03/25,77,40,3,159,42,240,43200.0,02/06/23,10/03/25,4.92,4.95,4.91,4.92,4.91,4.9,4.87,IT058091C2UZD62INA,t,1,1,0,0,3.54
18852,9.10209e+17,https://www.airbnb.com/rooms/910208920706698297,20250300000000.0,06/03/25,city scrape,Delizioso appartamento Metro A,"Apartment a few steps from Metro A, which in 20 minutes leads to San Pietro, Piazza di Spagna and the entire historic center. Brand new, furnished with style  and all the comforts, living room kitchen with sofa bed for two and a separate room with a double bed, a comfortable bathroom with a spacious shower. Air conditioning, WiFi. Very close to Caffarella Park, one of the largest parks in Rome. Ideal location to easily reach all the places of interest in the City","the neighborhood is very lively and equipped with everything you can search for, shops, supermarket, gyms, park, restaurants and pizzerias.",https://a0.muscache.com/pictures/hosting/Hosting-U3RheVN1cHBseUxpc3Rpbmc6OTEwMjA4OTIwNzA2Njk4Mjk3/original/3029e00c-0d6e-473f-93b4-c15e1df3d4d8.jpeg,9635900,https://www.airbnb.com/users/show/9635900,Laura,25/10/13,"Rome, Italy","Mi chiamo Laura, sono di Roma mi piace molto avere contatti con le persone e faccio questo lavoro anche come piacere. Mi piace ricevere e intrattenere gli ospiti che vorrei si sentissero come a casa loro, per questo cerco di arricchire la mia casa con tutti i confort.  Mi piacerebbe valorizzare la mia proprietà al massimo perché sono sicura che possa rendere più piacevole il soggiorno nella mia città.",within an hour,100%,100%,,https://a0.muscache.com/im/pictures/user/User-9635900/original/eaeb14ef-257a-416c-99fb-fe490e4c8b3b.jpeg?aki_policy=profile_small,https://a0.muscache.com/im/pictures/user/User-9635900/original/eaeb14ef-257a-416c-99fb-fe490e4c8b3b.jpeg?aki_policy=profile_x_medium,San Giovanni,8.0,8.0,"['email', 'phone']",t,t,"Rome, Lazio, Italy",VII San Giovanni/Cinecittà,,41.86899322,12.52838183,Entire rental unit,Entire home/apt,4,1.0,1 bath,1.0,3.0,"[""Dedicated workspace"", ""Bidet"", ""Iron"", ""Hangers"", ""Refrigerator"", ""Coffee"", ""Ethernet connection"", ""Clothing storage"", ""Dining table"", ""Washer"", ""Self check-in"", ""Microwave"", ""TV"", ""Wifi"", ""Coffee maker"", ""Free street parking"", ""Oven"", ""Hot water kettle"", ""Stove"", ""Outdoor playground"", ""Luggage dropoff allowed"", ""Hot water"", ""Body soap"", ""Heating"", ""Carbon monoxide alarm"", ""Wine glasses"", ""Crib"", ""Dishes and silverware"", ""Elevator"", ""Keypad"", ""Air conditioning"", ""First aid kit"", ""Cleaning available during stay"", ""Bed linens"", ""Hair dryer"", ""Baking sheet"", ""Dryer"", ""Shampoo"", ""Essentials"", ""Cooking basics"", ""Freezer"", ""Books and reading material"", ""Extra pillows and blankets"", ""Room-darkening shades"", ""Kitchen""]",$78.00,2,1125,1.0,2.0,1125.0,1125.0,2.0,1125.0,,t,17,23,31,298,06/03/25,20,17,1,234,16,102,7956.0,13/07/23,03/03/25,4.9,4.8,4.75,4.8,4.95,4.8,4.7,IT058091C2YIXTZIWZ,t,2,2,0,0,1.0
18871,9.1427e+17,https://www.airbnb.com/rooms/914269564121618651,20250300000000.0,15/03/25,city scrape,Abbraccia Morfeo Bnb Roma,"Abbraccia Morfeo is a 2-story villa plus terrace, with double bedrooms, with ensuite private bathroom, high speed wifi and air conditioning. Two rooms have a balcony overlooking the internal garden, you can also use the terrace on the top floor to relax and have breakfast. You can reach the center in 15 minutes from Tram.<br />Breakfast is not possible in August.<br />cod.reg. 058091-B&B-01228 1372",,https://a0.muscache.com/pictures/miso/Hosting-914269564121618651/original/37564aaf-0f87-42b3-b3bc-b207efac6aa8.png,679555,https://www.airbnb.com/users/show/679555,Mario,08/06/11,"Rome, Italy","Se venite a visitare questa bellissima cittá, saró felice di ospitarvi nel mio bed and breakfast. Vi aspetto! :-)",,,100%,f,https://a0.muscache.com/im/pictures/user/User-679555/original/4e934451-d708-4145-8c96-77043e85cbe6.jpeg?aki_policy=profile_small,https://a0.muscache.com/im/pictures/user/User-679555/original/4e934451-d708-4145-8c96-77043e85cbe6.jpeg?aki_policy=profile_x_medium,Centocelle,4.0,4.0,"['email', 'phone', 'work_email']",t,f,,V Prenestino/Centocelle,,41.87953493,12.54480247,Private room in bed and breakfast,Private room,2,1.0,1 bath,1.0,1.0,"[""Wifi"", ""Outdoor dining area"", ""Air conditioning"", ""Fire extinguisher"", ""TV"", ""Paid parking on premises"", ""Pets allowed"", ""First aid kit""]",$82.00,1,365,1.0,3.0,365.0,365.0,1.9,365.0,,t,4,4,13,14,15/03/25,1,0,0,14,0,0,0.0,17/08/23,17/08/23,5.0,5.0,5.0,5.0,5.0,4.0,5.0,IT058091C1YEA7SFCX,t,4,0,4,0,0.05
18941,9.15835e+17,https://www.airbnb.com/rooms/915834559948651701,20250300000000.0,10/03/25,city scrape,Pigneto Loft,"Modern apartment located in the Pigneto district, famous for its Roman nightlife, 2 steps from the metro station, a few stops from the historic center. It has a full kitchen, ultra-fast wifi, smart TV, garden and parking space, suitable for up to 5 people, ideal for a family or 2 couples.","Safe and youthful neighborhood. The area is full of pizzerias, traditional trattorias, Latin American restaurants, artisan ice cream parlors and aperitif bars.<br />Rich in cultural centres, bookshops and one of the areas most used by film directors due to its particular artistic image, in fact it is possible to find giant murals and graffiti everywhere, in contrast between nature and post-modern.",https://a0.muscache.com/pictures/miso/Hosting-915834559948651701/original/98898921-0c72-434b-9f2c-400c66f8f6c9.jpeg,122789933,https://www.airbnb.com/users/show/122789933,Mario,27/03/17,"Rome, Italy",,within an hour,100%,100%,,https://a0.muscache.com/im/pictures/user/51a9d79c-6a8a-4663-a82a-8d1f4d023c92.jpg?aki_policy=profile_small,https://a0.muscache.com/im/pictures/user/51a9d79c-6a8a-4663-a82a-8d1f4d023c92.jpg?aki_policy=profile_x_medium,,9.0,15.0,"['email', 'phone', 'work_email']",t,t,"Rome, Lazio, Italy",V Prenestino/Centocelle,,41.8860572,12.5340902,Entire rental unit,Entire home/apt,5,1.0,1 bath,1.0,3.0,"[""Paid parking off premises"", ""Dedicated workspace"", ""Bidet"", ""Iron"", ""Toaster"", ""Smoke alarm"", ""Hangers"", ""Mosquito net"", ""Fire extinguisher"", ""Refrigerator"", ""Paid parking on premises"", ""Coffee"", ""Ethernet connection"", ""Clothing storage"", ""Dining table"", ""Induction stove"", ""Washer"", ""Mini fridge"", ""Self check-in"", ""Microwave"", ""Private entrance"", ""Wifi"", ""Coffee maker"", ""Free street parking"", ""Hot water kettle"", ""Dishwasher"", ""Cleaning products"", ""Drying rack for clothing"", ""Pocket wifi"", ""Hot water"", ""Body soap"", ""Heating"", ""Carbon monoxide alarm"", ""Single level home"", ""Wine glasses"", ""Crib"", ""Dishes and silverware"", ""Elevator"", ""Outdoor furniture"", ""Air conditioning"", ""Window guards"", ""First aid kit"", ""Bed linens"", ""Shower gel"", ""Backyard"", ""Conditioner"", ""Lockbox"", ""Hair dryer"", ""TV with standard cable"", ""Baking sheet"", ""Shampoo"", ""Essentials"", ""Cooking basics"", ""Freezer"", ""Books and reading material"", ""Extra pillows and blankets"", ""Outdoor dining area"", ""BBQ grill"", ""Free parking on premises"", ""Patio or balcony"", ""Stainless steel single oven"", ""Room-darkening shades"", ""Kitchen"", ""Safe""]",$120.00,2,28,2.0,2.0,28.0,28.0,2.0,28.0,,t,29,57,87,294,10/03/25,73,36,0,294,39,216,25920.0,09/07/23,04/01/25,4.42,4.4,4.47,4.71,4.77,4.36,4.29,IT48528563A1B23736,t,7,7,0,0,3.58
19042,9.20791e+17,https://www.airbnb.com/rooms/920791271939790714,20250300000000.0,10/03/25,previous scrape,Large room in Rome (2),"Rilassati in questo spazioLarge double room for single use, garden view, in an apartment, equipped with all amenities. The apartment is fully furnished and extremely quiet.<br /><br />The property is located on a very nice street, near the Testaccio and Trastevere districts, the center of Roman nightlife, and close to the Tiber River and Vatican City.",,https://a0.muscache.com/pictures/miso/Hosting-920791271939790714/original/58d8884a-665e-4164-b5ab-5060f6aea1f9.jpeg,19177610,https://www.airbnb.com/users/show/19177610,Laura,30/07/14,"Rome, Italy","Hi, this is Laura and I’m Italian! 
In my free time, I love going to art exhibitions and museums. I also enjoy good food, so trying to discover local cuisine and not being afraid of tasting new exotic dishes, when abroad. 
I love travelling, especially to less touristy places, where you can better feel what it's like to live there, get a more genuine spirit of the place.
I speak Italian, English, Spanish and French.  
Respect the privacy of the guests, but can also be very sociable.",,,0%,f,https://a0.muscache.com/im/pictures/user/User-19177610/original/cd9b4808-a42d-4b1c-9f7a-4652b905a8d9.jpeg?aki_policy=profile_small,https://a0.muscache.com/im/pictures/user/User-19177610/original/cd9b4808-a42d-4b1c-9f7a-4652b905a8d9.jpeg?aki_policy=profile_x_medium,,2.0,2.0,"['email', 'phone']",t,f,,I Centro Storico,,41.8814,12.47442,Private room in rental unit,Private room,2,,Shared half-bath,2.0,,"[""Laundromat nearby"", ""Refrigerator"", ""Wifi"", ""Essentials"", ""Freezer"", ""Books and reading material"", ""Free street parking"", ""Long term stays allowed"", ""Free washer \u2013 In unit"", ""Cleaning products"", ""Luggage dropoff allowed"", ""Bed linens"", ""Lock on bedroom door"", ""Kitchen"", ""Microwave""]",,31,365,31.0,31.0,365.0,365.0,31.0,365.0,,,0,0,0,0,10/03/25,0,0,0,0,0,0,,,,,,,,,,,,f,2,0,2,0,
19126,9.22937e+17,https://www.airbnb.com/rooms/922937122692507364,20250300000000.0,08/03/25,city scrape,Raffaello Terrace Piazza Navona,"The Raffaello Terrace is located in the heart of Rome, on the top floor of a 1500s palace. The apartment is very bright and has been recently renovated. The Ceiling with exposed beams and parquet, the elegant furnishings, from furniture to paintings, make it a real Roman house. It is built on two floors: on the first a large living room, a large bedroom and a spacious bathroom; upstairs the kitchen, and the wonderful panoramic terrace, which spans the roofs of ancient Rome.",,https://a0.muscache.com/pictures/miso/Hosting-922937122692507364/original/09ea287e-557f-4ff5-a8e2-243ded286c22.jpeg,1837231,https://www.airbnb.com/users/show/1837231,Mario,01/03/12,"Rome, Italy",Hi everybody! My name is Mario and I hope you will be my guest in this beautiful city!,within a day,100%,100%,f,https://a0.muscache.com/im/pictures/user/68241211-ce9c-487d-8d0b-57e7a629ee98.jpg?aki_policy=profile_small,https://a0.muscache.com/im/pictures/user/68241211-ce9c-487d-8d0b-57e7a629ee98.jpg?aki_policy=profile_x_medium,,1.0,4.0,"['email', 'phone']",t,t,,I Centro Storico,,41.89941,12.47117,Entire rental unit,Entire home/apt,4,1.0,1 bath,1.0,2.0,"[""Bidet"", ""Fire extinguisher"", ""Ariston refrigerator"", ""Dining table"", ""Microwave"", ""TV"", ""Coffee maker: espresso machine"", ""Wifi"", ""Hot water kettle"", ""Electric stove"", ""Cleaning products"", ""Free washer \u2013 In unit"", ""Hot water"", ""Body soap"", ""Wine glasses"", ""Dishes and silverware"", ""Air conditioning"", ""Central heating"", ""First aid kit"", ""Hair dryer"", ""Pack \u2019n play/Travel crib - always at the listing"", ""Private patio or balcony"", ""Essentials"", ""Cooking basics"", ""Room-darkening shades"", ""Kitchen""]",$233.00,3,31,3.0,3.0,31.0,31.0,3.0,31.0,,t,18,27,41,221,08/03/25,4,2,0,221,4,12,2796.0,14/02/24,29/10/24,5.0,4.75,4.75,4.5,4.5,5.0,4.5,IT058091C26FY9OQ8R,t,1,1,0,0,0.31
19194,9.24534e+17,https://www.airbnb.com/rooms/924534045109876631,20250300000000.0,07/03/25,city scrape,"San Pietro  -  Roma, Vaticano  - New","San Pietro,  metro 10 minutes. Nice apartment completely renovated in furnishings and painted. Sunny and quiet in a quiet residential neighborhood adjacent to San Pietro and Villa Pamphili. 45 m2, comprising entrance hall with built-in wardrobe; living room with memory double sofa bed, TV and large table-desk; memory double bedroom; bathroom, kitchen complete with washing machine, microwave, fridge-freezer, kettle, enjoyable balcony<br />AIR CONDITIONING and FAST WIFI","The apartment is 15 minutes from San Pietro and 8 minutes from the metro A Baldo degli Ubaldi stop.<br />5 minutes away, on Piazza Pio XI you will find all the buses to get to the main and important tourist sites and in addition you will find everything: supermarkets, bars, pizzerias, ice cream parlors, tobacco shops, pharmacy, banks and all  the buses that will take you downtown, in the points of tourist and cultural interest.<br />In 10 minutes you are inside Villa Pamphili, a wonderful park inside the city, the largest in the city, the largest in Rome in the 1600s by the Pamphili Doria Pamphili, with ponds, fountains and streams, exciting!<br />You will be able to park under the house on the street without any problems.",https://a0.muscache.com/pictures/hosting/Hosting-U3RheVN1cHBseUxpc3Rpbmc6OTI0NTM0MDQ1MTA5ODc2NjMx/original/b0dff344-bf35-4b7c-aae7-56a83ef32d4f.jpeg,8630656,https://www.airbnb.com/users/show/8630656,Serena,04/09/13,"Rome, Italy","sono di Roma ho 60 anni sono madre di 2 figli. amo  fare sport tra cui nuotare, sciare ed andare in bicicletta. Amo leggere libri. Amo molto l arte, mostre ed eventi culturali.
 Mi sono divertita a ristrutturare e arredare questa casa cercando di mettermi nei panni di un possibile ospite e cercando di cogliere tutte le esigenze da turista.
Vi aspetto!!!",within an hour,100%,100%,t,https://a0.muscache.com/im/users/8630656/profile_pic/1440743552/original.jpg?aki_policy=profile_small,https://a0.muscache.com/im/users/8630656/profile_pic/1440743552/original.jpg?aki_policy=profile_x_medium,,1.0,2.0,"['email', 'phone']",t,t,"Rome, Lazio, Italy",XIII Aurelia,,41.8966952,12.4379172,Entire rental unit,Entire home/apt,4,1.0,1 bath,1.0,2.0,"[""Dedicated workspace"", ""Bidet"", ""Iron"", ""Smoke alarm"", ""Hangers"", ""Coffee"", ""Dining table"", ""Kitchen"", ""Marchi noti shampoo"", ""Microwave"", ""Children\u2019s books and toys"", ""Laundromat nearby"", ""Paid parking garage on premises"", ""Children\u2019s bikes"", ""Wifi"", ""Baby bath - available upon request"", ""Children\u2019s dinnerware"", ""Free street parking"", ""Host greets you"", ""Hot water kettle"", ""Babysitter recommendations"", ""Smeg stainless steel gas stove"", ""Long term stays allowed"", ""Cleaning products"", ""Free washer \u2013 In unit"", ""Drying rack for clothing"", ""Pets allowed"", ""Luggage dropoff allowed"", ""Hot water"", ""Smoking allowed"", ""Pack \u2019n play/Travel crib - available upon request"", ""Carbon monoxide alarm"", ""City skyline view"", ""32 inch HDTV"", ""Single level home"", ""Wine glasses"", ""Dishes and silverware"", ""Elevator"", ""Outdoor furniture"", ""Central heating"", ""Smeg stainless steel single oven"", ""Paid crib - available upon request"", ""First aid kit"", ""Cleaning available during stay"", ""Bed linens"", ""Shower gel"", ""Indesit refrigerator"", ""Hair dryer"", ""Heating - split type ductless system"", ""Baking sheet"", ""Marchi noti body soap"", ""Private patio or balcony"", ""Essentials"", ""AC - split type ductless system"", ""Cooking basics"", ""Books and reading material"", ""Extra pillows and blankets"", ""Clamp on table seat high chair - available upon request"", ""Freezer"", ""Free parking on premises"", ""Marchi noti conditioner"", ""Coffee maker: drip coffee maker, espresso machine"", ""Changing table - available upon request"", ""Room-darkening shades"", ""Clothing storage: closet, wardrobe, and dresser"", ""Safe""]",$70.00,2,1125,2.0,4.0,1125.0,1125.0,2.1,1125.0,,t,9,31,61,336,07/03/25,32,20,0,271,20,120,8400.0,15/07/23,06/01/25,4.91,4.88,4.91,4.97,4.94,4.78,4.75,IT058091C296ED7KLL,t,1,1,0,0,1.59
19270,9.32689e+17,https://www.airbnb.com/rooms/932688959328771018,20250300000000.0,06/03/25,city scrape,Appartamento confortevole Roma Pigneto,"Comfortable apartment recently renovated, in the Pigneto district, between Via Prenestina and Via Alberto da Giussano, very connected by tram and metro. Upstairs with elevator, air conditioning, wi-fi, bathroom with shower, refrigerator with freezer, microwave and coffee maker. THERE IS NO kitchen and washing machine. The apartment is for your exclusive use. There is another room, used as a studio by the owner, who will remain unused and closed during your stay.",,https://a0.muscache.com/pictures/hosting/Hosting-932688959328771018/original/4677ee29-f0e5-423c-9ccc-081c31c34229.jpeg,5276945,https://www.airbnb.com/users/show/5276945,Mario,23/03/15,,,within an hour,100%,100%,t,https://a0.muscache.com/im/users/5276945/profile_pic/1427151225/original.jpg?aki_policy=profile_small,https://a0.muscache.com/im/users/5276945/profile_pic/1427151225/original.jpg?aki_policy=profile_x_medium,,1.0,1.0,"['email', 'phone']",t,f,,V Prenestino/Centocelle,,41.89107047,12.53480813,Entire condo,Entire home/apt,2,1.0,1 bath,1.0,1.0,"[""Dedicated workspace"", ""Bidet"", ""Smoke alarm"", ""Hangers"", ""Fire extinguisher"", ""Refrigerator"", ""Coffee"", ""Microwave"", ""Laundromat nearby"", ""Wifi"", ""Free street parking"", ""Host greets you"", ""Cleaning products"", ""Drying rack for clothing"", ""Hot water"", ""Body soap"", ""Carbon monoxide alarm"", ""Dishes and silverware"", ""Elevator"", ""Air conditioning"", ""Central heating"", ""Clothing storage: wardrobe"", ""Bed linens"", ""Shower gel"", ""Hair dryer"", ""32 inch HDTV with standard cable"", ""Coffee maker: Nespresso"", ""Shampoo"", ""Essentials"", ""Freezer"", ""Extra pillows and blankets"", ""Room-darkening shades""]",$67.00,2,10,2.0,2.0,10.0,10.0,2.0,10.0,,t,0,0,0,6,06/03/25,14,11,0,0,8,66,4422.0,23/07/23,26/01/25,5.0,5.0,4.93,5.0,5.0,4.36,4.86,IT058091C22GWDIZQJ,f,1,1,0,0,0.71
19502,9.41141e+17,https://www.airbnb.com/rooms/941140978534132066,20250300000000.0,05/03/25,city scrape,Appartamento completo - ROMA,"Lovely and bright 60sqm apartment - 1930 vintage villa. <br />The Rebibbia-Metro B stop is a 10-minute walk by comfortably connecting the apartment to the center of Rome, e.g.:  the COLOSSEUM is only 12 stops away and TERMINI station is only 10 stops away!<br />A few meters from the apartment there are shops, bars, bakery, pharmacy, sepermarket and green areas such as the Aguzzano Park and the Aniene Reserve. Also nearby is a sports center with an indoor and outdoor pool.<br />Quiet street.",,https://a0.muscache.com/pictures/4c61af47-aff9-4b6a-9276-978097b1cf9b.jpg,457633803,https://www.airbnb.com/users/show/457633803,Serena,05/05/22,"Rome, Italy",,,,100%,t,https://a0.muscache.com/im/pictures/user/User-457633803/original/9b3ea036-1438-4b92-8025-d27782738f4f.jpeg?aki_policy=profile_small,https://a0.muscache.com/im/pictures/user/User-457633803/original/9b3ea036-1438-4b92-8025-d27782738f4f.jpeg?aki_policy=profile_x_medium,,1.0,1.0,"['email', 'phone']",t,t,,IV Tiburtina,,41.930549,12.5691349,Entire condo,Entire home/apt,2,1.0,1 bath,1.0,2.0,"[""Dedicated workspace"", ""Bidet"", ""Iron"", ""Fire extinguisher"", ""Hangers"", ""Refrigerator"", ""Dining table"", ""Washer"", ""Portable fans"", ""Microwave"", ""Private entrance"", ""Wifi"", ""Host greets you"", ""Oven"", ""Hot water kettle"", ""Long term stays allowed"", ""Cleaning products"", ""Drying rack for clothing"", ""Hot water"", ""Body soap"", ""Pack \u2019n play/Travel crib - available upon request"", ""Heating"", ""Carbon monoxide alarm"", ""Gas stove"", ""Wine glasses"", ""Dishes and silverware"", ""Garden view"", ""Bed linens"", ""Shower gel"", ""Backyard"", ""Hair dryer"", ""Baking sheet"", ""Shampoo"", ""Essentials"", ""Clothing storage: closet"", ""32 inch TV"", ""Cooking basics"", ""Extra pillows and blankets"", ""Bathtub"", ""Freezer"", ""Room-darkening shades"", ""Kitchen""]",$73.00,1,29,1.0,1.0,29.0,29.0,1.0,29.0,,t,0,0,0,264,05/03/25,12,9,0,201,12,54,3942.0,13/02/24,13/05/24,4.92,4.92,4.92,5.0,5.0,4.67,4.92,IT058091C2JZMVWJ7X,f,1,1,0,0,0.93
19535,9.38989e+17,https://www.airbnb.com/rooms/938988571319018694,20250300000000.0,07/03/25,city scrape,Best rest with less,"37 sqm two-room apartment equipped with air conditioning, Wi-Fi, full kitchen, washing machine and TV.<br />Located in a quiet area 20 minutes walk from San Pietro in a characteristic village with a condominium garden",,https://a0.muscache.com/pictures/miso/Hosting-938988571319018694/original/065018e7-455a-4367-b51d-c83cf85bfc71.jpeg,555741539,https://www.airbnb.com/users/show/555741539,Laura,10/01/24,,,,,,f,https://a0.muscache.com/im/pictures/user/2c0de8a9-8ccc-4ed2-bb5b-cacdb107af30.jpg?aki_policy=profile_small,https://a0.muscache.com/im/pictures/user/2c0de8a9-8ccc-4ed2-bb5b-cacdb107af30.jpg?aki_policy=profile_x_medium,,1.0,1.0,"['email', 'phone']",t,t,,I Centro Storico,,41.91672752,12.45092358,Entire condo,Entire home/apt,2,1.0,1 bath,1.0,1.0,"[""Iron"", ""Smoke alarm"", ""Hangers"", ""Fire extinguisher"", ""Refrigerator"", ""Self check-in"", ""TV"", ""Wifi"", ""Coffee maker"", ""Free washer \u2013 In unit"", ""Drying rack for clothing"", ""Hot water"", ""Body soap"", ""Heating"", ""Carbon monoxide alarm"", ""City skyline view"", ""Dishes and silverware"", ""Shared backyard \u2013 Fully fenced"", ""Smart lock"", ""Bed linens"", ""Hair dryer"", ""Shampoo"", ""Essentials"", ""AC - split type ductless system"", ""Cooking basics"", ""Kitchen""]",$61.00,2,28,2.0,3.0,1125.0,1125.0,2.0,1125.0,,t,8,14,19,252,07/03/25,60,36,0,187,39,216,13176.0,01/08/23,02/01/25,4.75,4.7,4.68,4.85,4.93,4.53,4.73,IT058091C2HIW3MTZG,t,1,1,0,0,3.08
19920,9.60814e+17,https://www.airbnb.com/rooms/960813965458613872,20250300000000.0,05/03/25,city scrape,Cassia - Comfort House,"Nice fully renovated two-room apartment. Perfectly served by the bus network (301-meter A Lepanto; 201-piazza Mancini; 223 Termini station). Comfortable solution for the main hospital facilities: 1 km for the Villa San Pietro Hospital; 3.5 km for Paideia; 4.5 km Ospedale Sant'Andrea; 9 km in the Gemelli Hospital. <br />The interiors are distributed as follows: living area with double sofa bed, balcony with blackout curtain; bedroom; Bathroom.<br />Registration code: 24327","The residential neighborhood north of Rome stands out for its elegance and usability for all amenities. Restaurants, shops and bars on Via Cassia. There are also electric car charging stations nearby.<br /><br /><br />How to get around with public transit:<br />The apartment is very well connected to the city center, we recommend you to check the site of the attack in Rome to select the option that best meets your needs.<br /><br />Remember, children under 10-years do not pay Atac and Cotral vehicles in the territory of Roma Capitale!<br /><br />In just 2 minutes you can reach the closest stop home!",https://a0.muscache.com/pictures/hosting/Hosting-960813965458613872/original/4c96e878-53ce-4f47-850d-39d51897b879.jpeg,109244312,https://www.airbnb.com/users/show/109244312,Laura,31/12/16,"Rome, Italy",,,,100%,f,https://a0.muscache.com/im/pictures/user/User-109244312/original/73fa7b66-b9ba-4d1e-95a7-3da192257b12.jpeg?aki_policy=profile_small,https://a0.muscache.com/im/pictures/user/User-109244312/original/73fa7b66-b9ba-4d1e-95a7-3da192257b12.jpeg?aki_policy=profile_x_medium,,1.0,1.0,"['email', 'phone']",t,t,"Rome, Lazio, Italy",XV Cassia/Flaminia,,41.96918,12.43755,Entire condo,Entire home/apt,4,1.0,1 bath,1.0,2.0,"[""Toaster"", ""Bidet"", ""Hangers"", ""Refrigerator"", ""High chair"", ""Dining table"", ""Kitchen"", ""Self check-in"", ""TV"", ""Children\u2019s books and toys"", ""Coffee maker: espresso machine"", ""Wifi"", ""Children\u2019s dinnerware"", ""Pack \u2019n play/Travel crib"", ""Free street parking"", ""Host greets you"", ""Cleaning products"", ""Free washer \u2013 In unit"", ""Drying rack for clothing"", ""Hot water"", ""Body soap"", ""Heating"", ""Single level home"", ""Crib"", ""Dishes and silverware"", ""Outdoor furniture"", ""Stainless steel gas stove"", ""Bed linens"", ""Shower gel"", ""Lockbox"", ""Hair dryer"", ""Private patio or balcony"", ""Shampoo"", ""Essentials"", ""Cooking basics"", ""Freezer"", ""Books and reading material"", ""Extra pillows and blankets"", ""Outdoor dining area"", ""Free parking on premises"", ""Room-darkening shades"", ""Clothing storage: closet, wardrobe, and dresser""]",$108.00,31,1125,31.0,31.0,1125.0,1125.0,31.0,1125.0,,t,30,60,90,180,05/03/25,13,6,0,180,7,255,27540.0,06/09/23,24/06/24,4.77,4.77,4.85,5.0,4.92,4.69,4.69,,t,1,1,0,0,0.71
20051,9.67826e+17,https://www.airbnb.com/rooms/967826280557968101,20250300000000.0,11/03/25,city scrape,Appartamento con terrazza,"Quiet and comfortable apartment close to the Porta di Roma Shopping Center. Well connected directly to the city center, in an area equipped with everything: Pubs, great restaurants, bakeries, cinemas.","Beautiful young and expanding neighborhood full of restaurants, cafes, free parking, near the Sabine Park, with children's games and a riding school.",https://a0.muscache.com/pictures/miso/Hosting-967826280557968101/original/7c7fa222-a9b5-42e8-a026-497d9ae7e94d.jpeg,233807837,https://www.airbnb.com/users/show/233807837,Laura,02/01/19,"Trapani, Italy",,within an hour,100%,100%,f,https://a0.muscache.com/im/pictures/user/User-233807837/original/d545a7df-bf9b-4d8b-86fb-0a026a736da9.jpeg?aki_policy=profile_small,https://a0.muscache.com/im/pictures/user/User-233807837/original/d545a7df-bf9b-4d8b-86fb-0a026a736da9.jpeg?aki_policy=profile_x_medium,,1.0,1.0,['phone'],t,t,"Rome, Lazio, Italy",III Monte Sacro,,41.97445593,12.53584358,Entire rental unit,Entire home/apt,2,1.0,1 bath,1.0,1.0,"[""TV"", ""Dedicated workspace"", ""Iron"", ""Wifi"", ""Free parking on premises"", ""Outdoor dining area"", ""Air conditioning"", ""Lockbox"", ""Washer"", ""Self check-in"", ""Kitchen"", ""First aid kit"", ""Hair dryer""]",$198.00,1,29,1.0,1.0,29.0,29.0,1.0,29.0,,t,0,0,0,0,11/03/25,2,2,0,0,2,12,2376.0,22/08/24,07/11/24,3.0,4.5,4.0,3.0,3.5,3.0,3.0,IT058091C2OAK63SLO,t,1,1,0,0,0.3
20268,9.76683e+17,https://www.airbnb.com/rooms/976682613799000771,20250300000000.0,15/03/25,city scrape,Nina's Home - Nearby Colosseum,"Stay in the heart of Rome in the heart of Rome: <br />Nina's Home, a finely furnished penthouse, overlooks the historic plantains of Via Merulana and is only a 15-minute walk from the Colosseum and 800 meters from Termini Station. Two steps from the house you will find the metro "" A "" . <br />The apartment has all amenities, including air conditioning, Smart TV , super fast wifi, an equipped kitchen and a beautiful balcony overlooking the basilica of S.Maria Maggiore. <br />The property can be accessed via self check-in.","Via Merulana : iconic and full of shops, bars and restaurants, home to the historic Teatro Brancaccio and the magnificent Basilica of Santa Maria Maggiore. It is very close to Termini station and the Colosseum. Metro A allows you to reach the main points of interest so you can explore Rome comfortably",https://a0.muscache.com/pictures/miso/Hosting-976682613799000771/original/1e44e04c-0fb1-488d-be86-144ebd485053.jpeg,201726418,https://www.airbnb.com/users/show/201726418,Serena,12/07/18,"Rome, Italy","Appassionata di Viaggi, amo far sentire a casa le persone nella mia città !",within an hour,100%,100%,t,https://a0.muscache.com/im/pictures/user/c705b13e-0c03-4798-ab4c-92f4c8c35b8c.jpg?aki_policy=profile_small,https://a0.muscache.com/im/pictures/user/c705b13e-0c03-4798-ab4c-92f4c8c35b8c.jpg?aki_policy=profile_x_medium,,1.0,1.0,"['email', 'phone']",t,t,"Rome, Lazio, Italy",I Centro Storico,,41.89227,12.5016227,Entire rental unit,Entire home/apt,4,1.0,1 bath,1.0,2.0,"[""Extra pillows and blankets"", ""Smoke alarm"", ""Outdoor dining area"", ""Air conditioning"", ""Hair dryer"", ""Outdoor furniture"", ""Baking sheet"", ""First aid kit"", ""Kitchen"", ""Oven"", ""Heating"", ""Private patio or balcony"", ""Hot water kettle"", ""Room-darkening shades"", ""Hangers"", ""Dining table"", ""Coffee maker: Nespresso"", ""Hot water"", ""Fire extinguisher"", ""City skyline view"", ""HDTV"", ""Shower gel"", ""Essentials"", ""Bed linens"", ""Dishwasher"", ""Elevator"", ""Wine glasses"", ""Dishes and silverware"", ""Shampoo"", ""Portable fans"", ""Coffee"", ""Carbon monoxide alarm"", ""Stove"", ""Body soap"", ""Keypad"", ""Bidet"", ""Freezer"", ""Wifi"", ""Refrigerator"", ""Cooking basics"", ""Self check-in"", ""Clothing storage: walk-in closet""]",$133.00,2,28,2.0,2.0,28.0,28.0,2.0,28.0,,t,0,0,0,0,15/03/25,84,57,5,0,56,255,33915.0,20/09/23,10/03/25,4.95,4.98,4.96,4.95,4.99,4.92,4.88,IT058091C2XY4AMAYO,f,1,1,0,0,4.64
20286,9.77386e+17,https://www.airbnb.com/rooms/977385640424163769,20250300000000.0,07/03/25,city scrape,La Casa della Giuliana,"Welcome to your dream holiday home in the prestigious Prati district.<br />The perfect choice for those seeking a central and well-connected base to explore the eternal city, with an unbeatable location  just 5 minutes by walk to the Vatican Museums, .<br />Our home is surrounded by a wide range of restaurants, cafes, and shops.<br />Quick and convenient access to public transportation, including the Ottaviano Metro station just a short walk away.",,https://a0.muscache.com/pictures/miso/Hosting-977385640424163769/original/d8560dfd-16ec-4219-b4e4-3b48af0a5400.jpeg,72127366,https://www.airbnb.com/users/show/72127366,Serena,15/05/16,"Nyon, Switzerland",,within an hour,100%,99%,f,https://a0.muscache.com/im/pictures/user/User-72127366/original/78ffd6d2-99c3-4737-8e1e-0eb8a5b40d28.jpeg?aki_policy=profile_small,https://a0.muscache.com/im/pictures/user/User-72127366/original/78ffd6d2-99c3-4737-8e1e-0eb8a5b40d28.jpeg?aki_policy=profile_x_medium,,1.0,3.0,"['email', 'phone']",t,t,,I Centro Storico,,41.91195,12.45562,Entire rental unit,Entire home/apt,4,1.0,1 bath,1.0,2.0,"[""Dedicated workspace"", ""Bidet"", ""Smoke alarm"", ""Fire extinguisher"", ""Refrigerator"", ""Washer"", ""TV"", ""Children\u2019s books and toys for ages 2-5 years old"", ""Wifi"", ""Cleaning products"", ""Hot water"", ""Carbon monoxide alarm"", ""Dishes and silverware"", ""Air conditioning"", ""First aid kit"", ""Bed linens"", ""Hair dryer"", ""Heating - split type ductless system"", ""Shampoo"", ""Essentials"", ""Cooking basics"", ""Kitchen""]",$80.00,3,29,2.0,3.0,29.0,29.0,3.0,29.0,,t,9,27,57,332,07/03/25,61,44,3,267,48,255,20400.0,22/09/23,16/02/25,4.7,4.66,4.67,4.85,4.87,4.77,4.49,IT058091C2QDC8AEDM,t,1,1,0,0,3.43
20475,9.85939e+17,https://www.airbnb.com/rooms/985939346272066975,20250300000000.0,06/03/25,city scrape,La tua casa a Roma: relax e ottimi comfort,"Located in a quiet neighborhood served by public transportation, this home offers the perfect balance between relaxation and convenience.<br /><br />The apartment is tastefully furnished and equipped with all the necessary amenities for a pleasant stay: a bright living area, a fully equipped kitchen, cozy room and a modern bathroom. <br /><br />Whether you're traveling for pleasure or business, you'll find a welcoming and functional atmosphere here.<br />I look forward to seeing you for a comfortable stay in the Eternal City","Alessandrino is the 23rd district of Rome, indicated by Q. XXIII. It's named after the aqueduct Alessandrino, the work of Emperor Alessandro Severo. It is located in the east of the city. Just a few meters from the apartment you can dine in a good  restaurant with real typical Roman cuisine with exceptional value for money.",https://a0.muscache.com/pictures/airflow/Hosting-985939346272066975/original/b3bac523-8dfa-464a-91f6-b4e1721cb488.jpg,463387949,https://www.airbnb.com/users/show/463387949,Mario,09/06/22,"Rome, Italy",,within an hour,100%,100%,f,https://a0.muscache.com/im/pictures/user/User-463387949/original/b17aabab-efbc-4bdc-bc4f-3b1de3d2882a.jpeg?aki_policy=profile_small,https://a0.muscache.com/im/pictures/user/User-463387949/original/b17aabab-efbc-4bdc-bc4f-3b1de3d2882a.jpeg?aki_policy=profile_x_medium,,1.0,1.0,"['email', 'phone']",t,t,"Rome, Lazio, Italy",V Prenestino/Centocelle,,41.88681685,12.57856652,Entire condo,Entire home/apt,3,1.0,1 bath,1.0,2.0,"[""Dedicated workspace"", ""Bidet"", ""Iron"", ""Toaster"", ""Hangers"", ""Portable air conditioning"", ""Coffee"", ""Dining table"", ""Crib - available upon request"", ""Single oven"", ""Self check-in"", ""TV"", ""Laundromat nearby"", ""Pack \u2019n play/Travel crib"", ""Free street parking"", ""Hot water kettle"", ""Outdoor playground"", ""Cleaning products"", ""Free washer \u2013 In unit"", ""Drying rack for clothing"", ""Fast wifi \u2013 162 Mbps"", ""Pets allowed"", ""Luggage dropoff allowed"", ""Hot water"", ""Body soap"", ""Heating"", ""Carbon monoxide alarm"", ""Wine glasses"", ""Dishes and silverware"", ""Outdoor furniture"", ""Stainless steel gas stove"", ""Building staff"", ""Bed linens"", ""Shower gel"", ""Backyard"", ""Hair dryer"", ""Baking sheet"", ""Beko refrigerator"", ""Shampoo"", ""Essentials"", ""Clothing storage: closet"", ""Cooking basics"", ""Books and reading material"", ""Extra pillows and blankets"", ""Freezer"", ""Outdoor dining area"", ""Kitchen""]",$65.00,1,28,3.0,4.0,1125.0,1125.0,4.0,1125.0,,t,30,50,80,260,06/03/25,50,32,0,260,34,192,12480.0,08/10/23,29/12/24,4.78,4.84,4.98,4.88,4.94,4.06,4.72,IT058091C2ODNCG79B,f,1,1,0,0,2.91
20684,9.91215e+17,https://www.airbnb.com/rooms/991215486129339001,20250300000000.0,09/03/25,previous scrape,Laura's rooms,In this one-of-a-kind accommodation surrounded by greenery but far from the noise of the city is 750 meters from the Cornelia metro to reach the center of Rome.,,https://a0.muscache.com/pictures/miso/Hosting-991215486129339001/original/970b814b-6f2f-4d1c-b0e9-3bd121d2453b.jpeg,245781506,https://www.airbnb.com/users/show/245781506,Laura,27/02/19,,,,,75%,f,https://a0.muscache.com/im/pictures/user/5e86dc70-4eb4-4131-aa35-07adecaababb.jpg?aki_policy=profile_small,https://a0.muscache.com/im/pictures/user/5e86dc70-4eb4-4131-aa35-07adecaababb.jpg?aki_policy=profile_x_medium,,2.0,2.0,"['email', 'phone']",t,t,,XIII Aurelia,,41.8988187,12.42053194,Entire condo,Entire home/apt,4,,1 bath,1.0,,"[""TV"", ""Carbon monoxide alarm"", ""Dedicated workspace"", ""Iron"", ""Pool"", ""Smoke alarm"", ""Crib"", ""Wifi"", ""Cooking basics"", ""Free parking on premises"", ""Heating"", ""Air conditioning"", ""Outdoor dining area"", ""Keypad"", ""Pets allowed"", ""Self check-in"", ""Kitchen"", ""Hair dryer""]",,1,29,1.0,1.0,29.0,29.0,1.0,29.0,,t,0,0,0,0,09/03/25,5,2,0,0,2,12,,06/10/23,11/06/24,4.6,4.8,4.4,5.0,5.0,4.8,4.2,IT058091C2FKSFSP89,f,2,2,0,0,0.29
20767,9.97741e+17,https://www.airbnb.com/rooms/997740635717065993,20250300000000.0,06/03/25,city scrape,ArtcraftHome-Rome,"We rent a room in our flat, on the third floor in a period building, in the Alberone neighborhood. Strategic location, offers easy access to all amenities. Quiet area, close to a large park, well connected by subway and bus, a few minutes from downtown. I'm a set designer and I make jewelry, and my partner works in tourism. We live with three cats we love.","The Alberone neighborhood, in the Latin square, to the southeast of the historic center. An area in turmoil and crowded gentrification. It offers every service, cultural attractions, restaurants, green, well connected to all modes of transport, a few minutes from the old city.",https://a0.muscache.com/pictures/miso/Hosting-997740635717065993/original/716d612a-ddc9-42cb-8dd9-824d71ec3797.jpeg,20345504,https://www.airbnb.com/users/show/20345504,Mario,21/08/14,"Rome, Italy",Mi piace raccontare del mio percorso artistico e personale su up-cycling e sostenibilità'. Amo il mio lavoro e amo confrontarmi con chi non conosco.,within an hour,100%,99%,t,https://a0.muscache.com/im/pictures/user/User-20345504/original/26d8456a-9cf8-4fca-a5f1-5b6e0c58428e.jpeg?aki_policy=profile_small,https://a0.muscache.com/im/pictures/user/User-20345504/original/26d8456a-9cf8-4fca-a5f1-5b6e0c58428e.jpeg?aki_policy=profile_x_medium,,3.0,3.0,"['email', 'phone']",t,t,"Rome, Lazio, Italy",VII San Giovanni/Cinecittà,,41.8743425,12.5193175,Private room in rental unit,Private room,2,1.0,1 bath,1.0,1.0,"[""Dedicated workspace"", ""Bidet"", ""Iron"", ""Toaster"", ""Hangers"", ""Refrigerator"", ""Paid parking garage off premises"", ""Bikes"", ""Whirlpool stainless steel gas stove"", ""Coffee"", ""Dining table"", ""Barbecue utensils"", ""Portable fans"", ""Microwave"", ""Laundromat nearby"", ""Wifi"", ""Free street parking"", ""Breakfast"", ""Oven"", ""Dishwasher"", ""Hot water kettle"", ""Free washer \u2013 In unit"", ""BBQ grill: charcoal"", ""Drying rack for clothing"", ""Blender"", ""Fire pit"", ""Luggage dropoff allowed"", ""Lock on bedroom door"", ""Hot water"", ""Single level home"", ""Wine glasses"", ""Sun loungers"", ""Dishes and silverware"", ""Courtyard view"", ""Outdoor furniture"", ""Central heating"", ""Shared backyard \u2013 Not fully fenced"", ""First aid kit"", ""Bed linens"", ""Hair dryer"", ""Coffee maker: french press"", ""Baking sheet"", ""Essentials"", ""Clothing storage: closet"", ""Cooking basics"", ""Books and reading material"", ""Extra pillows and blankets"", ""Freezer"", ""Outdoor dining area"", ""Room-darkening shades"", ""Kitchen""]",$33.00,31,180,31.0,31.0,180.0,180.0,31.0,180.0,,t,0,0,0,81,06/03/25,34,27,0,49,28,255,8415.0,22/10/23,19/11/24,5.0,5.0,5.0,4.97,5.0,5.0,5.0,,f,2,0,2,0,2.03
20899,1.00045e+18,https://www.airbnb.com/rooms/1000448625268643281,20250300000000.0,11/03/25,city scrape,Domus Vatican Holiday Suite Familiare,"Domus Vatican Holiday is much more than just a place to stay; it's a haven of comfort and style, an ideal starting point for exploring the wonders of the Eternal City.<br /><br />Our tastefully furnished rooms are designed to cuddle during your stay. Every detail has been taken care of to ensure your comfort, from quality linens to soft lighting. <br /><br />Strategic Location - Comfort - Private Outdoor bathroom - Free Wi-Fi",,https://a0.muscache.com/pictures/miso/Hosting-1000448625268643281/original/c952c365-95b1-47d8-8db6-a6d3f0ac5378.jpeg,87217169,https://www.airbnb.com/users/show/87217169,Laura,01/08/16,"Rome, Italy",,within a day,100%,73%,f,https://a0.muscache.com/im/pictures/user/User-87217169/original/88baf155-5ff8-4a12-9cd4-76b3a834338a.jpeg?aki_policy=profile_small,https://a0.muscache.com/im/pictures/user/User-87217169/original/88baf155-5ff8-4a12-9cd4-76b3a834338a.jpeg?aki_policy=profile_x_medium,,2.0,3.0,"['email', 'phone']",t,t,,XIII Aurelia,,41.89337306,12.43792785,Private room in rental unit,Private room,4,1.0,1 bath,2.0,2.0,"[""TV"", ""Smoke alarm"", ""Fire extinguisher"", ""Refrigerator"", ""Wifi"", ""Air conditioning"", ""Exterior security cameras on property"", ""Washer"", ""Lock on bedroom door"", ""Kitchen"", ""First aid kit""]",$199.00,31,365,1.0,31.0,365.0,365.0,28.4,365.0,,t,0,0,0,0,11/03/25,4,2,0,0,2,124,24676.0,17/10/23,16/07/24,5.0,5.0,5.0,5.0,5.0,5.0,5.0,IT058091C2HZ2PDVPJ,t,2,1,1,0,0.23
20952,1.00515e+18,https://www.airbnb.com/rooms/1005153368213110442,20250300000000.0,05/03/25,city scrape,"New apartment, accepts pets, near FCO & citycenter","A bright, welcoming, relaxing apartment, with all the services you love, a strategic starting point for visiting the splendid city of Rome, supported by excellent service and care. A stone's throw from Leonardo da Vinci airport, a stone's throw from the historic center, well served by public transport, surrounded by greenery and flanked by a cycle path that reaches the heart of Rome, along the banks of the Tiber river, sheltered from traffic.","Quiet neighborhood, well connected by public transport to Leonardo da Vinci airport, the Eur district, Eataly, the Rome fair and the historic center, just a few steps from the house there is the Mercato Rionale, with organic products, the artisanal oven ""Nonno Lino"", a fresh pasta workshop (fettuccine, gnocchi, ravioli, tortellini, etc.), the pastry shop ""Benedetto"" with excellent value for money, the pizzeria/restaurant with typical Roman dishes ""Il mattarello"" gluten-free food products ""Celiaamos Lab"" and several Supermarkets, open until 9:30 pm.",https://a0.muscache.com/pictures/miso/Hosting-1005153368213110442/original/cf4c99e4-e86a-4856-a5bb-73af1d5f92f3.jpeg,87484026,https://www.airbnb.com/users/show/87484026,Laura,02/08/16,,"Sono Laura, insegno in un asilo nido, condivido la mia vita con Enrico dal 1992, adoriamo viaggiare e conoscere persone nuove, che antepongano il benessere delle persone e della comunità umana al denaro. Amiamo la cultura e l'arte in ogni sua espressione e l'enogastronomia.  Ci piace fare teatro, drammaturgia e radio.",within an hour,100%,100%,t,https://a0.muscache.com/im/pictures/user/95a06af3-6ce0-46e9-ae68-c0345aba6c75.jpg?aki_policy=profile_small,https://a0.muscache.com/im/pictures/user/95a06af3-6ce0-46e9-ae68-c0345aba6c75.jpg?aki_policy=profile_x_medium,,1.0,1.0,"['email', 'phone']",t,t,"Rome, Lazio, Italy",XI Arvalia/Portuense,,41.84869,12.45971,Entire rental unit,Entire home/apt,2,1.0,1 bath,1.0,1.0,"[""Dedicated workspace"", ""Bidet"", ""Iron"", ""Toaster"", ""Smoke alarm"", ""Hangers"", ""Fire extinguisher"", ""Paid parking garage off premises"", ""Ariston refrigerator"", ""Coffee"", ""Dining table"", ""Bio shampoo"", ""Single oven"", ""Clothing storage: closet and dresser"", ""TV"", ""Other gas stove"", ""Laundromat nearby"", ""Wifi"", ""Free street parking"", ""Host greets you"", ""Hot water kettle"", ""Dishwasher"", ""Coffee maker: pour-over coffee"", ""Cleaning products"", ""Drying rack for clothing"", ""Pets allowed"", ""Luggage dropoff allowed"", ""Hot water"", ""Carbon monoxide alarm"", ""City skyline view"", ""Single level home"", ""Wine glasses"", ""Dishes and silverware"", ""Elevator"", ""Central heating"", ""First aid kit"", ""Bed linens"", ""Shower gel"", ""Hair dryer"", ""Baking sheet"", ""Essentials"", ""AC - split type ductless system"", ""Cooking basics"", ""Books and reading material"", ""Extra pillows and blankets"", ""Freezer"", ""Bio body soap"", ""Room-darkening shades"", ""Kitchen""]",$82.00,1,30,1.0,1.0,30.0,30.0,1.0,30.0,,t,26,52,82,82,05/03/25,17,17,2,82,15,102,8364.0,19/04/24,02/03/25,4.82,4.88,4.88,4.94,4.88,4.59,4.76,IT058091C2G9TOO6DV,f,1,1,0,0,1.59
21202,1.01245e+18,https://www.airbnb.com/rooms/1012447542206313086,20250300000000.0,10/03/25,city scrape,Private room near Colosseum in Casa Bianca,"Enjoy a beautiful experience in a private room centrally located, at a 10-15 minute walk to the Colosseum to a 10-15 minute walk to the Colosseum with free breakfast.",,https://a0.muscache.com/pictures/miso/Hosting-1012447542206313086/original/9a662028-ed25-4786-a039-f3f62199956b.jpeg,541139130,https://www.airbnb.com/users/show/541139130,Laura,09/10/23,,,within a few hours,100%,97%,t,https://a0.muscache.com/im/pictures/user/User-541139130/original/9e658c48-469c-4077-9315-4a2d6069c032.jpeg?aki_policy=profile_small,https://a0.muscache.com/im/pictures/user/User-541139130/original/9e658c48-469c-4077-9315-4a2d6069c032.jpeg?aki_policy=profile_x_medium,,2.0,3.0,['phone'],t,t,,I Centro Storico,,41.88809221,12.51046839,Private room in rental unit,Private room,2,1.0,1 private bath,1.0,1.0,"[""TV"", ""Dedicated workspace"", ""Wifi"", ""Paid parking on premises"", ""Washer"", ""Lock on bedroom door"", ""Kitchen""]",$63.00,2,365,2.0,2.0,365.0,365.0,2.0,365.0,,t,12,12,12,138,10/03/25,38,34,0,138,34,204,12852.0,26/11/23,02/01/25,4.92,4.97,5.0,4.97,4.84,4.97,4.89,IT058091C2Z5K4XJVX,f,2,0,2,0,2.42
21207,1.01291e+18,https://www.airbnb.com/rooms/1012905366803513036,20250300000000.0,15/03/25,city scrape,Elegante appartamento a Trastevere,"Thanks to this strategically located space, you won't have to give up anything for a complete experience in the heart of Rome. <br />Casa dell 'Aviatore is located in Trastevere on the third and last floor (no elevator) of a building from which you can enjoy beautiful views of the alleys and the greenery of the back of an ancient Roman church. The house has windows on both sides, is full of light and all offers comforts for a perfect Roman vacation. <br />Please note that it does not have an elevator.",,https://a0.muscache.com/pictures/hosting/Hosting-U3RheVN1cHBseUxpc3Rpbmc6MTAxMjkwNTM2NjgwMzUxMzAzNg==/original/5729821a-cf0c-4074-8c48-07ddf0b146d0.jpeg,9150741,https://www.airbnb.com/users/show/9150741,Mario,30/09/13,"Rome, Italy","Architetto, amante del verde e del vivere in armonia",within a few hours,100%,93%,t,https://a0.muscache.com/im/pictures/user/User-9150741/original/a1cafb7d-39b9-4772-9e58-539e51002474.jpeg?aki_policy=profile_small,https://a0.muscache.com/im/pictures/user/User-9150741/original/a1cafb7d-39b9-4772-9e58-539e51002474.jpeg?aki_policy=profile_x_medium,Trastevere,6.0,15.0,"['email', 'phone']",t,t,,I Centro Storico,,41.89070543,12.46767029,Entire rental unit,Entire home/apt,2,1.0,1 bath,1.0,1.0,"[""Extra pillows and blankets"", ""Stainless steel single oven"", ""Cleaning products"", ""Hair dryer"", ""Bathtub"", ""Courtyard view"", ""Baking sheet"", ""Kitchen"", ""Heating"", ""AC - split type ductless system"", ""Hangers"", ""40 inch TV"", ""Dining table"", ""Blender"", ""Microwave"", ""Hot water"", ""Iron"", ""City skyline view"", ""Long term stays allowed"", ""Drying rack for clothing"", ""Host greets you"", ""Essentials"", ""Bed linens"", ""Dishwasher"", ""Clothing storage: closet and dresser"", ""Dishes and silverware"", ""Ceiling fan"", ""Housekeeping - available at extra cost"", ""Coffee"", ""Fast wifi \u2013 635 Mbps"", ""Carbon monoxide alarm"", ""Bidet"", ""Freezer"", ""Free washer \u2013 In unit"", ""Refrigerator"", ""Altro stainless steel gas stove"", ""Cooking basics"", ""Coffee maker: drip coffee maker, espresso machine, french press""]",$101.00,3,30,3.0,3.0,30.0,30.0,3.0,30.0,,t,0,0,0,0,15/03/25,15,14,1,0,14,84,8484.0,02/01/24,07/03/25,4.87,4.93,4.73,4.93,4.93,4.87,4.93,IT058091C29HBFRX3H,f,3,3,0,0,1.03
21671,1.03271e+18,https://www.airbnb.com/rooms/1032708938126809873,20250300000000.0,15/03/25,city scrape,La Dimora di Enea,"La Dimora di Enea offers state-of-the-art free WiFi, 2 flat screen TVs, washing machine, air conditioning and many other amenities.  It is located on the metro line A, to easily reach any point of the city. <br />Luggage storage allowed for guests checking in early or late checkout, in relation to the times of any other reservations.<br />Its 105 square meters and spacious bedrooms make the stay more than pleasant.","The neighborhood has lots of shops and supermarkets, groceries, and amenities. There is not even a public park 200 meters away. 400 meters from Furio Camillo Metro Station (5 minutes walk) and 900 meters from Roma Tuscolano Railway Station (12 minutes walk) from which you can easily reach any point of the city",https://a0.muscache.com/pictures/miso/Hosting-1032708938126809873/original/66a50cc5-ef78-44ae-90b9-fe3c161302df.jpeg,523659966,https://www.airbnb.com/users/show/523659966,Mario,04/07/23,,,within a day,100%,100%,f,https://a0.muscache.com/im/pictures/user/0023f429-b796-4ac0-a213-0bf448dcb19a.jpg?aki_policy=profile_small,https://a0.muscache.com/im/pictures/user/0023f429-b796-4ac0-a213-0bf448dcb19a.jpg?aki_policy=profile_x_medium,,1.0,1.0,"['email', 'phone']",t,t,"Rome, Lazio, Italy",VII San Giovanni/Cinecittà,,41.8736948,12.5266955,Entire rental unit,Entire home/apt,8,1.0,1 bath,3.0,7.0,"[""Extra pillows and blankets"", ""Cleaning products"", ""Hair dryer"", ""Central heating"", ""Paid parking on premises"", ""Baking sheet"", ""First aid kit"", ""Kitchen"", ""AC - split type ductless system"", ""Private patio or balcony"", ""Hot water kettle"", ""Room-darkening shades"", ""Hangers"", ""Dining table"", ""Cleaning available during stay"", ""Microwave"", ""Hot water"", ""Fire extinguisher"", ""Smart lock"", ""Iron"", ""Drying rack for clothing"", ""Shower gel"", ""Essentials"", ""Bed linens"", ""Clothing storage: closet and dresser"", ""Heating - split type ductless system"", ""Dishes and silverware"", ""Single oven"", ""Shampoo"", ""Coffee"", ""Carbon monoxide alarm"", ""Body soap"", ""Bidet"", ""Wifi"", ""Gas stove"", ""Free washer \u2013 In unit"", ""Conditioner"", ""Refrigerator"", ""Cooking basics"", ""43 inch HDTV"", ""Free street parking"", ""Self check-in"", ""Luggage dropoff allowed""]",$179.00,2,30,2.0,3.0,30.0,30.0,2.0,30.0,,t,13,29,44,158,15/03/25,3,3,0,158,3,18,3222.0,20/05/24,14/07/24,5.0,5.0,4.67,5.0,5.0,4.67,4.67,IT058091C2FOCK2NRQ,f,1,1,0,0,0.3
21856,1.04058e+18,https://www.airbnb.com/rooms/1040576843737685844,20250300000000.0,10/03/25,city scrape,Lullaby House Rome - Flaminio,"Spacious and comfortable apartment located in the Flaminio district just 15 minutes from the Historic Center. Right in front of the house is the bus terminal for all destinations. <br />Just a 10-minute walk from the Olympic Stadium and the Tennis Stadium; the Auditorium Parco della Musica, the Olympic theater, the Maxxi Museum and Basilica  Santa Croce al Flaminio are all very close to the house.<br />The neighborhood offers numerous restaurants, pizzerias, ice cream parlors, breweries, and a quaint neighborhood market.","You're a 10-minute walk from the Auditorium Music Park. <br />Cross the bridge over the Tiber and you're at the Olympic Stadium and the entire Foro Italico sports complex. You are near the Farnesina (Ministry of Foreign Affairs).<br />Behind your building is the Maxxi Museum and the ancient Basilica of Santa Croce al Flaminio.<br />500 meters from the Olympic Theatre (at home you can find the leaflet with its programming). <br />Half anhour walk and you can play bowling or mini golf in downtown Brunswick on the beachfront.<br />50 meters away one of the best ice cream in Rome, Neve di Latte.<br />Two Pharmacies, Oven, Bar and Tobacco T (purchase bus and metro tickets).",https://a0.muscache.com/pictures/hosting/Hosting-1040576843737685844/original/9709d353-071a-43a5-b4bd-48a22f8aed16.jpeg,4011400,https://www.airbnb.com/users/show/4011400,Laura,30/10/12,"Rome, Italy","viaggi, famiglia",within an hour,100%,100%,t,https://a0.muscache.com/im/pictures/user/User-4011400/original/9754d9b3-c6db-4408-ad3f-1690f252f178.jpeg?aki_policy=profile_small,https://a0.muscache.com/im/pictures/user/User-4011400/original/9754d9b3-c6db-4408-ad3f-1690f252f178.jpeg?aki_policy=profile_x_medium,,1.0,1.0,"['email', 'phone']",t,t,"Rome, Lazio, Italy",II Parioli/Nomentano,,41.9303615,12.464839,Entire condo,Entire home/apt,5,2.0,2 baths,2.0,3.0,"[""Dedicated workspace"", ""Bidet"", ""Iron"", ""Fire extinguisher"", ""Hangers"", ""Refrigerator"", ""Paid parking on premises"", ""Coffee"", ""Clothing storage"", ""Dining table"", ""Crib - available upon request"", ""Self check-in"", ""HDTV with standard cable, DVD player"", ""Microwave"", ""Wifi"", ""Coffee maker"", ""Free street parking"", ""Oven"", ""Dishwasher"", ""Stove"", ""Board games"", ""Hot water kettle"", ""Cleaning products"", ""Free dryer \u2013 In unit"", ""Hot water"", ""Body soap"", ""Heating"", ""Carbon monoxide alarm"", ""Wine glasses"", ""Dishes and silverware"", ""Children\u2019s books and toys for ages 2-5 years old and 5-10 years old"", ""Window guards"", ""Free washer"", ""First aid kit"", ""Bed linens"", ""Shower gel"", ""Ceiling fan"", ""Lockbox"", ""Hair dryer"", ""Baking sheet"", ""Shampoo"", ""Cooking basics"", ""AC - split type ductless system"", ""Freezer"", ""Books and reading material"", ""Extra pillows and blankets"", ""Room-darkening shades"", ""Kitchen"", ""Safe""]",$98.00,3,28,3.0,15.0,28.0,28.0,3.5,28.0,,t,13,19,27,155,10/03/25,53,44,1,155,49,255,24990.0,27/12/23,25/02/25,4.96,4.94,4.92,4.96,4.98,4.68,4.87,IT058091C2OC6RON7P,f,1,1,0,0,3.61
22085,1.04545e+18,https://www.airbnb.com/rooms/1045445565885243855,20250300000000.0,07/03/25,city scrape,Happy Loft Navona,"Unbeatable strategic location (Navona-Campo de Fiori) a short walk to most of the most famous monuments and museums. Road with typical Roman restaurants and shops to wander around in Roman evenings. First floor (stairs, no elevator), overlooking a small inner courtyard that makes the apartment very quiet. To the scarcity of direct light, we have remedied with a good lighting system and colorful interior design, full of details, perfect mix of ancient and modern.",,https://a0.muscache.com/pictures/miso/Hosting-1045445565885243855/original/9fbac0ae-c46b-4679-9f69-0b3af5c7994b.jpeg,262993810,https://www.airbnb.com/users/show/262993810,Laura,20/05/19,"Rome, Italy",Quando viaggio spesso prenoto Last Minuts,within an hour,100%,100%,t,https://a0.muscache.com/im/pictures/user/9acc8de5-61e1-409e-909f-1371e3df9908.jpg?aki_policy=profile_small,https://a0.muscache.com/im/pictures/user/9acc8de5-61e1-409e-909f-1371e3df9908.jpg?aki_policy=profile_x_medium,,8.0,8.0,"['email', 'phone']",t,t,,I Centro Storico,,41.8981066,12.4697886,Entire condo,Entire home/apt,3,1.0,1 bath,1.0,2.0,"[""Dedicated workspace"", ""Bidet"", ""Iron"", ""Toaster"", ""Smoke alarm"", ""Hangers"", ""Fire extinguisher"", ""Refrigerator"", ""Paid parking garage off premises"", ""High chair"", ""Clothing storage: walk-in closet"", ""Self check-in"", ""Microwave"", ""TV"", ""Other gas stove"", ""Laundromat nearby"", ""Wifi"", ""Paid pack \u2019n play/travel crib - available upon request"", ""Hot water kettle"", ""Luggage dropoff allowed"", ""Hot water"", ""Body soap"", ""Heating"", ""Carbon monoxide alarm"", ""Single level home"", ""Wine glasses"", ""Dishes and silverware"", ""Courtyard view"", ""Air conditioning"", ""Paid crib - available upon request"", ""Bed linens"", ""Shower gel"", ""Ceiling fan"", ""Lockbox"", ""Hair dryer"", ""Essentials"", ""Exterior security cameras on property"", ""Kitchen""]",$114.00,1,365,1.0,5.0,365.0,365.0,1.6,365.0,,t,9,24,42,162,07/03/25,63,57,5,162,56,255,29070.0,29/01/24,28/02/25,4.94,4.92,4.97,4.98,4.97,4.94,4.81,IT058091C22RLQUTLJ,t,2,2,0,0,4.68
22101,1.04551e+18,https://www.airbnb.com/rooms/1045509445787306479,20250300000000.0,10/03/25,previous scrape,A casa di Laura. Bilocale moderno.,"Small cozy apartment, in a quiet and quiet area surrounded by greenery. Connected to Aurelia and San Petro train station. Great for couples or families. <br />Furnished to ensure all the comforts for your stay. Possibility to use the internal parking for free.<br />Located on the outskirts of Rome, it allows you to easily reach the center of Rome but also the seaside towns on the Lazio coast.",,https://a0.muscache.com/pictures/hosting/Hosting-1045509445787306479/original/0d8ddcbc-2d00-4d22-bbbb-7634814e335b.jpeg,324654930,https://www.airbnb.com/users/show/324654930,Laura,05/01/20,"Rome, Italy",,within a few hours,100%,78%,f,https://a0.muscache.com/im/pictures/user/b2a43403-dc2c-4e82-bf39-e01924f9b632.jpg?aki_policy=profile_small,https://a0.muscache.com/im/pictures/user/b2a43403-dc2c-4e82-bf39-e01924f9b632.jpg?aki_policy=profile_x_medium,,1.0,1.0,"['email', 'phone']",t,t,,XII Monte Verde,,41.87328,12.35935,Entire rental unit,Entire home/apt,3,,1 bath,1.0,,"[""Bidet"", ""Iron"", ""Hangers"", ""Coffee"", ""Washer"", ""Portable fans"", ""Clothing storage: closet and dresser"", ""TV"", ""Coffee maker: espresso machine"", ""Wifi"", ""Host greets you"", ""Hot water kettle"", ""Cleaning products"", ""Free dryer \u2013 In unit"", ""Pets allowed"", ""Hot water"", ""Single level home"", ""Wine glasses"", ""Dishes and silverware"", ""Air conditioning"", ""Central heating"", ""Bed linens"", ""Hair dryer"", ""Cooking basics"", ""Free parking on premises"", ""Extra pillows and blankets"", ""Outdoor dining area"", ""Kitchen""]",,2,28,2.0,2.0,28.0,28.0,2.0,28.0,,t,0,0,0,164,10/03/25,25,24,0,96,25,144,,26/01/24,22/10/24,4.8,4.88,4.84,4.84,4.84,4.32,4.68,IT058091C2ZDQAWQZM,f,1,1,0,0,1.83
22294,1.05769e+18,https://www.airbnb.com/rooms/1057692951109286274,20250300000000.0,12/03/25,city scrape,Mini apt Roma Colosseo,"This is a small apartment of about 38 square meters located on the 3rd floor. The location is optimal because you can reach the Colosseum in about 20 minutes on foot , the metro stop San Giovanni is 50 meters away. <br />Air conditioning and heating are condominium and turn on according to condominium hours. <br />It's perfect for a stay of a few days",,https://a0.muscache.com/pictures/miso/Hosting-1057692951109286274/original/e611e2be-a8d9-4e09-b52e-2dd9958b9102.jpeg,472705705,https://www.airbnb.com/users/show/472705705,Laura,01/08/22,"Rome, Italy",,within an hour,100%,100%,f,https://a0.muscache.com/im/pictures/user/8aeca27e-7234-49ff-b505-43eaca3d529a.jpg?aki_policy=profile_small,https://a0.muscache.com/im/pictures/user/8aeca27e-7234-49ff-b505-43eaca3d529a.jpg?aki_policy=profile_x_medium,,7.0,7.0,"['email', 'phone']",t,t,,VII San Giovanni/Cinecittà,,41.88569305,12.51177193,Entire condo,Entire home/apt,2,1.0,1 bath,1.0,1.0,"[""TV"", ""Carbon monoxide alarm"", ""Iron"", ""Smoke alarm"", ""Hangers"", ""Shampoo"", ""Fire extinguisher"", ""Essentials"", ""Wifi"", ""Heating"", ""Air conditioning"", ""First aid kit"", ""Self check-in"", ""Kitchen"", ""Hot water"", ""Lockbox"", ""Hair dryer""]",$92.00,3,365,1.0,5.0,99.0,99.0,2.5,99.0,,t,14,33,55,219,12/03/25,4,2,0,219,4,12,1104.0,20/02/24,04/11/24,3.0,3.5,3.0,5.0,3.25,4.5,3.5,IT058091B4ZS3WBJ7F,t,7,4,3,0,0.31
22393,1.05646e+18,https://www.airbnb.com/rooms/1056461921645520033,20250300000000.0,12/03/25,city scrape,In the heart of Trastevere,,"The heart of ancient Rome among restaurants, gyms, supermarkets but above all churches, museums and panoramic areas within walking distance",https://a0.muscache.com/pictures/airflow/Hosting-1056461921645520033/original/17225a87-61dc-45cd-b064-72b74238d869.jpg,546149906,https://www.airbnb.com/users/show/546149906,Mario,12/11/23,"Rome, Italy",,,,75%,f,https://a0.muscache.com/im/pictures/user/User-546149906/original/042bf901-2d81-4244-98e9-a8a0220a66be.jpeg?aki_policy=profile_small,https://a0.muscache.com/im/pictures/user/User-546149906/original/042bf901-2d81-4244-98e9-a8a0220a66be.jpeg?aki_policy=profile_x_medium,,1.0,1.0,"['email', 'phone']",t,t,"Rome, Lazio, Italy",XII Monte Verde,,41.87816,12.46601,Entire rental unit,Entire home/apt,4,1.0,1 bath,2.0,2.0,"[""Dedicated workspace"", ""Bidet"", ""Iron"", ""Smoke alarm"", ""Hangers"", ""Mosquito net"", ""Fire extinguisher"", ""Refrigerator"", ""Coffee"", ""Clothing storage"", ""Dining table"", ""Microwave"", ""TV"", ""Laundromat nearby"", ""Wifi"", ""Coffee maker"", ""Rice maker"", ""Free street parking"", ""Host greets you"", ""Long term stays allowed"", ""Cleaning products"", ""Drying rack for clothing"", ""Pocket wifi"", ""Blender"", ""Hot water"", ""Body soap"", ""Carbon monoxide alarm"", ""Central air conditioning"", ""Wine glasses"", ""Dishes and silverware"", ""Elevator"", ""Central heating"", ""Window guards"", ""First aid kit"", ""Bed linens"", ""Shower gel"", ""Ceiling fan"", ""Hair dryer"", ""Baking sheet"", ""Shampoo"", ""Essentials"", ""Cooking basics"", ""Freezer"", ""Books and reading material"", ""Extra pillows and blankets"", ""Exterior security cameras on property"", ""Room-darkening shades"", ""Kitchen""]",$100.00,2,28,2.0,2.0,28.0,28.0,2.0,28.0,,t,6,6,6,6,12/03/25,0,0,0,0,0,0,0.0,,,,,,,,,,IT058091C2YUGNFBYV,f,1,1,0,0,
22448,1.06217e+18,https://www.airbnb.com/rooms/1062173032915348468,20250300000000.0,10/03/25,city scrape,san pietro house,"Relax with the whole family or friends  at this quiet place and just a few steps from Piazza San Petro.<br />Located just 550 meters from St. Peter's Square, it is a 10-minute walk from Roma San Pietro Railway Station and 2 km from Pantheon.<br />San pietro house is cozy and very quiet also offers a small garden for some relaxation after visiting the beautiful attractions of the eternal city.",,https://a0.muscache.com/pictures/miso/Hosting-1062173032915348468/original/f454f64d-e9a5-46df-912a-f4686350328d.jpeg,543866725,https://www.airbnb.com/users/show/543866725,Serena,28/10/23,,,within an hour,100%,100%,f,https://a0.muscache.com/defaults/user_pic-50x50.png?v=3,https://a0.muscache.com/defaults/user_pic-225x225.png?v=3,,3.0,3.0,"['email', 'phone']",f,t,,XIII Aurelia,,41.8977,12.45686,Entire rental unit,Entire home/apt,4,1.0,1 bath,1.0,2.0,"[""Dedicated workspace"", ""Bidet"", ""Iron"", ""Smoke alarm"", ""Hangers"", ""Fire extinguisher"", ""Refrigerator"", ""Dining table"", ""Clothing storage: walk-in closet"", ""Washer"", ""Self check-in"", ""TV"", ""Other gas stove"", ""Wifi"", ""Oven"", ""Hot water kettle"", ""Hot water"", ""Carbon monoxide alarm"", ""Dishes and silverware"", ""Elevator"", ""Air conditioning"", ""Central heating"", ""First aid kit"", ""Bed linens"", ""Lockbox"", ""Hair dryer"", ""Baking sheet"", ""Cooking basics"", ""Freezer"", ""Extra pillows and blankets"", ""Kitchen""]",$117.00,2,365,2.0,2.0,365.0,365.0,2.0,365.0,,t,23,34,47,304,10/03/25,13,12,0,236,13,72,8424.0,13/01/24,25/10/24,4.0,4.15,4.23,4.08,4.38,4.46,4.23,It058091c2r9apia9x,t,3,3,0,0,0.92
22482,1.06571e+18,https://www.airbnb.com/rooms/1065709821520663676,20250300000000.0,06/03/25,city scrape,appartamento Aurelio-Vaticano,"The apartment , recently renovated, is located in the Aurelio area, about 500 meters from the metro stops line A Cornelia and Baldo degli Ubaldi and 2/3 stops from St. Peter's Basilica (Ottavian stop) and the Vatican Museums (Cyprus stop).<br /> It consists of 2 bedrooms , 1 bathroom and a large living room with kitchen side, dining area and a fifth vanishing bed. Walking distance to supermarket and restaurants of various types.",,https://a0.muscache.com/pictures/miso/Hosting-1065709821520663676/original/84ea5bea-5cc1-4970-a2b8-26726a64e50b.jpeg,555633971,https://www.airbnb.com/users/show/555633971,Laura,10/01/24,,,within an hour,100%,100%,t,https://a0.muscache.com/im/pictures/user/User-555633971/original/96234c72-9e1c-4adf-a00d-9117aa8edfc3.jpeg?aki_policy=profile_small,https://a0.muscache.com/im/pictures/user/User-555633971/original/96234c72-9e1c-4adf-a00d-9117aa8edfc3.jpeg?aki_policy=profile_x_medium,,2.0,2.0,"['email', 'phone']",t,t,,XIII Aurelia,,41.89521,12.43031,Entire rental unit,Entire home/apt,5,1.0,1 bath,2.0,4.0,"[""Iron"", ""Fire extinguisher"", ""Hangers"", ""Mosquito net"", ""Refrigerator"", ""Washer"", ""Single oven"", ""Clothing storage: closet and dresser"", ""Microwave"", ""TV"", ""Other gas stove"", ""Wifi"", ""Hot water kettle"", ""Dishwasher"", ""Hot water"", ""Carbon monoxide alarm"", ""Dishes and silverware"", ""Air conditioning"", ""Central heating"", ""Bed linens"", ""Shower gel"", ""Hair dryer"", ""Essentials"", ""Cooking basics"", ""Freezer"", ""Extra pillows and blankets"", ""Kitchen""]",$84.00,3,28,3.0,3.0,28.0,28.0,3.0,28.0,,t,15,26,41,124,06/03/25,35,33,0,124,32,198,16632.0,11/02/24,25/01/25,4.91,4.89,4.91,4.94,5.0,4.83,4.74,IT058091C2PN2PJ8J3,f,2,2,0,0,2.69
22505,1.0659e+18,https://www.airbnb.com/rooms/1065899313758884990,20250300000000.0,10/03/25,city scrape,mini appartamento Aurelio-Vaticano,"The apartment , recently renovated, is located in the Aurelio area, about 500 meters from the metro stops line A Cornelia and Baldo degli Ubaldi and 2/3 stops from the Basilica of San Pietro Varicano  (Ottavian stop) and the Vatican Museums (Cyprus stop). Quiet but very well served area, in the immediate vicinity, bars, restaurants and supermarket.",,https://a0.muscache.com/pictures/hosting/Hosting-U3RheVN1cHBseUxpc3Rpbmc6MTA2NTg5OTMxMzc1ODg4NDk5MA%3D%3D/original/3defc8ef-e862-48d3-a88f-85f27ab2260c.jpeg,555633971,https://www.airbnb.com/users/show/555633971,Laura,10/01/24,,,within an hour,100%,100%,t,https://a0.muscache.com/im/pictures/user/User-555633971/original/96234c72-9e1c-4adf-a00d-9117aa8edfc3.jpeg?aki_policy=profile_small,https://a0.muscache.com/im/pictures/user/User-555633971/original/96234c72-9e1c-4adf-a00d-9117aa8edfc3.jpeg?aki_policy=profile_x_medium,,2.0,2.0,"['email', 'phone']",t,t,,XIII Aurelia,,41.89636685,12.43103586,Entire rental unit,Entire home/apt,2,1.0,1 bath,1.0,1.0,"[""Fire extinguisher"", ""Hangers"", ""Mosquito net"", ""Refrigerator"", ""Dining table"", ""Washer"", ""Clothing storage: closet and dresser"", ""Microwave"", ""TV"", ""Wifi"", ""Hot water kettle"", ""Stove"", ""Hot water"", ""Carbon monoxide alarm"", ""Dishes and silverware"", ""Air conditioning"", ""Central heating"", ""Bed linens"", ""Shower gel"", ""Hair dryer"", ""Essentials"", ""Cooking basics"", ""Extra pillows and blankets"", ""Kitchen""]",$56.00,3,28,3.0,3.0,28.0,28.0,3.0,28.0,,t,19,40,63,150,10/03/25,35,34,1,150,32,204,11424.0,03/02/24,22/02/25,4.63,4.8,4.54,4.91,4.94,4.6,4.54,IT058091C2PN2PJ8J3,t,2,2,0,0,2.61
22836,1.07232e+18,https://www.airbnb.com/rooms/1072322608841843307,20250300000000.0,10/03/25,city scrape,Camera con bagno privato,"Relax and recharge in this part of quiet and elegance. House on a private street where peace reigns.<br />It is reached by a wide selection of public transport that allow you to travel with ease and in a short time and in a short time to the historic center and the Vatican. Also very close to the Olympic Stadium.<br />The property is on the ground floor, with a private garden, inside there is a large living room with TV available to guests.","The neighborhood is the Balduina, immersed in greenery with all the essentials.",https://a0.muscache.com/pictures/hosting/Hosting-U3RheVN1cHBseUxpc3Rpbmc6MTA3MjMyMjYwODg0MTg0MzMwNw%3D%3D/original/52a717ab-6c0b-4b42-95cf-fa56e203556a.jpeg,431834232,https://www.airbnb.com/users/show/431834232,Laura,14/11/21,"Rome, Italy",,within an hour,100%,100%,t,https://a0.muscache.com/im/pictures/user/User-431834232/original/5ee46cd1-c0f2-46d6-bfc8-b412df8bacf6.jpeg?aki_policy=profile_small,https://a0.muscache.com/im/pictures/user/User-431834232/original/5ee46cd1-c0f2-46d6-bfc8-b412df8bacf6.jpeg?aki_policy=profile_x_medium,,1.0,2.0,"['email', 'phone']",t,t,"Rome, Lazio, Italy",XIV Monte Mario,,41.92947976,12.43917386,Private room in condo,Private room,4,1.0,1 private bath,1.0,2.0,"[""Toaster"", ""Bidet"", ""Hangers"", ""Refrigerator"", ""Coffee"", ""Dining table"", ""Wifi"", ""Coffee maker"", ""Free street parking"", ""Host greets you"", ""Oven"", ""Dishwasher"", ""Hot water kettle"", ""Cleaning products"", ""Blender"", ""Lock on bedroom door"", ""Hot water"", ""Gas stove"", ""Carbon monoxide alarm"", ""Single level home"", ""Wine glasses"", ""Dishes and silverware"", ""65 inch HDTV with Amazon Prime Video, Netflix, premium cable, Apple TV"", ""Air conditioning"", ""Central heating"", ""Outdoor furniture"", ""Bed linens"", ""Hair dryer"", ""Essentials"", ""Clothing storage: closet"", ""Cooking basics"", ""Books and reading material"", ""Freezer"", ""Outdoor dining area"", ""Kitchen""]",$65.00,2,365,2.0,2.0,365.0,365.0,2.0,365.0,,t,11,21,45,205,10/03/25,13,12,1,205,12,72,4680.0,10/02/24,09/03/25,4.85,4.92,4.85,4.85,4.92,4.62,5.0,IT058091C2CZJJBKB2,f,1,0,1,0,0.99
23049,1.08325e+18,https://www.airbnb.com/rooms/1083249458770029660,20250300000000.0,15/03/25,city scrape,Minimal Room in the Roman suburbs,"Double room with bathroom and sunny terrace, located in a large suburban apartment in Rome.<br />Quiet and surrounded by greenery, away from the noise of the city but at the same time in a strategic position to get wherever you want.<br />Ideal for those traveling by car, easily practicable even with vehicles.<br /><br />❗️ATTENTION FOR ALLERGIC CAT HAIR: In the apartment there is a sweet black cat of 11 years, very quiet and not aggressive.",,https://a0.muscache.com/pictures/miso/Hosting-1083249458770029660/original/3c1dca23-77aa-4e4e-b25c-7d7c26dd7705.jpeg,407836820,https://www.airbnb.com/users/show/407836820,Laura,18/06/21,"Rome, Italy",IG: comawhite00,within an hour,100%,99%,f,https://a0.muscache.com/im/pictures/user/User-407836820/original/3df7ca34-0a83-45ff-b889-95f4cbf3075e.png?aki_policy=profile_small,https://a0.muscache.com/im/pictures/user/User-407836820/original/3df7ca34-0a83-45ff-b889-95f4cbf3075e.png?aki_policy=profile_x_medium,,2.0,3.0,"['email', 'phone']",t,t,,XII Monte Verde,,41.8675408,12.3766455,Private room in condo,Private room,2,1.0,1 bath,1.0,0.0,"[""Cleaning products"", ""Hair dryer"", ""Dedicated workspace"", ""First aid kit"", ""Kitchen"", ""Heating"", ""Hangers"", ""Books and reading material"", ""Microwave"", ""Hot water"", ""TV"", ""Fire extinguisher"", ""Iron"", ""Other gas stove"", ""Shower gel"", ""Game console: PS3"", ""Bed linens"", ""Single oven"", ""Coffee"", ""Carbon monoxide alarm"", ""Smoking allowed"", ""Bidet"", ""Lockbox"", ""Freezer"", ""Wifi"", ""Conditioner"", ""Refrigerator"", ""Cooking basics"", ""Free parking on premises"", ""Self check-in"", ""Lock on bedroom door"", ""Washer""]",$32.00,2,30,2.0,2.0,1125.0,1125.0,2.0,1125.0,,t,6,36,38,156,15/03/25,17,17,0,156,15,102,3264.0,18/04/24,14/01/25,4.29,4.59,4.53,4.47,4.59,3.65,4.29,IT058091C2B9OQ6HAO,t,2,0,2,0,1.54
23087,1.08408e+18,https://www.airbnb.com/rooms/1084081931660546824,20250300000000.0,10/03/25,city scrape,Suite BonBon con bagno privato,"Suite BonBon is located in Via Tuscolana a few steps from the Giulio Agricola stop (metro A).<br /><br />The center of Rome can be reached in just 15 minutes by metro.<br /><br />A few minutes walk away, you can reach the wonderful Parco degli Acquedotti.<br /><br />Nearby you will find numerous supermarkets, shops, pubs, clubs and restaurants.",,https://a0.muscache.com/pictures/hosting/Hosting-1084081931660546824/original/d1f5702a-674e-40f0-817d-f1b33b151c69.jpeg,541381016,https://www.airbnb.com/users/show/541381016,Serena,11/10/23,"Rome, Italy",,within an hour,100%,91%,f,https://a0.muscache.com/im/pictures/user/User-541381016/original/c2d90fa3-03c9-4b8b-9c6b-a85efce567b0.jpeg?aki_policy=profile_small,https://a0.muscache.com/im/pictures/user/User-541381016/original/c2d90fa3-03c9-4b8b-9c6b-a85efce567b0.jpeg?aki_policy=profile_x_medium,,1.0,1.0,['phone'],t,t,,VII San Giovanni/Cinecittà,,41.85785399,12.56129175,Private room in rental unit,Private room,2,1.0,1 private bath,1.0,1.0,"[""Dedicated workspace"", ""Bidet"", ""Smoke alarm"", ""Hangers"", ""Fire extinguisher"", ""Clothing storage"", ""TV"", ""Wifi"", ""Free street parking"", ""Host greets you"", ""Hot water kettle"", ""Drying rack for clothing"", ""Coffee maker: espresso machine, pour-over coffee"", ""Luggage dropoff allowed"", ""Lock on bedroom door"", ""Hot water"", ""Body soap"", ""Carbon monoxide alarm"", ""Elevator"", ""Air conditioning"", ""Central heating"", ""Bed linens"", ""Shower gel"", ""Conditioner"", ""Housekeeping - available at extra cost"", ""Hair dryer"", ""Shampoo"", ""Essentials"", ""Room-darkening shades""]",$58.00,2,30,2.0,3.0,30.0,30.0,2.1,30.0,,t,0,0,0,0,10/03/25,6,5,3,0,3,30,1740.0,12/02/24,28/02/25,4.67,5.0,5.0,5.0,5.0,4.67,4.67,IT058091C25LK4DEKY,t,1,0,1,0,0.46
23154,1.0853e+18,https://www.airbnb.com/rooms/1085299096059526851,20250300000000.0,15/03/25,city scrape,Sleep In Rome Stanza Doppia nella Periferia Romana,"Address: Via del Pescaccio 45<br /><br />Double room with bathroom and sunny terrace, located in a large suburban apartment of Rome.<br />Quiet and surrounded by greenery, away from the noise of the city but at the same time in a strategic position.<br />Ideal for those traveling by car, easily possible even by car.<br /><br />Attention TO allergic subjects TO cat hair: In the apartment there is an 11-year-old black sweet cat, very quiet and not aggressive.",,https://a0.muscache.com/pictures/miso/Hosting-1085299096059526851/original/f41c47b7-af6a-4027-b683-cf45053b8608.jpeg,407836820,https://www.airbnb.com/users/show/407836820,Laura,18/06/21,"Rome, Italy",IG: comawhite00,within an hour,100%,99%,f,https://a0.muscache.com/im/pictures/user/User-407836820/original/3df7ca34-0a83-45ff-b889-95f4cbf3075e.png?aki_policy=profile_small,https://a0.muscache.com/im/pictures/user/User-407836820/original/3df7ca34-0a83-45ff-b889-95f4cbf3075e.png?aki_policy=profile_x_medium,,2.0,3.0,"['email', 'phone']",t,t,,XII Monte Verde,,41.8675408,12.3766455,Private room in condo,Private room,2,1.0,1 bath,1.0,0.0,"[""Portable air conditioning"", ""Cleaning products"", ""Hair dryer"", ""Shared backyard"", ""Dedicated workspace"", ""First aid kit"", ""Kitchen"", ""Oven"", ""Heating"", ""Game console: Nintendo Switch and PS4"", ""Hangers"", ""Patio or balcony"", ""Books and reading material"", ""Microwave"", ""Hot water"", ""TV"", ""Fire extinguisher"", ""Iron"", ""Other gas stove"", ""Long term stays allowed"", ""Shower gel"", ""Bed linens"", ""Wine glasses"", ""Dishes and silverware"", ""Shampoo"", ""Coffee"", ""Carbon monoxide alarm"", ""Smoking allowed"", ""Body soap"", ""Bidet"", ""Lockbox"", ""Freezer"", ""Wifi"", ""Conditioner"", ""Refrigerator"", ""Cooking basics"", ""Free parking on premises"", ""Self check-in"", ""Luggage dropoff allowed"", ""Lock on bedroom door"", ""Washer""]",$33.00,2,365,2.0,2.0,1125.0,1125.0,2.0,1125.0,,t,12,20,47,132,15/03/25,25,24,1,132,23,144,4752.0,14/03/24,18/02/25,4.72,4.88,4.68,4.6,4.96,4.36,4.68,IT058091C2B9OQ6HAO,t,2,0,2,0,2.04
23182,1.08677e+18,https://www.airbnb.com/rooms/1086773121433235980,20250300000000.0,05/03/25,city scrape,Laura's house,"The house is independent, well connected, it is 15 minutes by bus from St. Peter's Square. The bus stop is just 50 meters away. It is located entirely on the ground floor, it is composed of a living room with a double sofa bed and a foldaway single bed, a very large double bedroom, a bathroom with shower and all services and another bathroom with sink and toilet, a very large which leads to the outdoor garden. Self check-in from 5 p.m., check-out by 10 a.m.<br />CIR 29674",,https://a0.muscache.com/pictures/miso/Hosting-1086773121433235980/original/ce51d494-9cb9-42d7-a5e5-51cca611ff05.jpeg,443662000,https://www.airbnb.com/users/show/443662000,Laura,05/02/22,"Rome, Italy",,within an hour,100%,100%,f,https://a0.muscache.com/im/pictures/user/User-443662000/original/c5eb34c8-0c13-4dfb-9a22-08cc1c6cd407.jpeg?aki_policy=profile_small,https://a0.muscache.com/im/pictures/user/User-443662000/original/c5eb34c8-0c13-4dfb-9a22-08cc1c6cd407.jpeg?aki_policy=profile_x_medium,,2.0,2.0,"['email', 'phone']",t,f,,XII Monte Verde,,41.88411,12.41979,Entire home,Entire home/apt,2,1.5,1.5 baths,1.0,3.0,"[""Bidet"", ""Smoke alarm"", ""Hangers"", ""Refrigerator"", ""Dining table"", ""Self check-in"", ""TV"", ""Private entrance"", ""Wifi"", ""Free street parking"", ""Cleaning products"", ""Hot water"", ""Body soap"", ""Carbon monoxide alarm"", ""Single level home"", ""Dishes and silverware"", ""Central heating"", ""Stainless steel gas stove"", ""Bed linens"", ""Lockbox"", ""Hair dryer"", ""Private patio or balcony"", ""Shampoo"", ""Essentials"", ""Clothing storage: closet"", ""Cooking basics"", ""Kitchen""]",$54.00,1,29,1.0,1.0,29.0,29.0,1.0,29.0,,t,29,59,89,269,05/03/25,18,18,1,269,16,108,5832.0,13/04/24,09/02/25,4.28,4.67,4.28,4.94,5.0,4.44,4.39,IT058091C29GLJMV5S,f,2,2,0,0,1.65
23387,1.08958e+18,https://www.airbnb.com/rooms/1089579133817706105,20250300000000.0,06/03/25,city scrape,Incantevole Attico '50th a Balduina + terrazza,"Come and discover a rare 1950s architectural gem. This spectacular penthouse of fully furnished space, boasts an elegant retro atmosphere with timeless characteristic terraces that offer you a breathtaking view of the city. A true return to the golden years of architecture, with original details preserved with care. You'll find bright, airy environments, 3 large bedrooms, and 3 bathrooms.","Welcome to one of the most sought-after neighborhoods in Rome!<br />This address offers an unparalleled life experience in the heart of the city.<br /><br />Explore a variety of shops, restaurants, and cafes that characterize Balduina's bustling scene, with options for all tastes and needs.<br /><br />From cultural events to world-class restaurants, Balduina offers a rich range of gastronomic and cultural experiences for all palates.<br /><br />Enjoy the natural beauty of the surrounding parks and gardens, ideal for relaxing walks and moments of tranquility.<br /><br />Take advantage of the convenience of public transportation and amenities nearby, ensuring easy access to all the attractions of Rome.<br /><br />Live a unique life experience that combines history, culture, and comfort in the heart of Balduina.<br /><br />Discover this upscale neighborhood!<br />Book a visit today to discover all its wonders and imagine your new life here.",https://a0.muscache.com/pictures/hosting/Hosting-U3RheVN1cHBseUxpc3Rpbmc6MTA4OTU3OTEzMzgxNzcwNjEwNQ%3D%3D/original/1658cf55-4c83-430f-ac2e-35cf0ae0cdad.jpeg,538108692,https://www.airbnb.com/users/show/538108692,Serena,20/09/23,,,a few days or more,0%,92%,t,https://a0.muscache.com/im/pictures/user/User-538108692/original/d656cd07-16e5-4c86-a402-75650ea6e775.jpeg?aki_policy=profile_small,https://a0.muscache.com/im/pictures/user/User-538108692/original/d656cd07-16e5-4c86-a402-75650ea6e775.jpeg?aki_policy=profile_x_medium,,3.0,4.0,"['email', 'phone']",t,t,"Rome, Lazio, Italy",XIV Monte Mario,,41.9207001,12.4406594,Private room in bed and breakfast,Private room,2,1.0,1 private bath,1.0,1.0,"[""Dedicated workspace"", ""Bidet"", ""Iron"", ""Toaster"", ""Smoke alarm"", ""Hangers"", ""Fire extinguisher"", ""Paid parking garage off premises"", ""Coffee"", ""Housekeeping available from 8:00\u202fAM to 12:00\u202fPM, Monday to Friday - available at extra cost"", ""Clothing storage"", ""Dining table"", ""Mini fridge"", ""Self check-in"", ""Portable fans"", ""Microwave"", ""TV"", ""Other gas stove"", ""Radiant heating"", ""Laundromat nearby"", ""Smeg refrigerator"", ""Private entrance"", ""Wifi"", ""Paid pack \u2019n play/travel crib - available upon request"", ""Free street parking"", ""Breakfast"", ""Hot water kettle"", ""Dishwasher"", ""Long term stays allowed"", ""Outdoor playground"", ""Free washer \u2013 In unit"", ""Drying rack for clothing"", ""Theme room"", ""Blender"", ""Lock on bedroom door"", ""Hot water"", ""Carbon monoxide alarm"", ""City skyline view"", ""Single level home"", ""Wine glasses"", ""Sun loungers"", ""Dishes and silverware"", ""Courtyard view"", ""Outdoor furniture"", ""Air conditioning"", ""Elevator"", ""Siemens stainless steel single oven"", ""Window guards"", ""Smart lock"", ""First aid kit"", ""Shared backyard"", ""Bed linens"", ""Shower gel"", ""Indoor fireplace"", ""Hair dryer"", ""Private living room"", ""Heating - split type ductless system"", ""Baking sheet"", ""Coffee maker: Nespresso"", ""Dryer"", ""Essentials"", ""Cooking basics"", ""Freezer"", ""Books and reading material"", ""BBQ grill"", ""Patio or balcony"", ""Exterior security cameras on property"", ""Prodotto generico body soap"", ""Prodotto generico shampoo"", ""Room-darkening shades"", ""Kitchen"", ""Safe""]",$120.00,1,7,1.0,1.0,1125.0,1125.0,1.0,1125.0,,t,30,60,90,365,06/03/25,9,9,0,301,9,54,6480.0,09/04/24,26/10/24,4.78,4.67,4.78,4.78,5.0,4.89,4.56,IT058091C2BYNVKBSU,f,3,0,3,0,0.81
23416,1.09434e+18,https://www.airbnb.com/rooms/1094341163922819521,20250300000000.0,07/03/25,city scrape,Baldo Design Apartment - Rome -  MA - Vatican,"CIN: IT058091C2RP3G6A24<br />A bright apartment furnished with care and informal style in which you can feel at home and taste the real life in the Eternal City in a neighborhood served by public transportation, stores, pharmacy, restaurants...<br /><br />Near the Underground A, the house is located in a strategic area from which you can easily visit the center of the city (Vatican Museums, St. Peter's, Pantheon, Gianicolo ...).<br /><br />The nearby Monte Ciocci bike park will give you a panoramic view of the Vatican.",,https://a0.muscache.com/pictures/miso/Hosting-1094341163922819521/original/4cd22747-a0eb-4c79-b5dd-5aa013b64dbc.jpeg,102699102,https://www.airbnb.com/users/show/102699102,Laura,06/11/16,"Rome, Italy","Ciao!! 
Sono Laura e per me ospitare è una tradizione di famiglia. 
Provengo da una stirpe di ristoratori che ha fatto della cura degli ospiti la sua missione e sono un architetto. Per questo ho cercato di creare nel mio appartamento un ambiente dal design informale ed accogliente in cui ognuno potrà sentirsi come a casa propria!

Sarò felice di condividere con voi consigli e segreti utili per visitare al meglio la Città Eterna.",within an hour,100%,100%,t,https://a0.muscache.com/im/pictures/user/User-102699102/original/8266240f-d46b-4b19-90a0-7efcf6d03bbc.jpeg?aki_policy=profile_small,https://a0.muscache.com/im/pictures/user/User-102699102/original/8266240f-d46b-4b19-90a0-7efcf6d03bbc.jpeg?aki_policy=profile_x_medium,,1.0,1.0,"['email', 'phone']",t,t,,XIII Aurelia,,41.89925033,12.43588424,Entire condo,Entire home/apt,3,1.0,1 bath,1.0,2.0,"[""Dedicated workspace"", ""Bidet"", ""Iron"", ""Fire extinguisher"", ""Hangers"", ""Mosquito net"", ""Refrigerator"", ""Coffee"", ""Clothing storage"", ""Dining table"", ""Washer"", ""Portable fans"", ""Coffee maker: espresso machine"", ""Wifi"", ""Free street parking"", ""Host greets you"", ""Oven"", ""Dishwasher"", ""Stove"", ""Board games"", ""Outdoor playground"", ""Cleaning products"", ""Hot water kettle"", ""Drying rack for clothing"", ""Blender"", ""Hot water"", ""Body soap"", ""Heating"", ""Single level home"", ""Wine glasses"", ""Dishes and silverware"", ""Outdoor furniture"", ""Air conditioning"", ""First aid kit"", ""Bed linens"", ""Shower gel"", ""Conditioner"", ""Hair dryer"", ""Baking sheet"", ""Shampoo"", ""Essentials"", ""Cooking basics"", ""Freezer"", ""Books and reading material"", ""Patio or balcony"", ""Room-darkening shades"", ""Kitchen""]",$75.00,2,29,2.0,2.0,29.0,29.0,2.0,29.0,,t,16,40,70,249,07/03/25,11,11,1,249,9,66,4950.0,03/06/24,25/02/25,4.91,5.0,5.0,4.91,5.0,4.73,5.0,IT058091C2RP3G6A24,f,1,1,0,0,1.19
23447,1.09494e+18,https://www.airbnb.com/rooms/1094943291960276959,20250300000000.0,12/03/25,city scrape,ARC - Big Terrace and Sun over Piazza Navona !,"Wonderful accommodation located in the heart of Piazza Navona, one of the most iconic and vibrant places in the historic center of Rome. It is a penthouse and a super penthouse located on the third floor of a historic building dating back to 1500, without a lift. Highlight are its panoramic windows that give us a breathtaking view of the historic buildings of Rome.",,https://a0.muscache.com/pictures/miso/Hosting-1094943291960276959/original/34f8a3fc-c81d-4eb5-8f71-f2eca93fed5b.jpeg,51503378,https://www.airbnb.com/users/show/51503378,Laura,16/12/15,"Rome, Italy",,within an hour,98%,100%,f,https://a0.muscache.com/im/pictures/user/User-51503378/original/a6ab36aa-c72b-451d-be1d-b95f38fa845e.jpeg?aki_policy=profile_small,https://a0.muscache.com/im/pictures/user/User-51503378/original/a6ab36aa-c72b-451d-be1d-b95f38fa845e.jpeg?aki_policy=profile_x_medium,Monti,10.0,34.0,"['email', 'phone']",t,t,,I Centro Storico,,41.89860739,12.46984599,Entire rental unit,Entire home/apt,5,1.0,1 bath,1.0,3.0,"[""Toaster"", ""Bidet"", ""Iron"", ""Smoke alarm"", ""Hangers"", ""Fire extinguisher"", ""Refrigerator"", ""Paid parking on premises"", ""Dining table"", ""Clothing storage: closet and dresser"", ""Wifi"", ""Coffee maker"", ""Host greets you"", ""Oven"", ""Babysitter recommendations"", ""Hot water kettle"", ""Long term stays allowed"", ""Pets allowed"", ""Hot water"", ""Body soap"", ""Gas stove"", ""Heating"", ""Carbon monoxide alarm"", ""Central air conditioning"", ""City skyline view"", ""Single level home"", ""Wine glasses"", ""Crib"", ""Dishes and silverware"", ""Outdoor furniture"", ""Indoor fireplace: wood-burning"", ""First aid kit"", ""Bed linens"", ""Shower gel"", ""TV with standard cable"", ""Hair dryer"", ""Private patio or balcony"", ""Shampoo"", ""Essentials"", ""Cooking basics"", ""Freezer"", ""Extra pillows and blankets"", ""Room-darkening shades"", ""Kitchen""]",$298.00,31,365,31.0,31.0,365.0,365.0,31.0,365.0,,t,13,25,41,293,12/03/25,66,65,2,223,59,255,75990.0,11/03/24,21/02/25,4.83,4.89,4.92,4.92,4.86,4.98,4.77,,t,10,10,0,0,5.4
23466,1.09509e+18,https://www.airbnb.com/rooms/1095087386893237198,20250300000000.0,07/03/25,city scrape,ARC - Vatican San Peter Church 8 peole,"The apartment really enjoys an extraordinary location in the heart of Borgo Pio, right in front of the entrance to the Vatican and the magnificent St Peter’s Basilica. The proximity to Castel Sant'Angelo and the possibility to cross the picturesque Ponte Sant'Angelo to reach Piazza Navona make it even more attractive for those who want to explore the nerve centers of the historic center of Rome. Located on the third floor of a historic building, without elevator.",,https://a0.muscache.com/pictures/miso/Hosting-1095087386893237198/original/7ac90b56-edf7-48b7-b80b-aae8684e4cb8.jpeg,51503378,https://www.airbnb.com/users/show/51503378,Laura,16/12/15,"Rome, Italy",,within an hour,98%,100%,f,https://a0.muscache.com/im/pictures/user/User-51503378/original/a6ab36aa-c72b-451d-be1d-b95f38fa845e.jpeg?aki_policy=profile_small,https://a0.muscache.com/im/pictures/user/User-51503378/original/a6ab36aa-c72b-451d-be1d-b95f38fa845e.jpeg?aki_policy=profile_x_medium,Monti,10.0,34.0,"['email', 'phone']",t,t,,I Centro Storico,,41.90447,12.45941,Entire rental unit,Entire home/apt,8,1.5,1.5 baths,3.0,5.0,"[""Toaster"", ""Bidet"", ""Iron"", ""Smoke alarm"", ""Hangers"", ""Fire extinguisher"", ""Refrigerator"", ""Paid parking garage off premises"", ""Paid parking on premises"", ""Clothing storage: closet and dresser"", ""Wifi"", ""Coffee maker"", ""Host greets you"", ""Oven"", ""Hot water kettle"", ""Stove"", ""Window AC unit"", ""Long term stays allowed"", ""Drying rack for clothing"", ""Pets allowed"", ""Hot water"", ""Body soap"", ""Heating"", ""Carbon monoxide alarm"", ""Single level home"", ""Wine glasses"", ""Dishes and silverware"", ""Trash compactor"", ""First aid kit"", ""Bed linens"", ""Shower gel"", ""TV with standard cable"", ""Hair dryer"", ""Baking sheet"", ""Shampoo"", ""Essentials"", ""AC - split type ductless system"", ""Cooking basics"", ""Freezer"", ""Bathtub"", ""Kitchen""]",$211.00,1,28,1.0,4.0,28.0,28.0,1.3,28.0,,t,2,10,18,28,07/03/25,63,63,1,28,60,255,53805.0,11/03/24,18/02/25,4.71,4.62,4.86,4.75,4.79,4.95,4.67,it058091b4twjqqv7l,t,10,10,0,0,5.22
23511,1.09825e+18,https://www.airbnb.com/rooms/1098250422705265937,20250300000000.0,10/03/25,city scrape,Ottima appartamento Roma!,"The apartment is centrally located to the attractions offered by both Rome and the entire Lazio region.<br />It is 25 minutes by car from the heart of Rome and about 30 minutes from Bracciano, Tivoli and the sea.<br />You have private parking available and at night you have quiet dreams.<br />It is allowed to bring pets and there is fresh air in abundance despite the proximity to a big city like Rome.",,https://a0.muscache.com/pictures/hosting/Hosting-U3RheVN1cHBseUxpc3Rpbmc6NzUwMDM4NzMxNzk3NDk4NDYy/original/165eeab5-0b97-418b-98ab-e49c97eabf7e.jpeg,406010403,https://www.airbnb.com/users/show/406010403,Mario,08/06/21,"Rome, Italy",vengo a visitare Venezia con mamma,within an hour,100%,97%,f,https://a0.muscache.com/im/pictures/user/a76ef2d4-5ad7-4e73-8306-b6f9d0dcfc4d.jpg?aki_policy=profile_small,https://a0.muscache.com/im/pictures/user/a76ef2d4-5ad7-4e73-8306-b6f9d0dcfc4d.jpg?aki_policy=profile_x_medium,,2.0,2.0,"['email', 'phone']",t,t,,III Monte Sacro,,41.99316,12.51792,Entire rental unit,Entire home/apt,3,1.0,1 bath,1.0,0.0,"[""Bidet"", ""Hangers"", ""Refrigerator"", ""Ethernet connection"", ""Clothing storage"", ""Washer"", ""Self check-in"", ""Microwave"", ""TV"", ""Private entrance"", ""Wifi"", ""Stove"", ""Pets allowed"", ""Hot water"", ""Heating"", ""Single level home"", ""Dishes and silverware"", ""Keypad"", ""Air conditioning"", ""Hot tub"", ""Bed linens"", ""Hair dryer"", ""Essentials"", ""Cooking basics"", ""Freezer"", ""Free parking on premises"", ""Bathtub"", ""Exterior security cameras on property"", ""Kitchen""]",$38.00,1,365,1.0,1.0,365.0,365.0,1.0,365.0,,t,11,20,42,222,10/03/25,7,7,0,222,5,42,1596.0,03/04/24,27/01/25,4.14,4.29,4.43,4.71,4.86,4.14,4.29,IT058091C2VIWBTHPV,f,2,2,0,0,0.61
23536,1.09862e+18,https://www.airbnb.com/rooms/1098621460002647635,20250300000000.0,12/03/25,city scrape,Rome. Few steps to San Giovanni in Laterano,"HappyAppia is a 47m2 apartment on the 5th floor, recently renovated, perfect for a couple with a child up to 12 years old. Comfort and elegance of the furnishings will amaze you. Located a 5-minute walk from the Basilica of San Giovanni in Laterano and therefore from the major attractions of the city, it is about 30 meters from the ""Re di Roma"" Metro A station which connects you to any destination in just a few minutes. A stone's throw away, via Appia nuova, the top of shopping and restaurants.",,https://a0.muscache.com/pictures/hosting/Hosting-U3RheVN1cHBseUxpc3Rpbmc6MTA5ODYyMTQ2MDAwMjY0NzYzNQ%3D%3D/original/b723fb08-6afc-46bf-9a0f-654c7dfc6782.jpeg,14749177,https://www.airbnb.com/users/show/14749177,Laura,26/04/14,"Rome, Italy","...la mia vita è un fiume, scorre lentamente verso nuovi paesaggi. Ora sono host e questo mi appassiona molto. Sono stata nel campo della grafica per molto tempo, ma il fiume non sta mai fermo, altrimenti non è più fiume... e non amo le acque stagnanti",within an hour,100%,100%,t,https://a0.muscache.com/im/pictures/user/User-14749177/original/5812be2e-f66a-4f04-9d17-7363d865a4ea.jpeg?aki_policy=profile_small,https://a0.muscache.com/im/pictures/user/User-14749177/original/5812be2e-f66a-4f04-9d17-7363d865a4ea.jpeg?aki_policy=profile_x_medium,,1.0,1.0,"['email', 'phone']",t,t,,VII San Giovanni/Cinecittà,,41.8834577,12.5135746,Entire rental unit,Entire home/apt,3,1.0,1 bath,1.0,4.0,"[""Dedicated workspace"", ""Bidet"", ""Iron"", ""Toaster"", ""Fire extinguisher"", ""Hangers"", ""Refrigerator"", ""Paid parking on premises"", ""Coffee"", ""Ethernet connection"", ""Dining table"", ""Washer"", ""Self check-in"", ""Portable fans"", ""Microwave"", ""TV"", ""Children\u2019s books and toys for ages 2-5 years old"", ""Other gas stove"", ""Laundromat nearby"", ""Wifi"", ""Children\u2019s dinnerware"", ""Hot water kettle"", ""Window AC unit"", ""Cleaning products"", ""Drying rack for clothing"", ""Hot water"", ""Body soap"", ""Carbon monoxide alarm"", ""Wine glasses"", ""Dishes and silverware"", ""Elevator"", ""Central heating"", ""Window guards"", ""First aid kit"", ""Bed linens"", ""Shower gel"", ""Lockbox"", ""Hair dryer"", ""Coffee maker: Nespresso"", ""Shampoo"", ""Clothing storage: wardrobe and dresser"", ""Essentials"", ""Cooking basics"", ""Freezer"", ""Extra pillows and blankets"", ""Room-darkening shades"", ""Kitchen""]",$97.00,2,28,2.0,2.0,1125.0,1125.0,2.0,1125.0,,t,24,36,65,245,12/03/25,23,22,1,245,21,132,12804.0,08/03/24,05/03/25,4.96,4.96,4.96,5.0,4.96,5.0,4.87,IT058091C2MR47QPR3,f,1,1,0,0,1.86
23543,1.09884e+18,https://www.airbnb.com/rooms/1098838409018250627,20250300000000.0,07/03/25,city scrape,Piazza di Spagna BB - 11 guests,"The apartment is a jewel in the heart of Rome, located a few steps from the Trevi Fountain and other important attractions of the city. Located in a luxurious building in the heart of Via Frattina, one of the most elegant streets of the capital, the apartment offers privileged access to the paradise of shopping and luxury, with Via del Corso, Via Condotti and Piazza di Spagna. The fact that it is located on the third floor with elevator makes the apartment comfortable and easily accessible.",,https://a0.muscache.com/pictures/3cab27db-c0f6-4d52-93dc-eebbffa9e42d.jpg,51503378,https://www.airbnb.com/users/show/51503378,Laura,16/12/15,"Rome, Italy",,within an hour,98%,100%,f,https://a0.muscache.com/im/pictures/user/User-51503378/original/a6ab36aa-c72b-451d-be1d-b95f38fa845e.jpeg?aki_policy=profile_small,https://a0.muscache.com/im/pictures/user/User-51503378/original/a6ab36aa-c72b-451d-be1d-b95f38fa845e.jpeg?aki_policy=profile_x_medium,Monti,10.0,34.0,"['email', 'phone']",t,t,,I Centro Storico,,41.90473317,12.48176945,Entire rental unit,Entire home/apt,11,1.0,1 bath,3.0,6.0,"[""Dedicated workspace"", ""Bidet"", ""Iron"", ""Toaster"", ""Smoke alarm"", ""Hangers"", ""Fire extinguisher"", ""Refrigerator"", ""Paid parking garage off premises"", ""High chair"", ""Paid parking on premises"", ""Dining table"", ""Washer"", ""Clothing storage: closet and dresser"", ""Portable fans"", ""Sydex body soap"", ""TV"", ""Private entrance"", ""Wifi"", ""Coffee maker"", ""Host greets you"", ""Oven"", ""Babysitter recommendations"", ""Hot water kettle"", ""Window AC unit"", ""Long term stays allowed"", ""Cleaning products"", ""Drying rack for clothing"", ""Pocket wifi"", ""Pets allowed"", ""Hot water"", ""Gas stove"", ""Heating"", ""Carbon monoxide alarm"", ""Single level home"", ""Wine glasses"", ""Crib"", ""Dishes and silverware"", ""Elevator"", ""First aid kit"", ""Bed linens"", ""Shower gel"", ""Hair dryer"", ""Baking sheet"", ""Private patio or balcony"", ""Shampoo"", ""Essentials"", ""Cooking basics"", ""Freezer"", ""Extra pillows and blankets"", ""Kitchen""]",$268.00,1,365,1.0,4.0,365.0,365.0,1.3,365.0,,t,2,4,7,205,07/03/25,36,36,0,143,33,216,57888.0,10/05/24,17/01/25,4.58,4.67,4.5,4.81,4.69,4.83,4.56,IT058091B4E9RT48B6,t,10,10,0,0,3.58
23553,1.09924e+18,https://www.airbnb.com/rooms/1099241490449992004,20250300000000.0,06/03/25,city scrape,Come casa tua - molto vicina alla  Metro C,"Spacious apartment  <br />Great location to reach the center of Rome:  <br /><br />Very close on foot to  Metro C (Malatesta): ideal for visiting the Basilica of San Giovanni and the Colosseum.<br /><br />Connected to Termini station by Metro.<br /><br />10 min by tram from Termini station (Metro A/B)<br /><br />10 min bus from Tiburtina station (Metro B) <br /><br />Large bedroom, kitchen, living room and bathroom.<br />Bright apartment.<br /><br />Excellent restaurants in the area. <br /><br />10 minutes walk to the pedestrian island of Pigneto.",,https://a0.muscache.com/pictures/miso/Hosting-1099241490449992004/original/612ddb4b-e42d-4869-aa33-9710ff2b058b.jpeg,8177943,https://www.airbnb.com/users/show/8177943,Mario,15/08/13,"Rome, Italy","Ciao mi chiamo Mario. Adoro viaggiare e conoscere persone diverse, le loro storie e i loro punti di vista.",within an hour,100%,100%,t,https://a0.muscache.com/im/pictures/user/8e2dc031-82cd-4e66-8ae6-0eadfe1c7eff.jpg?aki_policy=profile_small,https://a0.muscache.com/im/pictures/user/8e2dc031-82cd-4e66-8ae6-0eadfe1c7eff.jpg?aki_policy=profile_x_medium,,2.0,2.0,"['email', 'phone']",t,t,,V Prenestino/Centocelle,,41.88392341,12.54149275,Entire rental unit,Entire home/apt,2,1.0,1 bath,1.0,1.0,"[""Dedicated workspace"", ""Bidet"", ""Hangers"", ""Refrigerator"", ""Ethernet connection"", ""Dining table"", ""Washer"", ""Portable fans"", ""TV"", ""Paid parking garage on premises"", ""Coffee maker: espresso machine"", ""Wifi"", ""Free street parking"", ""Host greets you"", ""Stove"", ""Cleaning products"", ""Drying rack for clothing"", ""Hot water"", ""Body soap"", ""Carbon monoxide alarm"", ""Wine glasses"", ""Dishes and silverware"", ""Elevator"", ""Central heating"", ""First aid kit"", ""Bed linens"", ""Shower gel"", ""Hair dryer"", ""Baking sheet"", ""Shampoo"", ""Essentials"", ""Clothing storage: closet"", ""Freezer"", ""Patio or balcony"", ""Stainless steel single oven"", ""Room-darkening shades"", ""Kitchen""]",$68.00,2,30,2.0,2.0,30.0,30.0,2.0,30.0,,t,25,30,46,136,06/03/25,41,41,0,136,41,246,16728.0,25/03/24,11/11/24,4.98,4.93,4.95,4.9,5.0,4.51,4.83,IT058091C2WWQ9EN5M,t,2,2,0,0,3.54
23933,1.10926e+18,https://www.airbnb.com/rooms/1109256288482320641,20250300000000.0,15/03/25,city scrape,appartamento: casa paradiso,"Casa Paradiso is a super-attic apartment with breathtaking views of the sea. The accommodation can be reached by elevator (4thfloor) plus a floor of stairs on foot. Crossing the street you reach the beach with the beach establishments and the beautiful promenade. In ten minutes you reach the pine forest of Castelfusano, part of the Natural Reserve of the Roman coast. The Stella Polare stop of the Roma-Lido railway line can be reached in 5 minutes on foot and in 30 minutes leads to the center of Rome.","Crossing the street you reach the beach with the beach establishments and the beautiful promenade where you can stroll in search of restaurants, bars, and shops. In 10 minutes on foot you can reach the center of Ostia with the beautiful pedestrian island full of clubs. In ten minutes you can reach the pine forest of Castelfusano, part of the Natural Reserve of the Roman coast, for a full immersion in the nature and scents of the Mediterranean scrub.",https://a0.muscache.com/pictures/0ec81d89-9383-472d-adf2-17a99b007e95.jpg,36364709,https://www.airbnb.com/users/show/36364709,Laura,21/06/15,"Rome, Italy",,,,100%,f,https://a0.muscache.com/im/pictures/user/899c9bb1-57f3-4a49-808e-afbb0100048b.jpg?aki_policy=profile_small,https://a0.muscache.com/im/pictures/user/899c9bb1-57f3-4a49-808e-afbb0100048b.jpg?aki_policy=profile_x_medium,,1.0,1.0,"['email', 'phone']",t,f,"Lido di Ostia, Lazio, Italy",X Ostia/Acilia,,41.72287,12.297584,Entire condo,Entire home/apt,3,1.0,1 bath,2.0,3.0,"[""Extra pillows and blankets"", ""Shared beach access \u2013 Beachfront"", ""Pool view"", ""Cleaning products"", ""Air conditioning"", ""Hair dryer"", ""Coffee maker: espresso machine"", ""Outdoor furniture"", ""Outdoor dining area"", ""Sea view"", ""Dedicated workspace"", ""Baking sheet"", ""Kitchen"", ""Private patio or balcony"", ""Hot water kettle"", ""Room-darkening shades"", ""Hangers"", ""Waterfront"", ""Dining table"", ""Hot water"", ""TV"", ""City skyline view"", ""Long term stays allowed"", ""Drying rack for clothing"", ""Host greets you"", ""Essentials"", ""Bed linens"", ""Clothing storage: closet and dresser"", ""Elevator"", ""Heating - split type ductless system"", ""Dishes and silverware"", ""Carbon monoxide alarm"", ""Freezer"", ""Wifi"", ""Gas stove"", ""Refrigerator"", ""Cooking basics"", ""Free street parking"", ""Beach view"", ""Stainless steel oven"", ""Washer""]",$135.00,2,365,2.0,2.0,365.0,365.0,2.0,365.0,,t,21,36,44,226,15/03/25,2,2,0,195,2,12,1620.0,13/05/24,11/08/24,4.5,4.5,4.5,5.0,4.5,4.5,4.0,IT058091C2HQ3S8HMT,f,1,1,0,0,0.2
23993,1.11004e+18,https://www.airbnb.com/rooms/1110044147964702919,20250300000000.0,07/03/25,city scrape,Gregory 7House Vaticano,"Gregory 7House located in Via Gregorio VII 108, just 5 minutes walk from the Vatican.<br /> A spacious living room with a comfortable sofa bed, a bedroom with a cozy double bed, and a fully equipped kitchen. We host up to 4 people, ideal for families, groups of friends or couples looking for a cozy retreat. <br />We are happy to offer you a thoughtful environment in every detail, providing all the necessary comforts for a pleasant and unforgettable stay in the Eternal City.",,https://a0.muscache.com/pictures/miso/Hosting-1110044147964702919/original/4d3bc604-01c1-4169-9175-e8af2a533fa0.jpeg,87217169,https://www.airbnb.com/users/show/87217169,Laura,01/08/16,"Rome, Italy",,within a day,100%,73%,f,https://a0.muscache.com/im/pictures/user/User-87217169/original/88baf155-5ff8-4a12-9cd4-76b3a834338a.jpeg?aki_policy=profile_small,https://a0.muscache.com/im/pictures/user/User-87217169/original/88baf155-5ff8-4a12-9cd4-76b3a834338a.jpeg?aki_policy=profile_x_medium,,2.0,3.0,"['email', 'phone']",t,t,,XIII Aurelia,,41.89501023,12.44670328,Entire rental unit,Entire home/apt,4,1.0,1 bath,1.0,2.0,"[""TV"", ""Carbon monoxide alarm"", ""Smoke alarm"", ""Fire extinguisher"", ""Wifi"", ""Host greets you"", ""Air conditioning"", ""Washer"", ""Kitchen"", ""First aid kit""]",$183.00,31,365,31.0,31.0,365.0,365.0,31.0,365.0,,t,29,59,89,299,07/03/25,0,0,0,299,0,0,0.0,,,,,,,,,,,f,2,1,1,0,
24069,1.11375e+18,https://www.airbnb.com/rooms/1113752144932524202,20250300000000.0,08/03/25,city scrape,Maison Monti,"Elegant apartment in the historic center of the city, in the famous Rione Monti, one of the most characteristic of the Capital, a stone's throw from Termini Station and the B metro line, a few minutes walk from the most important Roman monuments (Colosseum, Fori Imperiali, Piazza Venezia, Quirinale)",,https://a0.muscache.com/pictures/miso/Hosting-1113752144932524202/original/3c4419f8-d36e-46d7-8018-8f824cce14c1.jpeg,567368074,https://www.airbnb.com/users/show/567368074,Laura,16/03/24,"Rome, Italy",,within an hour,100%,100%,t,https://a0.muscache.com/im/pictures/user/User/original/0029ffa9-1227-46a7-b5bc-13e570190411.jpeg?aki_policy=profile_small,https://a0.muscache.com/im/pictures/user/User/original/0029ffa9-1227-46a7-b5bc-13e570190411.jpeg?aki_policy=profile_x_medium,,2.0,2.0,"['email', 'phone']",t,t,,I Centro Storico,,41.89683668,12.49316038,Entire rental unit,Entire home/apt,2,1.5,1.5 baths,1.0,2.0,"[""Bidet"", ""Hangers"", ""Refrigerator"", ""Coffee"", ""Portable fans"", ""Clothing storage: closet and dresser"", ""Microwave"", ""TV"", ""Laundromat nearby"", ""Private entrance"", ""Wifi"", ""Other induction stove"", ""Hot water kettle"", ""Cleaning products"", ""Free washer \u2013 In unit"", ""Drying rack for clothing"", ""Hot water"", ""Heating"", ""Carbon monoxide alarm"", ""Central air conditioning"", ""Wine glasses"", ""First aid kit"", ""Bed linens"", ""Ceiling fan"", ""Shampoo"", ""Essentials"", ""Cooking basics"", ""Freezer"", ""Extra pillows and blankets"", ""Coffee maker: espresso machine, Nespresso"", ""Room-darkening shades"", ""Kitchen""]",$189.00,2,6,2.0,2.0,6.0,6.0,2.0,6.0,,t,18,32,36,203,08/03/25,14,14,0,203,14,84,15876.0,28/04/24,31/12/24,5.0,5.0,5.0,5.0,5.0,5.0,4.93,IT058091C2BJSVBVOR,f,1,1,0,0,1.33
24191,1.11592e+18,https://www.airbnb.com/rooms/1115916179207056813,20250300000000.0,09/03/25,previous scrape,"Domes St. Peter Vatican ""Centre Exclusive View""","Apartment overlooking Dome S. Pietro (700 meters), on the slopes of the ancient Aurelian walls, 250 meters from San Pietro Station and 20 meters from the bus stop 64 and 62 (which cross the city center). Close to the Gianicolo hill, where you can appreciate the most beautiful view of the city,  the Fontanone dell 'Acqua Paola, the Botanical Garden and Villa Pamphili. Great to taste the history and art of Rome, thanks to its strategic location.<br />On the spot supermarket, restaurants and bike tours & rental.",,https://a0.muscache.com/pictures/hosting/Hosting-U3RheVN1cHBseUxpc3Rpbmc6MTExNTkxNjE3OTIwNzA1NjgxMw%3D%3D/original/b6d69511-ea0e-4d4f-8305-30cb977a465e.jpeg,567893564,https://www.airbnb.com/users/show/567893564,Mario,19/03/24,,,,,100%,f,https://a0.muscache.com/defaults/user_pic-50x50.png?v=3,https://a0.muscache.com/defaults/user_pic-225x225.png?v=3,,1.0,1.0,"['email', 'phone']",f,t,,XIII Aurelia,,41.8948773,12.457641,Entire rental unit,Entire home/apt,5,,1 bath,2.0,,"[""Dedicated workspace"", ""Bidet"", ""Other stainless steel gas stove"", ""Hangers"", ""Portable heater"", ""Refrigerator"", ""Paid parking garage off premises"", ""Bikes"", ""Coffee"", ""Ethernet connection"", ""Dining table"", ""Single oven"", ""Private entrance"", ""Wifi"", ""Free street parking"", ""Host greets you"", ""Hot water kettle"", ""Dishwasher"", ""Outdoor playground"", ""Cleaning products"", ""Free washer \u2013 In unit"", ""Drying rack for clothing"", ""Luggage dropoff allowed"", ""Hot water"", ""Body soap"", ""Single level home"", ""Wine glasses"", ""Dishes and silverware"", ""Elevator"", ""Trash compactor"", ""Clothing storage: wardrobe"", ""Bed linens"", ""Shower gel"", ""Private hot tub - available all year, open 24 hours"", ""Conditioner"", ""TV with standard cable"", ""Hair dryer"", ""Heating - split type ductless system"", ""Baking sheet"", ""Private patio or balcony"", ""Shampoo"", ""Essentials"", ""AC - split type ductless system"", ""Cooking basics"", ""Books and reading material"", ""Extra pillows and blankets"", ""Coffee maker: pour-over coffee"", ""Room-darkening shades"", ""Kitchen"", ""Safe""]",,1,30,1.0,1.0,1125.0,1125.0,1.0,1125.0,,t,0,0,0,0,09/03/25,3,3,0,0,3,18,,11/04/24,12/10/24,5.0,5.0,5.0,5.0,5.0,5.0,5.0,IT058091C28V9YFI5Y,t,1,1,0,0,0.27
24554,1.12537e+18,https://www.airbnb.com/rooms/1125370500692410595,20250300000000.0,05/03/25,city scrape,villetta di lusso,"Villa equipped with kitchen double bed on mezzanine sofa 2 TV washing machine induction stove, bathroom with shower . All in open space Independent entrance suitable for up to two people","Well-served neighborhood there are supermarkets, pizzerias, restaurants, pharmacies",https://a0.muscache.com/pictures/miso/Hosting-1125370500692410595/original/455e919c-e9a2-44c2-aede-d6c221d027f3.jpeg,454552438,https://www.airbnb.com/users/show/454552438,Serena,16/04/22,,,,,,f,https://a0.muscache.com/im/pictures/user/25f6a6a1-5c65-4feb-bfe9-fa70ba499eba.jpg?aki_policy=profile_small,https://a0.muscache.com/im/pictures/user/25f6a6a1-5c65-4feb-bfe9-fa70ba499eba.jpg?aki_policy=profile_x_medium,,1.0,1.0,"['email', 'phone']",t,t,"Rome, Lazio, Italy",XI Arvalia/Portuense,,41.859057,12.4558479,Entire rental unit,Entire home/apt,2,1.0,1 bath,1.0,2.0,"[""TV"", ""Dedicated workspace"", ""Iron"", ""Air conditioning"", ""Garden view"", ""Exterior security cameras on property"", ""Washer"", ""Kitchen"", ""Smoking allowed""]",$124.00,31,365,31.0,31.0,365.0,365.0,31.0,365.0,,t,28,58,88,88,05/03/25,0,0,0,88,0,0,0.0,,,,,,,,,,,f,1,1,0,0,
25015,1.13673e+18,https://www.airbnb.com/rooms/1136734957657624203,20250300000000.0,06/03/25,city scrape,Vatican flat family suite,"With this cute place on a private courtyard and on the private street, you'll be close to everything! Just renovated with fine materials, a stone's throw from Metro Cornelia and Baldo degli Ubaldi and close to the Vatican, restaurants, bars and supermarkets, pharmacies, shuttle buses. Available: fast wi-fi (for smartworkers!), state-of-the-art air conditioners, Smart TV, fully equipped kitchen with induction hob, washing machine, dishwasher, oven, microwave, coffee maker and kettle.","Lively neighborhood, with all the services. Crucial to reach all the main monuments and places of interest in a few minutes. In addition to the proximity of the Metro, there are various buses that connect to nearby Idi hospitals <br />Istituto Dermopatico dell 'Immacolata, San Carlo di Nancy, Bambin Jesús, Gemelli. The area is full of traditional restaurants and for those with food intolerances, pharmacies, supermarkets and shops of various kinds (bars, bakeries, regional market, wine bars, post office, laundromats, cinemas, gyms, jogging parks, churches, banks). Hotel Ergife (conferences and competitions) 1.5 km away. Aura Shopping Center 800meters.",https://a0.muscache.com/pictures/miso/Hosting-1136734957657624203/original/180d5695-215b-484c-960b-d0e777bd78a7.jpeg,563364160,https://www.airbnb.com/users/show/563364160,Laura,22/02/24,"Rome, Italy",,within an hour,100%,99%,t,https://a0.muscache.com/im/pictures/user/User-563364160/original/61a1237c-cb7e-4b7c-96b1-370404580f93.jpeg?aki_policy=profile_small,https://a0.muscache.com/im/pictures/user/User-563364160/original/61a1237c-cb7e-4b7c-96b1-370404580f93.jpeg?aki_policy=profile_x_medium,,1.0,2.0,"['email', 'phone']",t,t,"Rome, Lazio, Italy",XIII Aurelia,,41.89883927,12.42924877,Entire rental unit,Entire home/apt,4,1.0,1 bath,1.0,0.0,"[""Dedicated workspace"", ""Bidet"", ""Iron"", ""Smoke alarm"", ""Hangers"", ""Fire extinguisher"", ""Refrigerator"", ""Paid parking on premises"", ""Coffee"", ""Clothing storage"", ""Dining table"", ""Washer"", ""Self check-in"", ""Microwave"", ""TV"", ""Children\u2019s books and toys"", ""Laundromat nearby"", ""Wifi"", ""Oven"", ""Dishwasher"", ""Hot water kettle"", ""Drying rack for clothing"", ""Luggage dropoff allowed"", ""Hot water"", ""Pack \u2019n play/Travel crib - available upon request"", ""Carbon monoxide alarm"", ""Single level home"", ""Wine glasses"", ""Dishes and silverware"", ""Keypad"", ""Air conditioning"", ""Central heating"", ""Shared backyard"", ""Bed linens"", ""Shower gel"", ""Conditioner"", ""Hair dryer"", ""Baking sheet"", ""Coffee maker: Nespresso"", ""Shampoo"", ""Essentials"", ""Freezer"", ""Standalone high chair - available upon request"", ""Room-darkening shades"", ""Kitchen""]",$72.00,2,28,2.0,2.0,28.0,28.0,2.0,28.0,,t,2,11,23,104,06/03/25,60,60,5,104,50,255,18360.0,28/04/24,05/03/25,5.0,4.98,5.0,5.0,5.0,4.9,5.0,IT058091C2G2UCR45I,t,1,1,0,0,5.75
25141,1.1405e+18,https://www.airbnb.com/rooms/1140502891421209870,20250300000000.0,07/03/25,city scrape,appartamento a san pietro,"Enjoy a stylish vacation in this downtown space. Casa San Pietro is located in the Prati district of Rome, 700 m from St. Peter's Square, 600 m from the Vatican and 1.6 km from the Vatican Museums.  Free Wi-Fi is available throughout the property . The apartment consists of 1 bedroom, a fully equipped kitchen, 1 bathroom, and a living room with a double sofa bed and a single bed. A flat-screen TV is provided in the living room and bedroom.",,https://a0.muscache.com/pictures/miso/Hosting-1140502891421209870/original/809aeb8c-2714-4f79-9ad3-c6687ba84941.jpeg,543866725,https://www.airbnb.com/users/show/543866725,Serena,28/10/23,,,within an hour,100%,100%,f,https://a0.muscache.com/defaults/user_pic-50x50.png?v=3,https://a0.muscache.com/defaults/user_pic-225x225.png?v=3,,3.0,3.0,"['email', 'phone']",f,t,,XIII Aurelia,,41.8976301,12.4513745,Entire rental unit,Entire home/apt,5,1.0,1 bath,1.0,3.0,"[""Bidet"", ""Iron"", ""Smoke alarm"", ""Hangers"", ""Fire extinguisher"", ""Refrigerator"", ""Dining table"", ""Washer"", ""Single oven"", ""Self check-in"", ""TV"", ""Other gas stove"", ""Wifi"", ""Hot water kettle"", ""Drying rack for clothing"", ""Hot water"", ""Carbon monoxide alarm"", ""Dishes and silverware"", ""Air conditioning"", ""Central heating"", ""First aid kit"", ""Bed linens"", ""Lockbox"", ""Hair dryer"", ""Baking sheet"", ""Cooking basics"", ""Clothing storage: closet"", ""Freezer"", ""Extra pillows and blankets"", ""Room-darkening shades"", ""Kitchen""]",$117.00,2,365,2.0,2.0,365.0,365.0,2.0,365.0,,t,19,35,43,314,07/03/25,13,13,0,249,12,78,9126.0,21/05/24,03/01/25,4.69,4.46,4.69,4.46,4.54,4.62,4.54,It058091c2wgqghr0h,t,3,3,0,0,1.34
25143,1.14052e+18,https://www.airbnb.com/rooms/1140517105312222520,20250300000000.0,07/03/25,city scrape,Domus Hortensia al Vaticano,"Relax in this peaceful place with all the comforts in a very central position consisting of living room with a sofa bed. 140 cm, 2 bedrooms with double beds, 1 bedroom with single bed for a total of 6 beds, 2 full bathrooms,large fully equipped kitchen. The apartment has an elevator and has air conditioning, washing machine and dishwasher and is full of light and sun.",,https://a0.muscache.com/pictures/hosting/Hosting-U3RheVN1cHBseUxpc3Rpbmc6MTE0MDUxNzEwNTMxMjIyMjUyMA%3D%3D/original/886b4675-42ff-4d0a-8a86-cf491fafa545.jpeg,45357036,https://www.airbnb.com/users/show/45357036,Mario,29/09/15,"Naples, Italy",,within an hour,100%,100%,t,https://a0.muscache.com/im/pictures/user/User/original/0a2b921e-8d07-47b7-9d89-e408f98484ff.jpeg?aki_policy=profile_small,https://a0.muscache.com/im/pictures/user/User/original/0a2b921e-8d07-47b7-9d89-e408f98484ff.jpeg?aki_policy=profile_x_medium,,1.0,1.0,"['email', 'phone']",t,t,,I Centro Storico,,41.90592372,12.46066365,Entire rental unit,Entire home/apt,6,2.0,2 baths,2.0,1.0,"[""Bidet"", ""Iron"", ""Fire extinguisher"", ""Hangers"", ""Refrigerator"", ""Coffee"", ""Dining table"", ""Crib - available upon request"", ""Washer"", ""Mini fridge"", ""Single oven"", ""TV"", ""Other gas stove"", ""Wifi"", ""Host greets you"", ""Dishwasher"", ""Drying rack for clothing"", ""Hot water"", ""Body soap"", ""Carbon monoxide alarm"", ""Single level home"", ""Wine glasses"", ""Dishes and silverware"", ""Elevator"", ""Air conditioning"", ""Central heating"", ""First aid kit"", ""Bed linens"", ""Hair dryer"", ""Shampoo"", ""Cooking basics"", ""Freezer"", ""Extra pillows and blankets"", ""High chair - available upon request"", ""Paid street parking off premises"", ""Kitchen""]",$181.00,3,1125,3.0,3.0,1125.0,1125.0,3.0,1125.0,,t,25,33,51,209,07/03/25,18,18,0,209,16,108,19548.0,28/04/24,07/01/25,5.0,4.94,4.89,5.0,4.94,4.94,4.89,IT058091C228HMBHCT,t,1,1,0,0,1.72
25152,1.14055e+18,https://www.airbnb.com/rooms/1140554281180516376,20250300000000.0,07/03/25,city scrape,casa accogliente  in trastevere,"Enjoy a stylish vacation in this downtown space. Located in Rome's Trastevere district, 300 meters from Via della Scala near Campo de 'Fiori, 1.5 km from Castel Sant 'Angelo 800 meters from Piazza di Santa Maria in Trastevere.<br />This little house offers free wifi, a double bed and a single bed, a fully equipped kitchenette with  dishwasher, flat-screen TV and a bathroom. Linens and towels are included.",,https://a0.muscache.com/pictures/miso/Hosting-1140554281180516376/original/5ce41723-d3d2-4518-9842-7c20184906bd.jpeg,543866725,https://www.airbnb.com/users/show/543866725,Serena,28/10/23,,,within an hour,100%,100%,f,https://a0.muscache.com/defaults/user_pic-50x50.png?v=3,https://a0.muscache.com/defaults/user_pic-225x225.png?v=3,,3.0,3.0,"['email', 'phone']",f,t,,I Centro Storico,,41.88928582,12.46683986,Entire home,Entire home/apt,3,1.0,1 bath,1.0,2.0,"[""Bidet"", ""Iron"", ""Fire extinguisher"", ""Hangers"", ""Refrigerator"", ""Dining table"", ""Washer"", ""Single oven"", ""Self check-in"", ""TV"", ""Other gas stove"", ""Private entrance"", ""Wifi"", ""Hot water kettle"", ""Dishwasher"", ""Drying rack for clothing"", ""Carbon monoxide alarm"", ""Single level home"", ""Dishes and silverware"", ""Air conditioning"", ""Central heating"", ""First aid kit"", ""Bed linens"", ""Lockbox"", ""Hair dryer"", ""Baking sheet"", ""Clothing storage: wardrobe and dresser"", ""Cooking basics"", ""Freezer"", ""Extra pillows and blankets"", ""Room-darkening shades"", ""Kitchen""]",$99.00,2,365,2.0,2.0,365.0,365.0,2.0,365.0,,t,24,36,43,313,07/03/25,10,10,0,248,10,60,5940.0,30/05/24,30/12/24,4.0,4.5,4.1,4.5,4.8,4.8,3.9,It058091c2llngyg5f,t,3,3,0,0,1.06
25177,1.13915e+18,https://www.airbnb.com/rooms/1139154587516656199,20250300000000.0,05/03/25,city scrape,Boutique D'amici Ostia,,,https://a0.muscache.com/pictures/hosting/Hosting-1139154587516656199/original/31952d92-819e-4c56-abdb-c4eb6f1a2aa1.jpeg,561536324,https://www.airbnb.com/users/show/561536324,Mario,11/02/24,"Rome, Italy",,within a few hours,80%,100%,t,https://a0.muscache.com/im/pictures/user/5cd2c9ce-3b82-438a-a0ee-96b20cbde3f8.jpg?aki_policy=profile_small,https://a0.muscache.com/im/pictures/user/5cd2c9ce-3b82-438a-a0ee-96b20cbde3f8.jpg?aki_policy=profile_x_medium,,1.0,1.0,"['email', 'phone']",t,t,,X Ostia/Acilia,,41.73578919,12.25839626,Entire condo,Entire home/apt,4,2.0,2 baths,2.0,3.0,"[""Dedicated workspace"", ""Bidet"", ""Iron"", ""Toaster"", ""Smoke alarm"", ""Hangers"", ""Fire extinguisher"", ""Refrigerator"", ""Coffee"", ""Ethernet connection"", ""Clothing storage"", ""Dining table"", ""Barbecue utensils"", ""Washer"", ""Self check-in"", ""Microwave"", ""TV"", ""Wifi"", ""Coffee maker"", ""Free street parking"", ""Oven"", ""Dishwasher"", ""Stove"", ""Hot water kettle"", ""Long term stays allowed"", ""Cleaning products"", ""Drying rack for clothing"", ""Blender"", ""Luggage dropoff allowed"", ""Hot water"", ""Body soap"", ""Heating"", ""Carbon monoxide alarm"", ""Wine glasses"", ""Crib"", ""Dishes and silverware"", ""Elevator"", ""Outdoor furniture"", ""Air conditioning"", ""Smart lock"", ""First aid kit"", ""Bed linens"", ""Shower gel"", ""Hair dryer"", ""Baking sheet"", ""Dryer"", ""Shampoo"", ""Cooking basics"", ""Freezer"", ""Waterfront"", ""Free parking on premises"", ""Outdoor dining area"", ""Patio or balcony"", ""Beach access \u2013 Beachfront"", ""Kitchen""]",$174.00,1,1125,1.0,1.0,1125.0,1125.0,1.0,1125.0,,t,28,48,78,211,05/03/25,10,10,0,211,10,60,10440.0,11/05/24,06/11/24,5.0,5.0,5.0,4.2,5.0,4.9,4.8,IT058091C29K5J9PRH,f,1,1,0,0,1.0
25365,1.14332e+18,https://www.airbnb.com/rooms/1143318250817415890,20250300000000.0,06/03/25,city scrape,Ninfea Home.  il tuo soggiorno nella città eterná,"APARTMENT for TOURIST USE ROME NEAR METRO C<br /><br />A newly renovated apartment of about 70 square meters with fine finishes, the accommodation is complete with: <br />- kitchen with welcome kit;<br />- bedroom with an over-sized bed;<br />- living room with sofa bed;<br />- bathroom with Hi-fi system<br />- Wi-Fi;<br />- Bed linen and bath linen;<br />- Air conditioning;<br />- Heater;<br />Metro C station Mirti below the house (which connects directly to S. Giovanni) and you can take the metro line A",,https://a0.muscache.com/pictures/hosting/Hosting-1143318250817415890/original/e5e30f4e-0b2c-4445-9cbe-f26fdc660064.jpeg,267910871,https://www.airbnb.com/users/show/267910871,Serena,11/06/19,"Rome, Italy",,,,100%,f,https://a0.muscache.com/im/pictures/user/User-267910871/original/e59af295-07bd-4a3e-ae75-0aa73b3e5428.jpeg?aki_policy=profile_small,https://a0.muscache.com/im/pictures/user/User-267910871/original/e59af295-07bd-4a3e-ae75-0aa73b3e5428.jpeg?aki_policy=profile_x_medium,,1.0,1.0,"['email', 'phone']",t,t,,V Prenestino/Centocelle,,41.88171,12.5684,Entire vacation home,Entire home/apt,5,1.0,1 bath,1.0,1.0,"[""Dedicated workspace"", ""Bidet"", ""Iron"", ""Smoke alarm"", ""Hangers"", ""Fire extinguisher"", ""Refrigerator"", ""Paid parking garage off premises"", ""Coffee"", ""Ethernet connection"", ""Clothing storage"", ""Dining table"", ""Washer"", ""Self check-in"", ""TV"", ""Radiant heating"", ""Laundromat nearby"", ""Wifi"", ""Free street parking"", ""Oven"", ""Dishwasher"", ""Stove"", ""Hot water kettle"", ""Long term stays allowed"", ""Cleaning products"", ""Drying rack for clothing"", ""Sound system with Bluetooth and aux"", ""Hot water"", ""Body soap"", ""Carbon monoxide alarm"", ""Single level home"", ""Wine glasses"", ""Dishes and silverware"", ""Elevator"", ""Air conditioning"", ""Trash compactor"", ""First aid kit"", ""Bed linens"", ""Shower gel"", ""Conditioner"", ""Lockbox"", ""Hair dryer"", ""Heating - split type ductless system"", ""Baking sheet"", ""Coffee maker: Nespresso"", ""Shampoo"", ""Essentials"", ""Cooking basics"", ""Freezer"", ""Kitchen""]",$120.00,2,7,1.0,1.0,1125.0,1125.0,1.0,1125.0,,t,24,45,45,45,06/03/25,7,7,0,45,7,42,5040.0,12/05/24,19/09/24,5.0,5.0,5.0,5.0,5.0,5.0,5.0,IT058091C21X3VTAU2,t,1,1,0,0,0.7
25446,1.15002e+18,https://www.airbnb.com/rooms/1150018478964293670,20250300000000.0,15/03/25,previous scrape,The historic house! l'ideale per famiglie e gruppi,"Apartment located on the first floor in this historic villa from 1900 ; its central location in the Monteverde area is well connected to public transport that will take you in 20 minutes to the monumental places of the city;  nearby there are restaurants and markets;  the comfort of the services, the tranquility and spaciousness of the rooms will make your vacation in my structure unique.",,https://a0.muscache.com/pictures/miso/Hosting-1150018478964293670/original/d64642ce-2c97-432e-a322-2959929471bf.jpeg,575936054,https://www.airbnb.com/users/show/575936054,Mario,05/05/24,,,,,75%,f,https://a0.muscache.com/im/pictures/user/User-575936054/original/e749ab38-f79d-4acf-8175-afbb094ee06b.jpeg?aki_policy=profile_small,https://a0.muscache.com/im/pictures/user/User-575936054/original/e749ab38-f79d-4acf-8175-afbb094ee06b.jpeg?aki_policy=profile_x_medium,,1.0,1.0,"['email', 'phone']",t,t,,XII Monte Verde,,41.8702633,12.43896347,Entire condo,Entire home/apt,6,,2 baths,2.0,,"[""Extra pillows and blankets"", ""Outdoor dining area"", ""Air conditioning"", ""Hair dryer"", ""Outdoor furniture"", ""Central heating"", ""Dedicated workspace"", ""Coffee maker"", ""Hot water kettle"", ""Clothing storage"", ""Room-darkening shades"", ""Hangers"", ""Microwave"", ""Hot water"", ""TV"", ""Iron"", ""Mini fridge"", ""Bed linens"", ""Toaster"", ""Heating - split type ductless system"", ""Wine glasses"", ""Coffee"", ""Bidet"", ""Lockbox"", ""Single level home"", ""Wifi"", ""Cooking basics"", ""Free street parking"", ""Self check-in"", ""Kitchenette""]",,31,90,31.0,31.0,90.0,90.0,31.0,90.0,,t,0,0,0,0,15/03/25,2,2,0,0,2,124,,11/05/24,18/05/24,2.5,2.0,2.5,2.5,2.5,3.0,2.0,,f,1,1,0,0,0.19
25557,1.15072e+18,https://www.airbnb.com/rooms/1150715832101122337,20250300000000.0,12/03/25,city scrape,Heart of Rome cozy and silent,"Welcome to a peaceful corner in the heart of Trastevere, in one of the most fascinating streets of Rome. Via dell 'Arco di San Calisto. This apartment on the rooftops of Trastevere is ideal for a couple or a solo traveler looking for an authentic romantic stay and a little bohemian.<br /><br />Book now to live a unique experience in Rome between the charm of the past and the vibrancy of the present!",,https://a0.muscache.com/pictures/hosting/Hosting-1150715832101122337/original/0f6303f4-34a4-4a99-9bb4-cfbf53bd55d9.jpeg,574873307,https://www.airbnb.com/users/show/574873307,Serena,29/04/24,"Rome, Italy","Romana di adozione ma innamorata di questa città che mi ha catturato.  Flâneuse curiosa esperta di consulenza turistica, di arte cibo e vino. Scrittrice curatrice e critica d’arte e cinema",within an hour,100%,100%,,https://a0.muscache.com/im/pictures/user/User/original/f67caf6b-69d8-448d-aa97-52256be6f3a2.jpeg?aki_policy=profile_small,https://a0.muscache.com/im/pictures/user/User/original/f67caf6b-69d8-448d-aa97-52256be6f3a2.jpeg?aki_policy=profile_x_medium,,4.0,4.0,"['email', 'phone']",t,t,,I Centro Storico,,41.88995,12.47214,Entire condo,Entire home/apt,2,1.0,1 bath,1.0,1.0,"[""Dedicated workspace"", ""Bidet"", ""Iron"", ""Toaster"", ""Hangers"", ""Refrigerator"", ""Coffee"", ""HDTV"", ""Dining table"", ""Portable fans"", ""Other gas stove"", ""Laundromat nearby"", ""Wifi"", ""Host greets you"", ""Hot water kettle"", ""Long term stays allowed"", ""Cleaning products"", ""Drying rack for clothing"", ""Pets allowed"", ""Hot water"", ""Body soap"", ""Heating"", ""Carbon monoxide alarm"", ""Wine glasses"", ""Dishes and silverware"", ""Bed linens"", ""Shower gel"", ""Hair dryer"", ""Shampoo"", ""Essentials"", ""Cooking basics"", ""Freezer"", ""Extra pillows and blankets"", ""Bathtub"", ""Exterior security cameras on property"", ""Coffee maker: pour-over coffee"", ""Room-darkening shades"", ""Kitchen""]",$122.00,3,28,2.0,3.0,1125.0,1125.0,3.0,1125.0,,t,0,0,0,0,12/03/25,17,17,3,0,11,102,12444.0,30/06/24,09/03/25,4.94,4.82,4.76,5.0,5.0,5.0,4.88,IT058091C2578DJCV7,f,1,1,0,0,1.99
25633,1.15224e+18,https://www.airbnb.com/rooms/1152238319534929559,20250300000000.0,15/03/25,city scrape,[Monteverde] Delia's Home,"Welcome to my green corner in Rome! My apartment, located on the first floor of a building with an elevator, features a beautiful private terrace immersed in the tranquility of the Monteverde area.<br /><br />The house has been recently renovated and I have personally decorated it with Danish-style furniture, creating a cozy and contemporary environment.<br /><br />I hope to host you soon!","Monteverde district takes its name from the hill from which, in ancient times, a yellow-green tuff was extracted. At the beginning of the 20th century, Monteverde Vecchio was born with the construction of refined Art Nouveau villas, which evoke the warm, elegant and informal atmosphere of a quiet residential area. After the war, the district expanded with Monteverde Nuovo, whose nucleus is Piazza San Giovanni di Dio. Here, you can browse the stalls of food specialities, vegetables and fresh fruit in the colourful local market.<br /><br />Between a bite of a delicious croissant, a cocktail or a dinner in one of the many restaurants in the area, you can discover the masters of cinema favourite corners. Among the movies shot here are Magnificent Presence and Facing Windows by Ferzan Özpetek, Crime Novel by Michele Placido, The Pizza Triangle by Ettore Scola and Celluloide by Carlo Lizzani. Monteverde was also the district where Pier Paolo Pasolini lived and set part of his novel Ragazzi d",https://a0.muscache.com/pictures/hosting/Hosting-U3RheVN1cHBseUxpc3Rpbmc6MTE1MjIzODMxOTUzNDkyOTU1OQ%3D%3D/original/f40a7d43-54ba-49dd-8a58-8fe3b5db3f84.jpeg,576520303,https://www.airbnb.com/users/show/576520303,Laura,08/05/24,,"Ciao! Mi chiamo Laura e sono per metà italiana e per metà danese.
Le mie giornate sono sempre in movimento, divise tra questi due bellissimi paesi che ho la fortuna di visitare spesso anche grazie alla mia azienda di produzione d'olio extravergine d'oliva ed esportazione di prodotti biologici.
Nel mio appartamento a Monteverde troverai molti richiami a questi miei due mondi, spero di poterti accogliere presto!",within an hour,100%,100%,t,https://a0.muscache.com/im/pictures/user/User/original/4b879a3d-2568-4e55-badf-2cf149afd06c.jpeg?aki_policy=profile_small,https://a0.muscache.com/im/pictures/user/User/original/4b879a3d-2568-4e55-badf-2cf149afd06c.jpeg?aki_policy=profile_x_medium,,1.0,1.0,"['email', 'phone']",t,t,"Rome, Lazio, Italy",XII Monte Verde,,41.8750149,12.4569807,Entire condo,Entire home/apt,5,1.0,1 bath,2.0,4.0,"[""Extra pillows and blankets"", ""Smoke alarm"", ""Fast wifi \u2013 421 Mbps"", ""Outdoor dining area"", ""Cleaning products"", ""Hair dryer"", ""Clothing storage: closet"", ""Outdoor furniture"", ""Baking sheet"", ""First aid kit"", ""Kitchen"", ""Oven"", ""Crib - available upon request"", ""AC - split type ductless system"", ""Heating"", ""Private patio or balcony"", ""Hot water kettle"", ""Room-darkening shades"", ""Hangers"", ""Board games"", ""Dining table"", ""Books and reading material"", ""Microwave"", ""Hot water"", ""Iron"", ""City skyline view"", ""High chair - available upon request"", ""Paid parking garage off premises"", ""Drying rack for clothing"", ""Shower gel"", ""Essentials"", ""Pack \u2019n play/Travel crib - available upon request"", ""Bed linens"", ""50 inch HDTV with standard cable"", ""Dishwasher"", ""Laundromat nearby"", ""Elevator"", ""Wine glasses"", ""Shampoo"", ""Coffee maker: french press, Nespresso"", ""Coffee"", ""Housekeeping - available at extra cost"", ""Carbon monoxide alarm"", ""Body soap"", ""Bidet"", ""Other induction stove"", ""Freezer"", ""Single level home"", ""Lockbox"", ""Refrigerator"", ""Cooking basics"", ""Free street parking"", ""Self check-in"", ""Washer""]",$116.00,1,29,1.0,3.0,1125.0,1125.0,1.0,1125.0,,t,12,34,64,64,15/03/25,13,13,2,64,11,78,9048.0,24/06/24,08/03/25,4.77,5.0,4.85,5.0,5.0,4.69,4.85,IT058091C2D5OSBQXL,t,1,1,0,0,1.47
25670,1.15357e+18,https://www.airbnb.com/rooms/1153567242600833805,20250300000000.0,05/03/25,city scrape,Stanza Portuense Forlanini,"Single room with bunk bed.<br />Only for short periods, shared bathroom, no kitchen.<br />Nearby public transport with which you can get to Trastevere or Testaccio station in 15 minutes.",,https://a0.muscache.com/pictures/hosting/Hosting-1153567242600833805/original/c0f03503-ee0e-4f73-b938-2390d4a29e04.jpeg,203478630,https://www.airbnb.com/users/show/203478630,Serena,19/07/18,,,within an hour,100%,92%,t,https://a0.muscache.com/im/pictures/user/User/original/e54f41fb-7e67-47c3-bffd-1e511701ab94.jpeg?aki_policy=profile_small,https://a0.muscache.com/im/pictures/user/User/original/e54f41fb-7e67-47c3-bffd-1e511701ab94.jpeg?aki_policy=profile_x_medium,,1.0,1.0,"['email', 'phone']",t,t,,XI Arvalia/Portuense,,41.8599706,12.4518488,Private room in condo,Private room,2,1.0,1 shared bath,1.0,2.0,"[""Carbon monoxide alarm"", ""Bidet"", ""Laundromat nearby"", ""Fire extinguisher"", ""Hangers"", ""Mosquito net"", ""Wifi"", ""Refrigerator"", ""Books and reading material"", ""Extra pillows and blankets"", ""Heating"", ""Clothing storage"", ""First aid kit"", ""Bed linens"", ""Lock on bedroom door"", ""Hot water"", ""Hair dryer""]",$45.00,1,20,1.0,1.0,20.0,20.0,1.0,20.0,,t,14,22,31,181,05/03/25,9,9,0,181,8,54,2430.0,25/05/24,02/01/25,5.0,5.0,5.0,5.0,5.0,4.67,4.78,IT058091C2VU2QCIGQ,f,1,0,1,0,0.95
25681,1.1529e+18,https://www.airbnb.com/rooms/1152902497311127395,20250300000000.0,12/03/25,city scrape,Please Rome  - room 1,"A comfortable double room single use,  with private bathroom, air conditioning, TV. free wifi.<br /> Inside a beautiful Grandmillenial style apartment consisting of 4 bedrooms, with lounge, kitchenette and large outdoor patio, for pleasant relaxation or your outdoor dinners.<br />A few steps from St. Peter's Basilica and a 5-minute walk from the Baldo degli Ubaldi metro stop.<br />Only 5 metro stops to Piazza di Spagna.",,https://a0.muscache.com/pictures/miso/Hosting-1152902497311127395/original/18727ac0-0998-4c81-a866-5bfe58af7322.jpeg,4118170,https://www.airbnb.com/users/show/4118170,Laura,11/11/12,"Rome, Italy","Sono  di Roma e amo profondamente la mia città, i suoi colori, la sua storia, la gente. Mi piace conoscere sempre persone nuove, condividere le esperienze altrui di cui cerco sempre di fare tesoro. Adoro bere un bicchiere di vino in compagnia e chiacchierare di tutto! La mia passione assoluta è però il mare: faccio immersioni, ho la patente nautica a vela e motore senza limiti, qualche volta mi piace pescare, e non rinuncio se posso  a viaggi che mi portino in luoghi lontani e sconosciuti. Mi interessano l'archeologia, la storia, il cinema, il footing, le carte, il cibo giapponese anche se preferisco la cucina italiana, ma soprattutto, gli amici e la famiglia sono le cose più importanti per me! Il mio motto è: ""l'unica cosa di cui avere paura, è la paura medesima""",within a few hours,100%,99%,,https://a0.muscache.com/im/pictures/user/20292654-0986-47f0-ac1d-f93dff72c4e6.jpg?aki_policy=profile_small,https://a0.muscache.com/im/pictures/user/20292654-0986-47f0-ac1d-f93dff72c4e6.jpg?aki_policy=profile_x_medium,Aurelio,3.0,8.0,"['phone', 'work_email']",t,t,,XIII Aurelia,,41.89585444,12.43266936,Private room in rental unit,Private room,1,1.0,1 private bath,1.0,2.0,"[""Iron"", ""Fire extinguisher"", ""Hangers"", ""Refrigerator"", ""Coffee"", ""Clothing storage"", ""Dining table"", ""Washer"", ""Self check-in"", ""Microwave"", ""TV"", ""Wifi"", ""Oven"", ""Hot water kettle"", ""Stove"", ""Long term stays allowed"", ""Cleaning products"", ""Paid parking lot on premises \u2013 1 space"", ""Drying rack for clothing"", ""Lock on bedroom door"", ""Hot water"", ""Body soap"", ""Heating"", ""Single level home"", ""Wine glasses"", ""Dishes and silverware"", ""Elevator"", ""Outdoor furniture"", ""Air conditioning"", ""Window guards"", ""First aid kit"", ""Cleaning available during stay"", ""Bed linens"", ""Shower gel"", ""Lockbox"", ""Hair dryer"", ""Shampoo"", ""Essentials"", ""Cooking basics"", ""Freezer"", ""Books and reading material"", ""Extra pillows and blankets"", ""Outdoor dining area"", ""Patio or balcony"", ""Room-darkening shades"", ""Kitchen""]",$64.00,3,28,3.0,3.0,28.0,28.0,3.0,28.0,,t,1,22,52,97,12/03/25,5,5,0,97,5,30,1920.0,20/05/24,24/10/24,4.8,4.4,4.6,4.8,4.6,4.8,4.6,IT058091B4XCCR8SQ5,f,2,0,2,0,0.51
25707,1.1534e+18,https://www.airbnb.com/rooms/1153403101963704151,20250300000000.0,07/03/25,city scrape,Apartment Prati district - Maison 170,"Maison 170 is a bright and brand new holiday home located in the heart of Prati district<br />near to St, Peter’s, the Vatican Museum, Castel Sant’Angelo and at a few steps from Via<br />Cola di Rienzo one of the main shopping street.<br />Close to “Ottaviano” and “Lepanto” Line A metro stations, with easy reach to the most<br />iconic attractions: the Spanish Steps, Piazza del Popolo, Piazza Venezia, Trevi Fountain.<br /><br />Around the corner there are bars, restaurants, pizzerias, supermarkets and","The Prati district is located in the I Municipality of Rome, within the historic center of the city.",https://a0.muscache.com/pictures/miso/Hosting-1153403101963704151/original/59e4a2e8-74b8-4100-85f3-352fec067d67.jpeg,14396980,https://www.airbnb.com/users/show/14396980,Mario,17/04/14,"Rome, Italy",,within an hour,100%,99%,t,https://a0.muscache.com/im/pictures/user/16481b59-2825-4e27-b211-784efe6782a2.jpg?aki_policy=profile_small,https://a0.muscache.com/im/pictures/user/16481b59-2825-4e27-b211-784efe6782a2.jpg?aki_policy=profile_x_medium,,1.0,1.0,"['email', 'phone']",t,t,"Rome, Lazio, Italy",I Centro Storico,,41.90864974,12.46150754,Entire rental unit,Entire home/apt,4,1.0,1 bath,2.0,2.0,"[""Dedicated workspace"", ""Bidet"", ""Iron"", ""Toaster"", ""Fire extinguisher"", ""Hangers"", ""Refrigerator"", ""Paid parking on premises"", ""Coffee"", ""Clothing storage"", ""HDTV"", ""Washer"", ""Self check-in"", ""Microwave"", ""Wifi"", ""Coffee maker"", ""Hot water kettle"", ""Dishwasher"", ""Stove"", ""Drying rack for clothing"", ""Hot water"", ""Heating"", ""Wine glasses"", ""Dishes and silverware"", ""Air conditioning"", ""First aid kit"", ""Bed linens"", ""Shower gel"", ""Lockbox"", ""Hair dryer"", ""Cooking basics"", ""Books and reading material"", ""Extra pillows and blankets"", ""Kitchen""]",$140.00,2,1125,1.0,4.0,1125.0,1125.0,2.0,1125.0,,t,5,6,7,28,07/03/25,48,48,3,28,44,255,35700.0,27/05/24,25/02/25,4.96,4.98,4.98,5.0,5.0,5.0,4.94,IT058091C25WHJGRVN,f,1,1,0,0,5.05
26058,1.16297e+18,https://www.airbnb.com/rooms/1162970730825674585,20250300000000.0,06/03/25,city scrape,Elenoire Suite,"Enjoy a stylish experience at this place in the center of Rome in the Prati district.<br />Automatic check-in hassle-free.<br />Suite equipped with many amenities, 42""TV Netflix & Prime Video included,safe,air conditioning,fridge, free wifi, LED lights, leather sofa, wine and champagne glasses, kettle and herbal teas, shower with hydromassage and chromotherapy, towels and slippers, makeup mirror, headphones and toiletries included.",,https://a0.muscache.com/pictures/miso/Hosting-1162970730825674585/original/3b28e8b5-171c-43f4-be1e-b6d14ded1965.jpeg,27208039,https://www.airbnb.com/users/show/27208039,Mario,04/02/15,"Santa Marinella, Italy",,,,33%,f,https://a0.muscache.com/im/pictures/user/User-27208039/original/ac9c2d9d-c631-4f6b-aa5b-195997290476.jpeg?aki_policy=profile_small,https://a0.muscache.com/im/pictures/user/User-27208039/original/ac9c2d9d-c631-4f6b-aa5b-195997290476.jpeg?aki_policy=profile_x_medium,,4.0,4.0,"['email', 'phone']",t,f,,I Centro Storico,,41.9082391,12.4610066,Private room in rental unit,Private room,2,1.0,1 private bath,1.0,2.0,"[""Bidet"", ""Iron"", ""Smoke alarm"", ""Hangers"", ""Fire extinguisher"", ""Paid parking on premises"", ""Ethernet connection"", ""Housekeeping available from 10:00\u202fAM to 12:00\u202fPM, every day - included with your stay"", ""Mini fridge"", ""Self check-in"", ""TV"", ""Wifi"", ""Hot water kettle"", ""Luggage dropoff allowed"", ""Lock on bedroom door"", ""Hot water"", ""Body soap"", ""Carbon monoxide alarm"", ""Elevator"", ""Keypad"", ""Air conditioning"", ""Central heating"", ""First aid kit"", ""Bed linens"", ""Shower gel"", ""Hair dryer"", ""Shampoo"", ""Clothing storage: closet"", ""Books and reading material"", ""Extra pillows and blankets"", ""Exterior security cameras on property"", ""Room-darkening shades"", ""Safe""]",$117.00,1,365,1.0,2.0,365.0,365.0,1.5,365.0,,t,17,29,42,101,06/03/25,0,0,0,101,0,0,0.0,,,,,,,,,,IT058091B4CFT8S996,t,4,0,4,0,
26086,1.16428e+18,https://www.airbnb.com/rooms/1164276275502790413,20250300000000.0,05/03/25,city scrape,Laura sweet home,"Laura Sweet Home is an apartment for up to 4 people (2 adults and 2 children) of 50 m2 surrounded by greenery. Located in Rome, in the Aurelio area, this recently renovated apartment offers a private condominium pool open from June 1 to September 30, Wi-Fi and free private parking.<br />The apartment has 1 bedroom, 1 living room with a sofa bed, 1 bathroom, a flat screen TV, a fully equipped kitchen and a balcony overlooking the garden.",,https://a0.muscache.com/pictures/miso/Hosting-1164276275502790413/original/2e171d92-c0a3-4cff-b25b-85556cf3ddc2.jpeg,579529548,https://www.airbnb.com/users/show/579529548,Laura,25/05/24,"Rome, Italy","Dopo 30 anni di esperienza nel mondo dell'Hospitality ho deciso di intraprendere questo viaggio per quello che so fare meglio, dare comfort alle persone che vogliono soggiornare a Roma",within an hour,100%,100%,f,https://a0.muscache.com/im/pictures/user/User-579529548/original/51c6f989-b861-4c4b-b511-2642d76581f7.jpeg?aki_policy=profile_small,https://a0.muscache.com/im/pictures/user/User-579529548/original/51c6f989-b861-4c4b-b511-2642d76581f7.jpeg?aki_policy=profile_x_medium,,1.0,1.0,"['email', 'phone']",t,t,,XII Monte Verde,,41.8881153,12.4249441,Entire condo,Entire home/apt,4,1.0,1 bath,1.0,0.0,"[""Dedicated workspace"", ""Bidet"", ""Iron"", ""Toaster"", ""Smoke alarm"", ""Hangers"", ""Refrigerator"", ""Coffee"", ""Dining table"", ""Crib - available upon request"", ""Washer"", ""TV"", ""Pool"", ""Wifi"", ""Coffee maker"", ""Oven"", ""Hot water kettle"", ""Drying rack for clothing"", ""Hot water"", ""Carbon monoxide alarm"", ""Resort access"", ""Wine glasses"", ""Dishes and silverware"", ""Elevator"", ""Air conditioning"", ""Central heating"", ""Bed linens"", ""Hair dryer"", ""Essentials"", ""Clothing storage: closet"", ""Cooking basics"", ""Freezer"", ""Extra pillows and blankets"", ""Outdoor dining area"", ""High chair - available upon request"", ""Free parking on premises"", ""Kitchen""]",$64.00,1,29,1.0,3.0,29.0,29.0,2.0,29.0,,t,16,39,65,277,05/03/25,7,7,1,214,6,42,2688.0,23/08/24,25/02/25,5.0,5.0,4.86,5.0,5.0,5.0,5.0,IT058091C25XTRAQV9,t,1,1,0,0,1.08
26206,1.16679e+18,https://www.airbnb.com/rooms/1166793536218831306,20250300000000.0,06/03/25,city scrape,via nicolò III - San Pietro,"Bright and spacious apartment in the central area near the Vatican consisting of entrance, living room, two bedrooms, kitchen and bathroom",,https://a0.muscache.com/pictures/hosting/Hosting-U3RheVN1cHBseUxpc3Rpbmc6MTE2Njc5MzUzNjIxODgzMTMwNg%3D%3D/original/63155c79-95f2-4ba6-bf55-95c00a4d1eef.jpeg,4571163,https://www.airbnb.com/users/show/4571163,Laura,03/01/13,"Rome, Italy","Sono una romana innamorata di Roma. Amo far conoscere ed apprezzare la mia città a chi per turismo o per lavoro vuole soggiornare in modo sicuro, piacevole e personalizzato. Ho viaggiato molto con occhio critico al dettaglio e mi piace riuscire ad interpretare i desideri e le esigenze delle persone. Chi ha modo di lavorare con me spero che apprezzi disponibilità, efficienza e professionalità. Il mio maggiore ispiratore è il mio bimbo a cui non smetterò mai di insegnargli che il segreto del proprio successo è fare ogni piccola cosa con grande amore!

I'm a Roman and I'm in love with Rome. I love to spread out and let appreciate my city for who want to stay, for business or leisure,  in a secure, personalized and friendly mood. I traveled with a critical eye to detail and I like to be able to interpret the desires and needs of people. Who has to work with me I hope can appreciate the availability, efficiency and professionalism. My biggest inspiration is my baby that I will never stop teaching him that the secret of success is to do every little thing with great love!
",within an hour,100%,79%,t,https://a0.muscache.com/im/pictures/user/8b1ebd3b-197c-4b67-bf67-16cd2d7abc9b.jpg?aki_policy=profile_small,https://a0.muscache.com/im/pictures/user/8b1ebd3b-197c-4b67-bf67-16cd2d7abc9b.jpg?aki_policy=profile_x_medium,Trastevere,7.0,34.0,"['email', 'phone']",t,t,,XIII Aurelia,,41.8978822,12.4545327,Entire rental unit,Entire home/apt,3,1.0,1 bath,2.0,3.0,"[""Wifi"", ""Essentials"", ""Washer"", ""Kitchen"", ""Hot water"", ""Heating""]",$70.00,31,365,31.0,31.0,365.0,365.0,31.0,365.0,,t,0,0,1,181,06/03/25,0,0,0,181,0,0,0.0,,,,,,,,,,,f,5,5,0,0,
26242,1.16724e+18,https://www.airbnb.com/rooms/1167235218320614832,20250300000000.0,06/03/25,city scrape,Elenoire Superior,"Enjoy a stylish experience at this place in the center of Rome in the Prati district.<br />Automatic check-in hassle-free.<br />Suite equipped with many amenities, 32""TV Netflix & Prime Video included,safe,air conditioning,fridge, free wifi, LED lights, wine and champagne glasses, kettle and herbal teas, shower with hydromassage and chromotherapy, towels and slippers, makeup mirror, headphones and toiletries included.",,https://a0.muscache.com/pictures/miso/Hosting-1167235218320614832/original/df37cbf4-0f55-4c8c-b64a-5b3f0922f727.jpeg,27208039,https://www.airbnb.com/users/show/27208039,Mario,04/02/15,"Santa Marinella, Italy",,,,33%,f,https://a0.muscache.com/im/pictures/user/User-27208039/original/ac9c2d9d-c631-4f6b-aa5b-195997290476.jpeg?aki_policy=profile_small,https://a0.muscache.com/im/pictures/user/User-27208039/original/ac9c2d9d-c631-4f6b-aa5b-195997290476.jpeg?aki_policy=profile_x_medium,,4.0,4.0,"['email', 'phone']",t,f,,I Centro Storico,,41.90794,12.46103,Private room in rental unit,Private room,2,1.0,1 private bath,1.0,1.0,"[""Bidet"", ""Iron"", ""Smoke alarm"", ""Hangers"", ""Fire extinguisher"", ""Paid parking on premises"", ""Ethernet connection"", ""Housekeeping available from 10:00\u202fAM to 12:00\u202fPM, every day - included with your stay"", ""Mini fridge"", ""Self check-in"", ""TV"", ""Laundromat nearby"", ""Wifi"", ""Hot water kettle"", ""Luggage dropoff allowed"", ""Lock on bedroom door"", ""Hot water"", ""Body soap"", ""Carbon monoxide alarm"", ""Wine glasses"", ""Elevator"", ""Keypad"", ""Air conditioning"", ""Central heating"", ""First aid kit"", ""Bed linens"", ""Shower gel"", ""Hair dryer"", ""Clothing storage: closet"", ""Books and reading material"", ""Extra pillows and blankets"", ""Exterior security cameras on property"", ""Room-darkening shades"", ""Safe""]",$108.00,1,365,1.0,2.0,365.0,365.0,1.5,365.0,,t,10,16,26,82,06/03/25,0,0,0,82,0,0,0.0,,,,,,,,,,IT058091B4CFT8S996,t,4,0,4,0,
26246,1.16728e+18,https://www.airbnb.com/rooms/1167277763401356093,20250300000000.0,15/03/25,city scrape,885 Guest House - Rome,"Apartment in Via Tuscolana, a few meters from the Metro Line A and the beautiful Parco degli Acquedotti, in an excellent location, well served by restaurants, supermarkets, ice cream parlors and shops of all kinds, but at the same time very quiet, because it is located inside a condominium with an internal view.<br /><br />It consists of a bedroom, a bathroom, an entrance/living room with a sofa bed, and an equipped kitchen.<br /><br />The house also has two TVs, free Wi-Fi and air conditioning",,https://a0.muscache.com/pictures/miso/Hosting-1167277763401356093/original/778147c5-97fb-4e49-86e8-456b15e037d0.jpeg,153064474,https://www.airbnb.com/users/show/153064474,Laura,03/10/17,"Rome, Italy",,within an hour,100%,98%,t,https://a0.muscache.com/im/pictures/user/User-153064474/original/7f593922-d546-420b-877a-2103f526b8b3.jpeg?aki_policy=profile_small,https://a0.muscache.com/im/pictures/user/User-153064474/original/7f593922-d546-420b-877a-2103f526b8b3.jpeg?aki_policy=profile_x_medium,,1.0,1.0,"['email', 'phone', 'work_email']",t,t,,VII San Giovanni/Cinecittà,,41.85737,12.56174,Entire condo,Entire home/apt,4,1.0,1 bath,1.0,0.0,"[""Smoke alarm"", ""Air conditioning"", ""Hair dryer"", ""Central heating"", ""Paid pack \u2019n play/travel crib - available upon request"", ""First aid kit"", ""Kitchen"", ""Dining table"", ""Coffee maker: pour-over coffee"", ""Microwave"", ""Hot water"", ""TV"", ""Fire extinguisher"", ""Exterior security cameras on property"", ""Shower gel"", ""Other stainless steel gas stove"", ""Host greets you"", ""Essentials"", ""Bed linens"", ""Clothing storage: closet and dresser"", ""Laundromat nearby"", ""Wine glasses"", ""Dishes and silverware"", ""Single oven"", ""Shampoo"", ""Paid clamp on table seat high chair - available upon request"", ""Coffee"", ""Housekeeping - available at extra cost"", ""Carbon monoxide alarm"", ""Body soap"", ""Bidet"", ""Freezer"", ""Wifi"", ""Single level home"", ""Refrigerator"", ""Cooking basics"", ""Free street parking"", ""Washer""]",$85.00,2,15,2.0,2.0,15.0,15.0,2.0,15.0,,t,6,25,48,209,15/03/25,30,30,4,209,20,180,15300.0,24/06/24,07/03/25,4.87,4.93,4.93,5.0,4.97,4.83,4.8,IT058091C29KPLS8VZ,f,1,1,0,0,3.4
26258,1.1673e+18,https://www.airbnb.com/rooms/1167303434486961050,20250300000000.0,11/03/25,city scrape,Elenoire Standard,"Enjoy a stylish experience at this place in the center of Rome in the Prati district.<br />Automatic check-in hassle-free.<br />Suite equipped with many amenities, 32""TV Netflix & Prime Video included,safe,air conditioning,fridge, free wifi, LED lights, wine and champagne glasses, kettle and herbal teas, shower with hydromassage, towels and slippers, makeup mirror, headphones and toiletries included.",,https://a0.muscache.com/pictures/miso/Hosting-1167303434486961050/original/6c79dc21-b4d4-4b12-ac1a-193125a771b0.jpeg,27208039,https://www.airbnb.com/users/show/27208039,Mario,04/02/15,"Santa Marinella, Italy",,,,33%,f,https://a0.muscache.com/im/pictures/user/User-27208039/original/ac9c2d9d-c631-4f6b-aa5b-195997290476.jpeg?aki_policy=profile_small,https://a0.muscache.com/im/pictures/user/User-27208039/original/ac9c2d9d-c631-4f6b-aa5b-195997290476.jpeg?aki_policy=profile_x_medium,,4.0,4.0,"['email', 'phone']",t,f,,I Centro Storico,,41.90801553,12.46102806,Private room in rental unit,Private room,2,1.0,1 private bath,1.0,1.0,"[""Bidet"", ""Iron"", ""Smoke alarm"", ""Hangers"", ""Fire extinguisher"", ""Paid parking garage off premises"", ""Housekeeping available from 10:00\u202fAM to 12:00\u202fPM - included with your stay"", ""Ethernet connection"", ""Mini fridge"", ""Self check-in"", ""TV"", ""Wifi"", ""Hot water kettle"", ""Luggage dropoff allowed"", ""Lock on bedroom door"", ""Hot water"", ""Body soap"", ""Carbon monoxide alarm"", ""Wine glasses"", ""Elevator"", ""Keypad"", ""Air conditioning"", ""Central heating"", ""First aid kit"", ""Bed linens"", ""Shower gel"", ""Hair dryer"", ""Shampoo"", ""Clothing storage: closet"", ""Books and reading material"", ""Extra pillows and blankets"", ""Exterior security cameras on property"", ""Room-darkening shades"", ""Safe""]",$98.00,1,365,1.0,2.0,365.0,365.0,1.5,365.0,,t,9,11,13,70,11/03/25,0,0,0,70,0,0,0.0,,,,,,,,,,IT058091B4CFT8S996,t,4,0,4,0,
26261,1.16733e+18,https://www.airbnb.com/rooms/1167329780348445308,20250300000000.0,15/03/25,city scrape,Elenoire Singola,"Enjoy a stylish experience at this place in the center of Rome in the Prati district.<br />Automatic check-in hassle-free.<br />Room equipped with many amenities, 32""TV Netflix & Prime Video included,safe,air conditioning,fridge, free wifi, LED lights,glasses, kettle and herbal teas, shower with hydromassage, towels and slippers, makeup mirror, headphones and toiletries included.",,https://a0.muscache.com/pictures/miso/Hosting-1167329780348445308/original/90326494-cdfb-4ce8-b227-5a739bb86d52.jpeg,27208039,https://www.airbnb.com/users/show/27208039,Mario,04/02/15,"Santa Marinella, Italy",,,,33%,f,https://a0.muscache.com/im/pictures/user/User-27208039/original/ac9c2d9d-c631-4f6b-aa5b-195997290476.jpeg?aki_policy=profile_small,https://a0.muscache.com/im/pictures/user/User-27208039/original/ac9c2d9d-c631-4f6b-aa5b-195997290476.jpeg?aki_policy=profile_x_medium,,4.0,4.0,"['email', 'phone']",t,f,,I Centro Storico,,41.90804348,12.46104952,Private room in rental unit,Private room,1,1.0,1 private bath,1.0,1.0,"[""Extra pillows and blankets"", ""Smoke alarm"", ""Cleaning products"", ""Air conditioning"", ""Hair dryer"", ""Ethernet connection"", ""Central heating"", ""Paid parking on premises"", ""First aid kit"", ""Hot water kettle"", ""Room-darkening shades"", ""Hangers"", ""Hot water"", ""TV"", ""Fire extinguisher"", ""Exterior security cameras on property"", ""Hot tub"", ""Shower gel"", ""Private entrance"", ""Bed linens"", ""Clothing storage: closet and dresser"", ""Laundromat nearby"", ""Elevator"", ""Heating - split type ductless system"", ""Wine glasses"", ""Shampoo"", ""Safe"", ""Carbon monoxide alarm"", ""Body soap"", ""Keypad"", ""Bidet"", ""Wifi"", ""Refrigerator"", ""Self check-in"", ""Housekeeping available from 10:00\u202fAM to 12:00\u202fPM, every day - included with your stay""]",$68.00,1,365,1.0,2.0,365.0,365.0,1.5,365.0,,t,2,3,7,61,15/03/25,2,2,0,61,2,12,816.0,15/09/24,29/09/24,3.0,5.0,5.0,5.0,3.0,4.0,3.0,IT058091B4CFT8S996,t,4,0,4,0,0.33
26267,1.16884e+18,https://www.airbnb.com/rooms/1168844085185283060,20250300000000.0,15/03/25,city scrape,Suite Deluxe Vespucci Roma,"Welcome to our exclusive Vespucci Palace, Luxury Guest House in Testaccio, Rome, an oasis of elegance in the heart of the Eternal City. Dear guests, We are excited to introduce you to our brand new Vespucci Palace structure, located in the lively Testaccio district of Rome. Carefully designed to offer an unforgettable living experience, it combines comfort, elegance and high quality services in perfect harmony. Design and Comfort Our property boasts a refined design",,https://a0.muscache.com/pictures/hosting/Hosting-U3RheVN1cHBseUxpc3Rpbmc6MTE2ODg0NDA4NTE4NTI4MzA2MA%3D%3D/original/ba34d9f7-ea37-4266-9142-8890aba47091.jpeg,32492489,https://www.airbnb.com/users/show/32492489,Mario,03/05/15,,,within an hour,100%,100%,f,https://a0.muscache.com/im/pictures/user/User-32492489/original/f268058c-cfb5-47ed-b282-ffec946abb0d.jpeg?aki_policy=profile_small,https://a0.muscache.com/im/pictures/user/User-32492489/original/f268058c-cfb5-47ed-b282-ffec946abb0d.jpeg?aki_policy=profile_x_medium,,4.0,5.0,"['email', 'phone']",t,f,,I Centro Storico,,41.88232218,12.4761293,Room in boutique hotel,Private room,4,1.0,1 private bath,1.0,2.0,"[""Extra pillows and blankets"", ""Smoke alarm"", ""Cleaning products"", ""Air conditioning"", ""Hair dryer"", ""Bathtub"", ""Fast wifi \u2013 401 Mbps"", ""Paid parking on premises"", ""First aid kit"", ""Kitchen"", ""Heating"", ""Clothing storage"", ""Hot water kettle"", ""Room-darkening shades"", ""Hangers"", ""Hot water"", ""TV"", ""Fire extinguisher"", ""Iron"", ""Shower gel"", ""Essentials"", ""Bed linens"", ""Shampoo"", ""Safe"", ""Carbon monoxide alarm"", ""Body soap"", ""Bidet"", ""Conditioner""]",$219.00,1,365,1.0,1.0,999.0,999.0,1.0,999.0,,t,17,27,46,283,15/03/25,1,1,0,210,1,6,1314.0,09/06/24,09/06/24,5.0,5.0,5.0,5.0,5.0,5.0,5.0,IT058091B4BYQJN9Y2,t,4,0,4,0,0.11
26277,1.16929e+18,https://www.airbnb.com/rooms/1169294088307860683,20250300000000.0,12/03/25,city scrape,Suite Vespucci Roma,"Suite equipped with toiletries, robes and private bathroom with bathtub, shower and bidet. The triple room is equipped with air conditioning, flat-screen TV with streaming services, soundproofed walls, minibar, tea and coffee making set, and city views. The unit sleeps 3.",,https://a0.muscache.com/pictures/miso/Hosting-1169294088307860683/original/3ae2df61-f117-4cc1-b6dc-d5c198fdbebc.jpeg,32492489,https://www.airbnb.com/users/show/32492489,Mario,03/05/15,,,within an hour,100%,100%,f,https://a0.muscache.com/im/pictures/user/User-32492489/original/f268058c-cfb5-47ed-b282-ffec946abb0d.jpeg?aki_policy=profile_small,https://a0.muscache.com/im/pictures/user/User-32492489/original/f268058c-cfb5-47ed-b282-ffec946abb0d.jpeg?aki_policy=profile_x_medium,,4.0,5.0,"['email', 'phone']",t,f,,I Centro Storico,,41.8823062,12.4761293,Room in boutique hotel,Private room,3,1.0,1 private bath,1.0,1.0,"[""Iron"", ""Smoke alarm"", ""Hangers"", ""Fire extinguisher"", ""Paid parking on premises"", ""Clothing storage"", ""TV"", ""Heating"", ""Carbon monoxide alarm"", ""Air conditioning"", ""First aid kit"", ""Bed linens"", ""Hair dryer"", ""Essentials"", ""Extra pillows and blankets"", ""Fast wifi \u2013 426 Mbps"", ""Room-darkening shades"", ""Kitchen"", ""Safe""]",$172.00,1,365,1.0,1.0,999.0,999.0,1.0,999.0,,t,21,40,53,215,12/03/25,1,1,0,215,1,6,1032.0,22/06/24,22/06/24,5.0,5.0,5.0,5.0,5.0,5.0,5.0,IT058091B4BYQJN9Y2,t,4,0,4,0,0.11
26279,1.16933e+18,https://www.airbnb.com/rooms/1169334036049935986,20250300000000.0,12/03/25,city scrape,King Deluxe Vespucci Roma,"Double room with courtesy set and private bathroom with shower, bidet and hairdryer. The master bedroom is equipped with air conditioning, a flat-screen TV with streaming services, soundproofed walls, a minibar, tea and coffee making set, and a view of the city. Unit offers 1 double bed",,https://a0.muscache.com/pictures/hosting/Hosting-U3RheVN1cHBseUxpc3Rpbmc6MTE2OTMzNDAzNjA0OTkzNTk4Ng%3D%3D/original/7835ca10-f11d-4d1e-8147-44c0e398f581.jpeg,32492489,https://www.airbnb.com/users/show/32492489,Mario,03/05/15,,,within an hour,100%,100%,f,https://a0.muscache.com/im/pictures/user/User-32492489/original/f268058c-cfb5-47ed-b282-ffec946abb0d.jpeg?aki_policy=profile_small,https://a0.muscache.com/im/pictures/user/User-32492489/original/f268058c-cfb5-47ed-b282-ffec946abb0d.jpeg?aki_policy=profile_x_medium,,4.0,5.0,"['email', 'phone']",t,f,,I Centro Storico,,41.8823062,12.4761293,Room in boutique hotel,Private room,2,1.0,1 private bath,1.0,1.0,"[""Bidet"", ""Iron"", ""Smoke alarm"", ""Hangers"", ""Fire extinguisher"", ""Paid parking on premises"", ""Clothing storage"", ""Fast wifi \u2013 445 Mbps"", ""TV"", ""Cleaning products"", ""Hot water"", ""Body soap"", ""Heating"", ""Carbon monoxide alarm"", ""Air conditioning"", ""First aid kit"", ""Bed linens"", ""Shower gel"", ""Hair dryer"", ""Shampoo"", ""Essentials"", ""Extra pillows and blankets"", ""Room-darkening shades"", ""Kitchen"", ""Safe""]",$181.00,1,365,1.0,1.0,999.0,999.0,1.0,999.0,,t,13,29,40,197,12/03/25,1,1,0,197,1,6,1086.0,28/07/24,28/07/24,5.0,5.0,5.0,5.0,5.0,5.0,5.0,IT058091B4BYQJN9Y2,t,4,0,4,0,0.13
26280,1.16934e+18,https://www.airbnb.com/rooms/1169341548242051258,20250300000000.0,06/03/25,city scrape,King Superior Vespucci Roma,"Double room with courtesy set and private bathroom with shower, bidet and hairdryer. The master bedroom is equipped with air conditioning, a flat-screen TV with streaming services, soundproofed walls, a minibar, tea and coffee making set, and a view of the city. The unit offers 1 bed.",,https://a0.muscache.com/pictures/miso/Hosting-1169341548242051258/original/6a5810ef-5208-4b05-bb7f-4d5e98e0edd0.jpeg,32492489,https://www.airbnb.com/users/show/32492489,Mario,03/05/15,,,within an hour,100%,100%,f,https://a0.muscache.com/im/pictures/user/User-32492489/original/f268058c-cfb5-47ed-b282-ffec946abb0d.jpeg?aki_policy=profile_small,https://a0.muscache.com/im/pictures/user/User-32492489/original/f268058c-cfb5-47ed-b282-ffec946abb0d.jpeg?aki_policy=profile_x_medium,,4.0,5.0,"['email', 'phone']",t,f,,I Centro Storico,,41.8823062,12.4761293,Room in boutique hotel,Private room,2,1.0,1 private bath,1.0,1.0,"[""Bidet"", ""Iron"", ""Smoke alarm"", ""Hangers"", ""Fire extinguisher"", ""Paid parking on premises"", ""Clothing storage"", ""TV"", ""Cleaning products"", ""Hot water"", ""Body soap"", ""Heating"", ""Carbon monoxide alarm"", ""Air conditioning"", ""First aid kit"", ""Bed linens"", ""Shower gel"", ""Hair dryer"", ""Fast wifi \u2013 441 Mbps"", ""Shampoo"", ""Essentials"", ""Extra pillows and blankets"", ""Room-darkening shades"", ""Kitchen"", ""Safe""]",$144.00,1,365,1.0,1.0,999.0,999.0,1.0,999.0,,t,17,28,34,189,06/03/25,1,1,0,189,1,6,864.0,16/06/24,16/06/24,5.0,5.0,5.0,5.0,5.0,5.0,5.0,IT058091B4BYQJN9Y2,t,4,0,4,0,0.11
26320,1.17023e+18,https://www.airbnb.com/rooms/1170225108580289126,20250300000000.0,11/03/25,previous scrape,Appartamento Gianicolo,"Quiet apartment, with entrance, living area. Fresh, bright and thoughtfully furnished where you can relax with friends or family after enjoying the beauty of Rome.",,https://a0.muscache.com/pictures/miso/Hosting-1170225108580289126/original/762acd35-546e-49af-922e-41f0651b45ec.jpeg,78799974,https://www.airbnb.com/users/show/78799974,Laura,20/06/16,,,,,0%,f,https://a0.muscache.com/im/pictures/user/3daf1b03-fa8e-4b61-8dcf-63cfd781326f.jpg?aki_policy=profile_small,https://a0.muscache.com/im/pictures/user/3daf1b03-fa8e-4b61-8dcf-63cfd781326f.jpg?aki_policy=profile_x_medium,,1.0,1.0,"['email', 'phone']",t,f,,XII Monte Verde,,41.8852,12.46152,Entire rental unit,Entire home/apt,4,,1 bath,1.0,,"[""TV"", ""Dedicated workspace"", ""Wifi"", ""Air conditioning"", ""Washer"", ""Kitchen""]",,31,365,31.0,31.0,365.0,365.0,31.0,365.0,,t,29,59,89,269,11/03/25,0,0,0,269,0,0,,,,,,,,,,,,f,1,1,0,0,
26335,1.17034e+18,https://www.airbnb.com/rooms/1170337326693733979,20250300000000.0,06/03/25,city scrape,Cozy Home - Pigneto/Malatesta,"Modern apartment on the 8th floor, just 500 meters from the Malatesta metro (Metro C) and a 15-minute walk from the bustling artistic area of Pigneto.<br /><br />All the comforts for a pleasant stay:<br /><br />• Living room: Cozy sofa bed and smart TV<br />• Kitchen: complete with dining area and dishwasher <br />• Bathroom: Large shower and ventilation<br />• Bedroom: Double bed and spacious wardrobe<br />• Balcony: Sofa and coffee table to enjoy a glass of wine outdoors<br /><br />Great for exploring Rome in a modern setting",,https://a0.muscache.com/pictures/hosting/Hosting-U3RheVN1cHBseUxpc3Rpbmc6MTE3MDMzNzMyNjY5MzczMzk3OQ%3D%3D/original/85cd003b-5e59-41b6-b718-629f216837de.jpeg,46305960,https://www.airbnb.com/users/show/46305960,Laura,11/10/15,"Rome, Italy","Ciao! Sono Laura, vivo a Roma da 15 anni, ma il mio cuore è legato alla Sardegna, la mia terra d'origine. Amo cucinare, giocare a basket, leggere e scoprire sempre nuovi posti. Viaggiare è una delle mie più grandi passioni, e sono sempre alla ricerca di nuove esperienze da vivere e condividere.",within an hour,100%,100%,f,https://a0.muscache.com/im/pictures/user/User-46305960/original/9bba0670-0077-4dd8-a3f5-e2d911e9975c.jpeg?aki_policy=profile_small,https://a0.muscache.com/im/pictures/user/User-46305960/original/9bba0670-0077-4dd8-a3f5-e2d911e9975c.jpeg?aki_policy=profile_x_medium,,1.0,1.0,"['email', 'phone']",t,t,,V Prenestino/Centocelle,,41.8832245,12.5409994,Entire condo,Entire home/apt,3,1.0,1 bath,1.0,2.0,"[""Paid parking off premises"", ""Dedicated workspace"", ""Bidet"", ""Iron"", ""Smoke alarm"", ""Hangers"", ""Fire extinguisher"", ""Refrigerator"", ""Paid parking on premises"", ""Coffee"", ""Clothing storage"", ""Dining table"", ""Washer"", ""TV"", ""Exercise equipment"", ""Wifi"", ""Coffee maker"", ""Free street parking"", ""Host greets you"", ""Oven"", ""Dishwasher"", ""Stove"", ""Hot water kettle"", ""Cleaning products"", ""Hot water"", ""Body soap"", ""Carbon monoxide alarm"", ""Wine glasses"", ""Sound system"", ""Dishes and silverware"", ""Elevator"", ""Outdoor furniture"", ""Air conditioning"", ""Central heating"", ""Trash compactor"", ""Window guards"", ""Bed linens"", ""Shower gel"", ""Hair dryer"", ""Baking sheet"", ""Shampoo"", ""Cooking basics"", ""Freezer"", ""Outdoor dining area"", ""Patio or balcony"", ""Room-darkening shades"", ""Kitchen""]",$82.00,1,30,1.0,1.0,30.0,30.0,1.0,30.0,,t,10,16,29,297,06/03/25,8,8,0,233,8,48,3936.0,24/09/24,17/12/24,4.38,4.63,4.88,4.5,4.63,4.38,4.5,IT058091C2MB9JEFUO,t,1,1,0,0,1.46
26404,1.17151e+18,https://www.airbnb.com/rooms/1171513291972133176,20250300000000.0,05/03/25,city scrape,Villino dotato di ogni comfort,"In the Infernetto area, adjacent to the Pineta di Castel Fusano and 3 km from the sea of Ostia, we offer an entire villa on 2 levels above ground. The house consists of 2 double bedrooms each equipped with a bathroom with shower. On the ground floor there is, in addition to a bedroom, the kitchen (with fridge, oven, microwave and dishwasher) and the living room with a sofa and TV. The villa offers double exposure and double terraces with outdoor dining table. There is also a washing machine.",,https://a0.muscache.com/pictures/miso/Hosting-1171513291972133176/original/cb9e3834-3a11-4b19-bef1-4bdfe5ea2b60.jpeg,581440772,https://www.airbnb.com/users/show/581440772,Serena,04/06/24,"Infernetto, Italy",,,,,f,https://a0.muscache.com/im/pictures/user/User-581440772/original/5782fee2-44fe-4a8f-9c75-717b85063836.jpeg?aki_policy=profile_small,https://a0.muscache.com/im/pictures/user/User-581440772/original/5782fee2-44fe-4a8f-9c75-717b85063836.jpeg?aki_policy=profile_x_medium,,1.0,1.0,['phone'],t,t,,X Ostia/Acilia,,41.73247,12.34663,Entire home,Entire home/apt,4,2.0,2 baths,2.0,2.0,"[""TV"", ""Wifi"", ""Free parking on premises"", ""Outdoor dining area"", ""Air conditioning"", ""Washer"", ""Pets allowed"", ""Kitchen""]",$140.00,2,365,2.0,2.0,365.0,365.0,2.0,365.0,,t,29,59,89,364,05/03/25,0,0,0,301,0,0,0.0,,,,,,,,,,"I applied for a CIN, but haven’t received it yet",f,1,1,0,0,
26503,1.17603e+18,https://www.airbnb.com/rooms/1176034317860031711,20250300000000.0,15/03/25,city scrape,Giulia Mesa Suite,"Located in a very central area you can stay in this large newly renovated suite of value , you are 2 steps from all kinds of services and activities such as restaurants , bars and etc in 10 minutes you can reach the historic center on foot . Automated check-in and if you are interested in various offers for your stay",,https://a0.muscache.com/pictures/hosting/Hosting-U3RheVN1cHBseUxpc3Rpbmc6MTE3NjAzNDMxNzg2MDAzMTcxMQ%3D%3D/original/19136e66-ccfa-4ee2-b433-1a76c15be63e.jpeg,576780547,https://www.airbnb.com/users/show/576780547,Laura,10/05/24,"Rome, Italy",,within an hour,100%,100%,f,https://a0.muscache.com/im/pictures/user/User-576780547/original/ef003caa-fdc7-4faf-8906-963660e62dbf.jpeg?aki_policy=profile_small,https://a0.muscache.com/im/pictures/user/User-576780547/original/ef003caa-fdc7-4faf-8906-963660e62dbf.jpeg?aki_policy=profile_x_medium,,2.0,3.0,"['email', 'phone']",t,t,,I Centro Storico,,41.9083048,12.4675302,Entire rental unit,Entire home/apt,2,1.0,1 bath,1.0,2.0,"[""Smoke alarm"", ""Wifi"", ""Coffee maker: espresso machine"", ""Air conditioning"", ""Hair dryer"", ""Elevator"", ""Smart lock"", ""TV"", ""Central heating"", ""Dedicated workspace"", ""Cooking basics"", ""Mini fridge"", ""Self check-in"", ""Housekeeping available from 10:00\u202fAM to 3:30\u202fPM, every day - available at extra cost"", ""First aid kit"", ""Kitchen"", ""Carbon monoxide alarm"", ""Other induction stove""]",$189.00,2,365,2.0,2.0,1125.0,1125.0,2.0,1125.0,,t,21,36,55,153,15/03/25,2,2,0,153,2,12,2268.0,09/09/24,17/10/24,4.0,4.0,3.5,4.0,4.0,4.5,4.0,IT058091C277ECL65H,t,2,2,0,0,0.32
26713,1.18127e+18,https://www.airbnb.com/rooms/1181271597233026720,20250300000000.0,12/03/25,city scrape,Delizioso loft all'Esquilino,"Between Piazza Vittorio and San Giovanni, a few meters from the Colosseum and Colle Oppio, in this delightful loft you can enjoy the comfort of the center of Rome in the lively Esquiline district with its bars and restaurants where you can eat a carbonara and drink a spritz or a cappuccino in the garden of the square or under the porches.<br />Walk to the Colosseum and then down to the Imperial Forums and downtown. Well-connected to the metro and lots of buses.",,https://a0.muscache.com/pictures/hosting/Hosting-U3RheVN1cHBseUxpc3Rpbmc6MTE4MTI3MTU5NzIzMzAyNjcyMA%3D%3D/original/23267bf6-ca6d-40f0-9d39-93af7a71e723.jpeg,542982536,https://www.airbnb.com/users/show/542982536,Mario,22/10/23,"Rome, Italy",,within an hour,100%,100%,,https://a0.muscache.com/im/pictures/user/User-542982536/original/8ad48afc-1626-4a3a-a6e6-902521a36cfe.jpeg?aki_policy=profile_small,https://a0.muscache.com/im/pictures/user/User-542982536/original/8ad48afc-1626-4a3a-a6e6-902521a36cfe.jpeg?aki_policy=profile_x_medium,,2.0,2.0,"['email', 'phone']",t,t,,I Centro Storico,,41.89367,12.5062,Entire rental unit,Entire home/apt,2,1.0,1 bath,1.0,1.0,"[""Dedicated workspace"", ""Bidet"", ""Iron"", ""Hangers"", ""Mosquito net"", ""Refrigerator"", ""Dining table"", ""Clothing storage: closet and dresser"", ""Microwave"", ""TV"", ""Private entrance"", ""Wifi"", ""Free street parking"", ""Host greets you"", ""Other induction stove"", ""Hot water kettle"", ""Long term stays allowed"", ""Outdoor playground"", ""Cleaning products"", ""Drying rack for clothing"", ""Hot water"", ""Body soap"", ""Paid parking lot on premises"", ""Carbon monoxide alarm"", ""Single level home"", ""Wine glasses"", ""Dishes and silverware"", ""Elevator"", ""Central heating"", ""Movie theater"", ""Bed linens"", ""Shower gel"", ""Hair dryer"", ""Heating - split type ductless system"", ""Shampoo"", ""Essentials"", ""AC - split type ductless system"", ""Cooking basics"", ""Freezer"", ""Extra pillows and blankets"", ""Paid street parking off premises"", ""Room-darkening shades"", ""Kitchen""]",$71.00,2,160,2.0,2.0,1125.0,1125.0,2.0,1125.0,,t,0,0,0,0,12/03/25,19,19,0,0,18,114,8094.0,23/06/24,11/01/25,4.79,4.84,4.95,4.89,4.84,4.74,4.79,IT058091C2BC79EZ8I,f,1,1,0,0,2.17
26731,1.18173e+18,https://www.airbnb.com/rooms/1181731081242154277,20250300000000.0,15/03/25,city scrape,Delightful apartment with covered parking space.,"Welcome to our beautiful apartment! This elegant and modern accommodation offers the perfect balance between comfort and style, ensuring an unforgettable stay. Located in the ""giardino di roma"" neighborhood, a quiet location full of green areas, equipped with the main services including supermarket, pharmacy, bars and restaurants within a 5-minute walk.<br />Through the nearby metro station you can reach both the center of Rome and the sea of ​​Ostia.",,https://a0.muscache.com/pictures/hosting/Hosting-U3RheVN1cHBseUxpc3Rpbmc6MTE4MTczMTA4MTI0MjE1NDI3Nw%3D%3D/original/62277889-047a-4f50-9ac9-1a8174d824e0.jpeg,327021681,https://www.airbnb.com/users/show/327021681,Laura,13/01/20,"Rome, Italy",,,,100%,f,https://a0.muscache.com/im/pictures/user/User-327021681/original/98c0d416-00ce-4838-ac4b-0a315f7222e1.jpeg?aki_policy=profile_small,https://a0.muscache.com/im/pictures/user/User-327021681/original/98c0d416-00ce-4838-ac4b-0a315f7222e1.jpeg?aki_policy=profile_x_medium,,1.0,1.0,['phone'],t,t,,X Ostia/Acilia,,41.788361,12.3923548,Entire rental unit,Entire home/apt,4,1.0,1 bath,1.0,2.0,"[""Extra pillows and blankets"", ""Clothing storage: closet, wardrobe, and dresser"", ""Cleaning products"", ""Hair dryer"", ""First aid kit"", ""Kitchen"", ""Oven"", ""Coffee maker"", ""Heating"", ""Room-darkening shades"", ""Hangers"", ""Hot water"", ""Fire extinguisher"", ""Pets allowed"", ""Iron"", ""HDTV"", ""Window guards"", ""Shower gel"", ""Host greets you"", ""Essentials"", ""Bed linens"", ""Elevator"", ""Dishes and silverware"", ""Shampoo"", ""Portable fans"", ""Coffee"", ""Carbon monoxide alarm"", ""Stove"", ""Body soap"", ""Bidet"", ""Mosquito net"", ""Refrigerator"", ""Cooking basics"", ""Free parking on premises"", ""Trash compactor""]",$77.00,1,29,1.0,1.0,29.0,29.0,1.0,29.0,,t,14,40,70,330,15/03/25,7,7,0,257,7,42,3234.0,30/06/24,03/11/24,4.57,4.86,4.71,4.86,5.0,4.71,4.86,IT058091C2WU3EZ88V,f,1,1,0,0,0.81
26765,1.1824e+18,https://www.airbnb.com/rooms/1182395921803002145,20250300000000.0,06/03/25,city scrape,"Dimora al Colosseo, 2 bedrooms","With this accommodation in the historic center, your family will be close to the most important sites.<br />From the entrance to which only the owner will have access to which there will be access to a luggage storage, you enter the apartment with 2 bedrooms, a full kitchen and a large bathroom.<br />The apartment consists of large and bright rooms, it is located on the 4th floor (with elevator).<br />The location is optimal for visiting Rome on foot.",,https://a0.muscache.com/pictures/miso/Hosting-1182395921803002145/original/010c52c9-d45b-4c32-bfb4-38a29df3342c.jpeg,584391982,https://www.airbnb.com/users/show/584391982,Laura,19/06/24,,,,,,f,https://a0.muscache.com/defaults/user_pic-50x50.png?v=3,https://a0.muscache.com/defaults/user_pic-225x225.png?v=3,,1.0,1.0,['phone'],f,t,,I Centro Storico,,41.88711796,12.50104568,Entire rental unit,Entire home/apt,5,1.0,1 bath,2.0,3.0,"[""TV"", ""Wifi"", ""First aid kit"", ""Washer"", ""Kitchen""]",$271.00,2,365,2.0,2.0,365.0,365.0,2.0,365.0,,t,0,0,0,130,06/03/25,0,0,0,66,0,0,0.0,,,,,,,,,,IT058091C2A4GSQ4CQ,t,1,1,0,0,
26815,1.18593e+18,https://www.airbnb.com/rooms/1185934199513894594,20250300000000.0,15/03/25,city scrape,Dory's Place Appartamento in villino d'epoca,"Located in the prestigious Parioli district, this elegant and freshly refreshed apartment is ideal for getting to know Rome. You can choose it together with your family or a small group of friends. It is located near the historic center, in an elegant and quiet neighborhood, away from the chaos and just one stop from the historic center of Rome.",,https://a0.muscache.com/pictures/hosting/Hosting-U3RheVN1cHBseUxpc3Rpbmc6MTE4NTkzNDE5OTUxMzg5NDU5NA%3D%3D/original/2c918be1-10bd-4e22-a134-105ea5c1c302.jpeg,97063307,https://www.airbnb.com/users/show/97063307,Laura,28/09/16,"Rome, Italy",,within an hour,100%,80%,f,https://a0.muscache.com/im/pictures/user/d1ff88e4-5e74-46fd-ab6a-d29d3c24034f.jpg?aki_policy=profile_small,https://a0.muscache.com/im/pictures/user/d1ff88e4-5e74-46fd-ab6a-d29d3c24034f.jpg?aki_policy=profile_x_medium,,1.0,4.0,"['email', 'phone']",t,t,,II Parioli/Nomentano,,41.92400986,12.48639777,Entire condo,Entire home/apt,6,2.0,2 baths,3.0,4.0,"[""Extra pillows and blankets"", ""Hair dryer"", ""Bathtub"", ""Baking sheet"", ""Kitchen"", ""Coffee maker"", ""Heating"", ""Clothing storage"", ""Hot water kettle"", ""Hangers"", ""Dining table"", ""Cleaning available during stay"", ""Microwave"", ""Hot water"", ""Shower gel"", ""Host greets you"", ""Essentials"", ""Private entrance"", ""Bed linens"", ""Dishwasher"", ""Wine glasses"", ""Dishes and silverware"", ""Shampoo"", ""Portable fans"", ""Coffee"", ""Carbon monoxide alarm"", ""Stove"", ""Piano"", ""Body soap"", ""Bidet"", ""Freezer"", ""Wifi"", ""Single level home"", ""Refrigerator"", ""Cooking basics"", ""Washer""]",$180.00,2,28,2.0,2.0,28.0,28.0,2.0,28.0,,t,15,35,57,219,15/03/25,0,0,0,219,0,0,0.0,,,,,,,,,,IT058091C2GJTLNH5P,f,1,1,0,0,
26846,1.18386e+18,https://www.airbnb.com/rooms/1183864855980902605,20250300000000.0,10/03/25,city scrape,Trilussa Apartment,"Welcome to our cozy Holiday Home located in the beating heart of Trastevere, a short walk from Piazza Trilussa. The apartment, located on the first floor of a period building, is an open space that combines historical charm with modern comfort.<br /><br />Inside, you'll find a double bed that offers a serene and comfortable environment for rest. The kitchen area is equipped and has a dining table.",,https://a0.muscache.com/pictures/hosting/Hosting-1183864855980902605/original/c84d4ba4-1b08-4981-9ee4-b870ca604181.jpeg,212208096,https://www.airbnb.com/users/show/212208096,Laura,28/08/18,"Rome, Italy","Sono host a Roma da 10 anni. 
Oltre l’italiano, parlo inglese e francese.
Ho una laurea in economia e gestione delle imprese.
Ho gestito un hotel in Molise.
Ho ottenuto un master in management del turismo preso la 24Ore Business School, e ho effettuato un tirocinio presso una società.
Ho le principali attestazioni di Digital Training e copywriting.
Sono una persona paziente, empatica e disponibile.
Sono co-host e Property Manager.",within an hour,100%,100%,,https://a0.muscache.com/im/pictures/user/bdec20d4-5d3b-41ff-a8f8-5b7b5d59d97c.jpg?aki_policy=profile_small,https://a0.muscache.com/im/pictures/user/bdec20d4-5d3b-41ff-a8f8-5b7b5d59d97c.jpg?aki_policy=profile_x_medium,,33.0,45.0,"['email', 'phone', 'work_email']",t,t,,I Centro Storico,,41.89085302,12.47058816,Entire rental unit,Entire home/apt,2,1.0,1 bath,1.0,1.0,"[""Bidet"", ""Smoke alarm"", ""Hangers"", ""Fire extinguisher"", ""Refrigerator"", ""TV"", ""Wifi"", ""Hot water kettle"", ""Cleaning products"", ""Pets allowed"", ""Hot water"", ""Body soap"", ""Smoking allowed"", ""Heating"", ""Carbon monoxide alarm"", ""Wine glasses"", ""Dishes and silverware"", ""Air conditioning"", ""First aid kit"", ""Bed linens"", ""Shower gel"", ""Hair dryer"", ""Shampoo"", ""Freezer"", ""Other stove"", ""Kitchen""]",$89.00,2,365,2.0,2.0,365.0,365.0,2.0,365.0,,t,21,47,76,159,10/03/25,29,29,5,159,20,174,15486.0,09/07/24,04/03/25,4.52,4.79,4.72,4.86,4.83,4.76,4.55,IT058091B43ZFD8X7E,t,6,2,4,0,3.55
26900,1.18422e+18,https://www.airbnb.com/rooms/1184222347949148041,20250300000000.0,15/03/25,city scrape,"Stanza, bagno privato, box moto/bici","Private room of  11.00  square meters,  bathroom for exclusive use adjacent 4.00 square meters, balcony 4.00 square meters, WIFI<br />Perfect x one, book for  2 only if you don't need a lot of space (the cost changes)<br />MOTORCYCLE/BIKE spot in the box <br /><br />The house is in the suburbs, in the center you get Bus+Metro (Vatican in 45'- Colosseum 75')  <br /><br />Newly built residential area,<br />below the house: bus, pharmacy, bar, pastry shop, ice cream shop, pizzeria, hairdresser, tobacconist, shopping center with shops of all kinds that closes 8:30 pm","Private room with bathroom and balcony.<br />The apartment is in a suburban area.<br />Residential neighborhood, away from nightlife, very quiet.<br />100 meters from the apartment is the bus stop (frequency 2/3 every hour, from 05.30 am to 12.00 pm) which in 30 minutes leads to the metro, line A ""BATTISTINI""<br /><br />the Battistini metro stop is 4 km from the house, the connection is ensured by the ATAC bus line 46B, average travel time 30 minutes, as for the bus frequency that operates from 5.30 in the morning to 12:00 pm. Between 12:00 pm and 5:30 am only by taxi or on foot.<br /><br />From Battistini it is very fast to reach the Vatican (in 5 stops ""Ottaviano-San Pietro"") and the historic center (Piazza del Popolo, P.le Flaminio, in 7 stops and Piazza di Spagna in 8 stops)",https://a0.muscache.com/pictures/hosting/Hosting-U3RheVN1cHBseUxpc3Rpbmc6MTE4NDIyMjM0Nzk0OTE0ODA0MQ%3D%3D/original/47dc2a13-9927-4ec4-840a-6504af0ab5d4.jpeg,9613679,https://www.airbnb.com/users/show/9613679,Laura,24/10/13,"Rome, Italy",,within a few hours,100%,90%,t,https://a0.muscache.com/im/pictures/user/User-9613679/original/3f4faa87-46be-4600-85e6-c0a1468eb4a6.png?aki_policy=profile_small,https://a0.muscache.com/im/pictures/user/User-9613679/original/3f4faa87-46be-4600-85e6-c0a1468eb4a6.png?aki_policy=profile_x_medium,,1.0,1.0,"['email', 'phone']",t,t,"Rome, Lazio, Italy",XIV Monte Mario,,41.9309,12.39962,Private room in condo,Private room,2,1.0,1 private bath,1.0,2.0,"[""Extra pillows and blankets"", ""Smoke alarm"", ""Cleaning products"", ""Hair dryer"", ""Dedicated workspace"", ""Heating"", ""Hangers"", ""Patio or balcony"", ""Hot water"", ""Host greets you"", ""Essentials"", ""Bed linens"", ""Elevator"", ""Portable fans"", ""Carbon monoxide alarm"", ""Body soap"", ""Bidet"", ""Single level home"", ""Wifi"", ""Free street parking""]",$38.00,2,5,2.0,2.0,5.0,5.0,2.0,5.0,,t,16,27,44,55,15/03/25,22,22,0,55,21,132,5016.0,28/06/24,12/02/25,4.95,4.95,4.95,4.82,5.0,4.68,4.91,IT058091C2IT5L2Q4F,f,1,0,1,0,2.53
26949,1.18535e+18,https://www.airbnb.com/rooms/1185350766804835643,20250300000000.0,15/03/25,city scrape,Il Pincetto luminoso attico con terrazzo,"This stylish penthouse is the perfect base for exploring the city. Surrounded by the bright greenery of a historic garden, it will allow you to enjoy moments of relaxation in the vibrant setting of the Peroni District.<br /><br />Public transportation: <br />4’ m from the bus stop for the main attractions. <br />15’ walk from the metro station ""Castro Pretorio"". <br /><br />Surroundings walks:<br />Museum MACRO / 2’ <br />Casina delle Civette - Villa Torlonia / 10’ <br />Galleria borghese - Villa Borghese / 15’ <br />Quirinale / 25’<br />Trevi Fountain / 30’",,https://a0.muscache.com/pictures/hosting/Hosting-1185350766804835643/original/a16cca30-deda-4bb0-a976-9e54d73967fe.jpeg,49162241,https://www.airbnb.com/users/show/49162241,Laura,16/11/15,"Rome, Italy","Sono una professionista del design. Vivo a Roma con i miei due figli, due gatti e un cane. I viaggi sono la mia passione.",within an hour,100%,100%,t,https://a0.muscache.com/im/pictures/user/2bac0255-47da-4f9a-a22d-be25b9ca4670.jpg?aki_policy=profile_small,https://a0.muscache.com/im/pictures/user/2bac0255-47da-4f9a-a22d-be25b9ca4670.jpg?aki_policy=profile_x_medium,,1.0,1.0,"['email', 'phone']",t,t,,II Parioli/Nomentano,,41.91233672,12.50431395,Entire condo,Entire home/apt,6,2.0,2 baths,2.0,2.0,"[""Extra pillows and blankets"", ""Smoke alarm"", ""Backyard"", ""Outdoor dining area"", ""Cleaning products"", ""Air conditioning"", ""Hair dryer"", ""Bathtub"", ""Outdoor furniture"", ""Sun loungers"", ""Dedicated workspace"", ""Paid parking on premises"", ""Baking sheet"", ""First aid kit"", ""Kitchen"", ""Crib - available upon request"", ""Heating"", ""Hot water kettle"", ""Room-darkening shades"", ""Hangers"", ""Patio or balcony"", ""Housekeeping available from 10:00\u202fAM to 12:00\u202fPM, every day - available at extra cost"", ""Dining table"", ""Clothing storage: closet and wardrobe"", ""Books and reading material"", ""Blender"", ""Microwave"", ""Hot water"", ""TV"", ""Fire extinguisher"", ""Iron"", ""Paid parking off premises"", ""Mini fridge"", ""Other gas stove"", ""Window guards"", ""Pets allowed"", ""Long term stays allowed"", ""Shower gel"", ""Essentials"", ""Pack \u2019n play/Travel crib - available upon request"", ""Private entrance"", ""Bed linens"", ""Toaster"", ""Movie theater"", ""Dishwasher"", ""Wine glasses"", ""Dishes and silverware"", ""Shampoo"", ""Coffee"", ""Carbon monoxide alarm"", ""Body soap"", ""Coffee maker: espresso machine, pour-over coffee"", ""Bidet"", ""Lockbox"", ""Freezer"", ""Wifi"", ""Mosquito net"", ""Conditioner"", ""Refrigerator"", ""Children\u2019s books and toys"", ""Stainless steel double oven"", ""Cooking basics"", ""Free street parking"", ""Self check-in"", ""Luggage dropoff allowed"", ""Free dryer \u2013 In unit"", ""Standalone high chair - available upon request"", ""Washer""]",$140.00,3,365,3.0,3.0,365.0,365.0,3.0,365.0,,t,20,35,56,320,15/03/25,26,26,2,247,23,156,21840.0,08/07/24,27/02/25,4.92,4.85,4.81,5.0,5.0,4.69,4.88,IT058091C2V5IXPD86,t,1,1,0,0,3.11
27121,1.19049e+18,https://www.airbnb.com/rooms/1190490491864226286,20250300000000.0,05/03/25,city scrape,la casetta di Ostia,"The house is 50 meters from the ""lido centro"" metro station of Ostia. On the 5th floor, very quiet with internal views. It has a double double bedroom, with the possibility of inserting an extra bed for a third person. The living room has a kitchenette with an oven and refrigerator. Autonomous heating and hot water. Full bathroom with shower. Air conditioning in the living room. In the bedroom there is a fan. Self check-in. Free parking in the area",,https://a0.muscache.com/pictures/hosting/Hosting-1190490491864226286/original/33732518-5e92-4334-98f8-766314aa07fc.jpeg,443662000,https://www.airbnb.com/users/show/443662000,Laura,05/02/22,"Rome, Italy",,within an hour,100%,100%,f,https://a0.muscache.com/im/pictures/user/User-443662000/original/c5eb34c8-0c13-4dfb-9a22-08cc1c6cd407.jpeg?aki_policy=profile_small,https://a0.muscache.com/im/pictures/user/User-443662000/original/c5eb34c8-0c13-4dfb-9a22-08cc1c6cd407.jpeg?aki_policy=profile_x_medium,,2.0,2.0,"['email', 'phone']",t,f,,X Ostia/Acilia,,41.73224765,12.28435434,Entire rental unit,Entire home/apt,2,1.0,1 bath,1.0,1.0,"[""Bidet"", ""Hangers"", ""Mosquito net"", ""Refrigerator"", ""Single oven"", ""Portable fans"", ""Self check-in"", ""TV"", ""Other gas stove"", ""Laundromat nearby"", ""Paid parking garage on premises"", ""Wifi"", ""Free street parking"", ""Cleaning products"", ""Hot water"", ""Body soap"", ""Central air conditioning"", ""Dishes and silverware"", ""Elevator"", ""Central heating"", ""Window guards"", ""Bed linens"", ""Lockbox"", ""Hair dryer"", ""Baking sheet"", ""Cooking basics"", ""Clothing storage: closet"", ""Freezer"", ""Kitchen""]",$45.00,1,29,1.0,1.0,29.0,29.0,1.0,29.0,,t,18,46,76,256,05/03/25,17,17,0,256,17,102,4590.0,11/07/24,06/11/24,4.76,4.94,4.76,4.94,4.82,4.88,4.65,IT058091C2AQSLXGU,f,2,2,0,0,2.14
27125,1.19054e+18,https://www.airbnb.com/rooms/1190536415188333811,20250300000000.0,08/03/25,city scrape,Camera matrimoniale vicino Stazione Termini,"The proposed accommodation guarantees guests a comfortable and welcoming experience in the heart of Rome, near Termini station. Located on the second floor of a charming period palace in the historic Esquilino district, the master bedroom with private bathroom is part of a guest house consisting of four rooms in total. Guests will have access to an environment that combines comfort and familiarity.",,https://a0.muscache.com/pictures/hosting/Hosting-U3RheVN1cHBseUxpc3Rpbmc6MTE5MDUzNjQxNTE4ODMzMzgxMQ%3D%3D/original/72ae1426-3065-4c2f-8ba0-38931e4ca15b.jpeg,212208096,https://www.airbnb.com/users/show/212208096,Laura,28/08/18,"Rome, Italy","Sono host a Roma da 10 anni. 
Oltre l’italiano, parlo inglese e francese.
Ho una laurea in economia e gestione delle imprese.
Ho gestito un hotel in Molise.
Ho ottenuto un master in management del turismo preso la 24Ore Business School, e ho effettuato un tirocinio presso una società.
Ho le principali attestazioni di Digital Training e copywriting.
Sono una persona paziente, empatica e disponibile.
Sono co-host e Property Manager.",within an hour,100%,100%,,https://a0.muscache.com/im/pictures/user/bdec20d4-5d3b-41ff-a8f8-5b7b5d59d97c.jpg?aki_policy=profile_small,https://a0.muscache.com/im/pictures/user/bdec20d4-5d3b-41ff-a8f8-5b7b5d59d97c.jpg?aki_policy=profile_x_medium,,33.0,45.0,"['email', 'phone', 'work_email']",t,t,,I Centro Storico,,41.89331032,12.50678755,Private room in rental unit,Private room,2,1.0,1 private bath,1.0,1.0,"[""Paid parking off premises"", ""Dedicated workspace"", ""Iron"", ""Smoke alarm"", ""Hangers"", ""Fire extinguisher"", ""Refrigerator"", ""Coffee"", ""Self check-in"", ""Laundromat nearby"", ""Wifi"", ""Pack \u2019n play/Travel crib"", ""Hot water kettle"", ""Babysitter recommendations"", ""Cleaning products"", ""Pets allowed"", ""Lock on bedroom door"", ""Hot water"", ""Body soap"", ""Smoking allowed"", ""Heating"", ""Carbon monoxide alarm"", ""Single level home"", ""Wine glasses"", ""Crib"", ""Air conditioning"", ""First aid kit"", ""Building staff"", ""Bed linens"", ""Hair dryer"", ""Essentials"", ""Freezer"", ""Room-darkening shades""]",$73.00,2,365,2.0,2.0,365.0,365.0,2.0,365.0,,t,13,14,20,96,08/03/25,17,17,2,96,11,102,7446.0,04/08/24,17/02/25,4.65,4.82,4.65,4.82,4.94,4.53,4.59,IT058091C2IJHD792,t,6,2,4,0,2.35
27167,1.19333e+18,https://www.airbnb.com/rooms/1193325460670124969,20250300000000.0,15/03/25,city scrape,Giulia Mamea Suite,"Elegant suite located in Piazza Cola di Rienzo 92. The suite consists of a modern kitchen, a functional bathroom, and a large bedroom, for a comfortable and relaxing stay.<br />-Kitchen: Fully equipped with everything you need to prepare your meals.<br />- Bathroom: Equipped with shower, towels and essentials.<br />- Large double bedroom, spacious closet, and relaxation corner.<br />The location is strategic, with easy access to the city's main points of interest.",,https://a0.muscache.com/pictures/hosting/Hosting-U3RheVN1cHBseUxpc3Rpbmc6MTE5MzMyNTQ2MDY3MDEyNDk2OQ%3D%3D/original/4827daa7-98cd-4379-81d3-ce160f101d2d.jpeg,576780547,https://www.airbnb.com/users/show/576780547,Laura,10/05/24,"Rome, Italy",,within an hour,100%,100%,f,https://a0.muscache.com/im/pictures/user/User-576780547/original/ef003caa-fdc7-4faf-8906-963660e62dbf.jpeg?aki_policy=profile_small,https://a0.muscache.com/im/pictures/user/User-576780547/original/ef003caa-fdc7-4faf-8906-963660e62dbf.jpeg?aki_policy=profile_x_medium,,2.0,3.0,"['email', 'phone']",t,t,,I Centro Storico,,41.9083048,12.4675302,Entire rental unit,Entire home/apt,2,1.0,1 bath,1.0,1.0,"[""Smoke alarm"", ""Air conditioning"", ""Ethernet connection"", ""Clothing storage: closet"", ""Dedicated workspace"", ""First aid kit"", ""Kitchen"", ""Housekeeping available from 10:30\u202fAM to 3:30\u202fPM, every day - available at extra cost"", ""Hot water kettle"", ""Hangers"", ""Smart lock"", ""Hot water"", ""TV"", ""Fire extinguisher"", ""Mini fridge"", ""Shower gel"", ""Essentials"", ""Bed linens"", ""Elevator"", ""Heating - split type ductless system"", ""Shampoo"", ""Coffee"", ""Carbon monoxide alarm"", ""Body soap"", ""Bidet"", ""Other induction stove"", ""Wifi"", ""Conditioner"", ""Cooking basics"", ""Self check-in"", ""AKAI refrigerator""]",$180.00,2,365,2.0,2.0,1125.0,1125.0,2.0,1125.0,,t,28,58,88,268,15/03/25,9,9,0,268,9,54,9720.0,14/07/24,19/10/24,4.89,4.89,5.0,4.89,5.0,5.0,4.89,IT058091C277ECL65H,t,2,2,0,0,1.1
27200,1.19359e+18,https://www.airbnb.com/rooms/1193588641418174411,20250300000000.0,10/03/25,city scrape,Reserva Home Aventino…nel cuore di Roma!,"Apartamento RESERVA a Roma 60 m² in the elegant Aventino district, the Garbatella metro is 700 meters away. The apartment has free Wi-Fi throughout the property.<br />Located about 25 minutes walk from the Colosseum and about 2 km from the Papal Basilica San Paolo. It is 4 km from the center of Rome. Thisapartment is also about a 25-minute walk from the Roman Forum. It accommodates up to 4 people with a comfortable bedroom, bathroom, living room with full kitchen, sofa bed, table and TV.",,https://a0.muscache.com/pictures/hosting/Hosting-1193588641418174411/original/dfe6e8f9-99a3-46b6-be43-b4c92b073514.jpeg,453810046,https://www.airbnb.com/users/show/453810046,Laura,11/04/22,"Rome, Italy",,within an hour,100%,99%,t,https://a0.muscache.com/im/pictures/user/User-453810046/original/d74aec6f-345c-4618-a38d-02b878f20e65.jpeg?aki_policy=profile_small,https://a0.muscache.com/im/pictures/user/User-453810046/original/d74aec6f-345c-4618-a38d-02b878f20e65.jpeg?aki_policy=profile_x_medium,,2.0,2.0,"['email', 'phone']",t,t,,I Centro Storico,,41.87398904,12.48881243,Entire rental unit,Entire home/apt,4,1.0,1 bath,1.0,4.0,"[""TV"", ""Carbon monoxide alarm"", ""Self check-in"", ""Smoke alarm"", ""Hangers"", ""Fire extinguisher"", ""Wifi"", ""Essentials"", ""Extra pillows and blankets"", ""Air conditioning"", ""Keypad"", ""Clothing storage"", ""First aid kit"", ""Pets allowed"", ""Bed linens"", ""Room-darkening shades"", ""Kitchen"", ""Heating""]",$90.00,1,365,2.0,2.0,365.0,365.0,2.0,365.0,,t,22,32,49,322,10/03/25,31,31,1,254,27,186,16740.0,19/07/24,17/02/25,4.97,4.97,4.97,4.94,4.97,4.81,4.84,"I applied for a CIN, but haven’t received it yet",f,2,2,0,0,3.96
27245,1.19437e+18,https://www.airbnb.com/rooms/1194372738066890028,20250300000000.0,06/03/25,city scrape,Urban Chic Spa Loft,"Exclusive loft open space  with hot tub and unique design.<br />Here you will find an atmospheric environment, where all comforts are present, a bathroom with shower, complete kitchen with coffee and herbal tea corner and a large space to work.<br />The house was built by a well-known American architect, located a stone's throw from the ""Tiburtina"" metro and train station, perfect for reaching the historic center in just a few minutes.<br />ideal for couples and for those who want to relax in complete privacy.",Quiet and safe neighborhood with all kinds of services! In the surrounding streets you can find restaurants and bars of all types of both Italian and international cuisine.<br />Supermarkets and mini markets just 2 minutes from home.,https://a0.muscache.com/pictures/hosting/Hosting-U3RheVN1cHBseUxpc3Rpbmc6MTE5NDM3MjczODA2Njg5MDAyOA%3D%3D/original/2cb907c0-8116-46c7-8bea-700e74b6d40b.jpeg,122789933,https://www.airbnb.com/users/show/122789933,Mario,27/03/17,"Rome, Italy",,within an hour,100%,100%,,https://a0.muscache.com/im/pictures/user/51a9d79c-6a8a-4663-a82a-8d1f4d023c92.jpg?aki_policy=profile_small,https://a0.muscache.com/im/pictures/user/51a9d79c-6a8a-4663-a82a-8d1f4d023c92.jpg?aki_policy=profile_x_medium,,9.0,15.0,"['email', 'phone', 'work_email']",t,t,"Rome, Lazio, Italy",IV Tiburtina,,41.9067037,12.5368414,Entire rental unit,Entire home/apt,4,1.0,1 bath,1.0,1.0,"[""Dedicated workspace"", ""Bidet"", ""Smoke alarm"", ""Hangers"", ""Fire extinguisher"", ""Refrigerator"", ""Paid parking garage off premises"", ""Coffee"", ""Dining table"", ""Self check-in"", ""Microwave"", ""TV"", ""Private entrance"", ""Wifi"", ""Free street parking"", ""Hot water kettle"", ""Dishwasher"", ""Outlet covers"", ""Cleaning products"", ""Free washer \u2013 In unit"", ""Hot water"", ""Carbon monoxide alarm"", ""Wine glasses"", ""Dishes and silverware"", ""Air conditioning"", ""Central heating"", ""Hot tub"", ""First aid kit"", ""Bed linens"", ""Shower gel"", ""Indoor fireplace"", ""Lockbox"", ""Hair dryer"", ""Coffee maker: Nespresso"", ""Shampoo"", ""Freezer"", ""Stainless steel oven"", ""Room-darkening shades"", ""Kitchen""]",$121.00,2,365,1.0,2.0,365.0,365.0,2.0,365.0,,t,9,24,49,305,06/03/25,24,24,4,241,15,144,17424.0,06/09/24,01/03/25,4.58,4.79,4.5,5.0,4.88,4.38,4.46,IT47539785A1B73965,t,7,7,0,0,3.96
27313,1.19566e+18,https://www.airbnb.com/rooms/1195663369178426653,20250300000000.0,06/03/25,city scrape,Casa di Mono,"Located in Rome, just 1.2 km from Tiburtina Station, Casa di Mono consists of two bedrooms with shared bathroom, air conditioning, Netflix and a living room with open kitchen fully equipped with refrigerator and coffee maker.",,https://a0.muscache.com/pictures/miso/Hosting-1195663369178426653/original/5e034498-a227-4594-bae0-95143cece699.jpeg,201601442,https://www.airbnb.com/users/show/201601442,Serena,11/07/18,Italy,"Mi piace la buona cucina, la natura, leggere dei buoni libri e viaggiare.
Salentina d'origine per lavoro vivo a Roma, ho tanto tempo da dedicare ai miei ospiti, consigliarli su cosa vedere a Roma, e sulle specialità locali ed italiane da poter gustare, sono un ottima cuoca (cosi' dicono!) 
Cerco sempre di offrire una casa pulita con ogni comfort ed anche qualche piacevole sorpresa, perchè è ciò che io desidererei trovare nei miei viaggi.",,,0%,f,https://a0.muscache.com/im/pictures/user/32400881-0db9-40fc-881d-5c5c8d44a4ef.jpg?aki_policy=profile_small,https://a0.muscache.com/im/pictures/user/32400881-0db9-40fc-881d-5c5c8d44a4ef.jpg?aki_policy=profile_x_medium,,1.0,2.0,"['email', 'phone']",t,t,,IV Tiburtina,,41.90833,12.54401,Private room in bed and breakfast,Private room,2,1.0,1 shared bath,2.0,3.0,"[""TV"", ""Lock on bedroom door"", ""Bidet"", ""Hangers"", ""Wine glasses"", ""Wifi"", ""Host greets you"", ""Heating"", ""Air conditioning"", ""Clothing storage"", ""Dining table"", ""Bed linens"", ""Room-darkening shades"", ""Kitchen"", ""Hot water"", ""Body soap"", ""Hair dryer""]",$64.00,31,365,31.0,31.0,365.0,365.0,31.0,365.0,,t,0,4,34,124,06/03/25,0,0,0,124,0,0,0.0,,,,,,,,,,,f,1,0,1,0,
27537,1.20068e+18,https://www.airbnb.com/rooms/1200679916132992719,20250300000000.0,10/03/25,city scrape,Camera a Trastevere,"Hi! I'm Laura and I rent a room for short periods in my apartment in Rome, which is a stone's throw from Trastevere Station. The apartment is spacious, colorful, bright and with double exposure. The price is definitely lower than average for the presence of a single bathroom (with bathtub and no shower) and above all the limitations on the use of the kitchen: cooking is not allowed, but washing machine, refrigerator and of course running water are available!",,https://a0.muscache.com/pictures/miso/Hosting-1200679916132992719/original/6b67a99c-5ba2-450e-86a5-9e4b5a52d50d.jpeg,7795848,https://www.airbnb.com/users/show/7795848,Laura,29/07/13,"Rome, Italy","I'm italian, I was born near Venice but I live in Rome. I work in film industry and that's the reason why sometimes I travel. But other times I do it just for fun. :)",a few days or more,0%,0%,f,https://a0.muscache.com/im/users/7795848/profile_pic/1375113411/original.jpg?aki_policy=profile_small,https://a0.muscache.com/im/users/7795848/profile_pic/1375113411/original.jpg?aki_policy=profile_x_medium,,1.0,1.0,"['email', 'phone']",t,t,,XII Monte Verde,,41.87443672,12.46775833,Private room in rental unit,Private room,2,1.0,1 bath,1.0,1.0,"[""TV"", ""Lock on bedroom door"", ""Wifi"", ""Washer""]",$32.00,31,365,31.0,31.0,365.0,365.0,31.0,365.0,,t,0,0,0,0,10/03/25,0,0,0,0,0,0,0.0,,,,,,,,,,,f,1,0,1,0,
27678,1.20351e+18,https://www.airbnb.com/rooms/1203511373957725741,20250300000000.0,12/03/25,city scrape,The Black Pearl - Trastevere - Center of Rome,"Discover the charm of Rome by staying in our newly renovated apartment a few steps from the Staz. Trastevere. Easily reachable whether you arrive by plane or train. An ideal base for exploring the city, with excellent transport links and attractions close at hand. Ideal for groups or families, the accommodation consists of 4 private rooms, each equipped with a bathroom and private balcony to ensure maximum privacy and comfort. The common area consists of a fully equipped kitchen.","You will appreciate the proximity to Trastevere station, the numerous buses and trams that pass very close by and that will quickly take you to the city center. Near the house you will find shops, restaurants and trattorias of good quality and with good prices.",https://a0.muscache.com/pictures/hosting/Hosting-1203511373957725741/original/5736425f-f679-4a3b-b469-7a2fa6ae5b5f.jpeg,590573096,https://www.airbnb.com/users/show/590573096,Mario,18/07/24,"Rome, Italy",,within an hour,100%,100%,t,https://a0.muscache.com/im/pictures/user/User/original/6551005b-4afe-4d03-8cb7-2639ce1160c4.jpeg?aki_policy=profile_small,https://a0.muscache.com/im/pictures/user/User/original/6551005b-4afe-4d03-8cb7-2639ce1160c4.jpeg?aki_policy=profile_x_medium,,5.0,5.0,"['email', 'phone']",t,t,"Rome, Lazio, Italy",XII Monte Verde,,41.87629233,12.46701424,Private room in condo,Private room,2,1.0,1 private bath,1.0,1.0,"[""43 inch HDTV with Amazon Prime Video, Netflix"", ""Bidet"", ""Iron"", ""Dedicated workspace"", ""Smoke alarm"", ""Hangers"", ""Fire extinguisher"", ""Refrigerator"", ""Toaster"", ""Paid parking garage off premises"", ""Coffee"", ""Ethernet connection"", ""Coffee maker: drip coffee maker, espresso machine, Nespresso"", ""Dining table"", ""Self check-in"", ""Microwave"", ""Laundromat nearby"", ""Paid washer \u2013 In unit"", ""Wifi"", ""Free street parking"", ""Hot water kettle"", ""Long term stays allowed"", ""Stove"", ""Cleaning products"", ""Paid dryer \u2013 In unit"", ""Drying rack for clothing"", ""Luggage dropoff allowed"", ""Lock on bedroom door"", ""Hot water"", ""Body soap"", ""Carbon monoxide alarm"", ""Wine glasses"", ""Dishes and silverware"", ""Elevator"", ""Outdoor furniture"", ""Air conditioning"", ""Central heating"", ""Smart lock"", ""Clothing storage: wardrobe"", ""First aid kit"", ""Bed linens"", ""Shower gel"", ""Hair dryer"", ""Baking sheet"", ""Private patio or balcony"", ""Shampoo"", ""Essentials"", ""Cooking basics"", ""Freezer"", ""Extra pillows and blankets"", ""Table corner guards"", ""Exterior security cameras on property"", ""Stainless steel single oven"", ""Room-darkening shades"", ""Kitchen""]",$77.00,1,28,1.0,2.0,1125.0,1125.0,1.1,1125.0,,t,0,0,0,0,12/03/25,25,25,4,0,15,150,11550.0,16/09/24,02/03/25,5.0,5.0,5.0,4.96,5.0,4.72,4.88,IT058091C2P495DNNK,f,5,1,4,0,4.21
27679,1.20351e+18,https://www.airbnb.com/rooms/1203512466280035392,20250300000000.0,10/03/25,city scrape,The Black Palm - Trastevere - Center of Rome,"Discover the charm of Rome by staying in our newly renovated apartment a few steps from the Staz. Trastevere. Easily reachable whether you arrive by plane or train. An ideal base for exploring the city, with excellent transport links and attractions close at hand. Ideal for groups or families, the accommodation consists of 4 private rooms, each equipped with a bathroom and private balcony to ensure maximum privacy and comfort. The common area consists of a fully equipped kitchen.","You will appreciate the proximity to Trastevere station, the many buses and trams that pass very close and that will take you quickly to the city center. Close to home you will find good level shops, restaurants and trattorias with good prices.",https://a0.muscache.com/pictures/hosting/Hosting-1203512466280035392/original/81ea76e5-7bd2-43ff-b250-9d07b6d97e9f.jpeg,590573096,https://www.airbnb.com/users/show/590573096,Mario,18/07/24,"Rome, Italy",,within an hour,100%,100%,t,https://a0.muscache.com/im/pictures/user/User/original/6551005b-4afe-4d03-8cb7-2639ce1160c4.jpeg?aki_policy=profile_small,https://a0.muscache.com/im/pictures/user/User/original/6551005b-4afe-4d03-8cb7-2639ce1160c4.jpeg?aki_policy=profile_x_medium,,5.0,5.0,"['email', 'phone']",t,t,"Rome, Lazio, Italy",XII Monte Verde,,41.875124,12.4660634,Private room in condo,Private room,2,1.0,1 private bath,1.0,1.0,"[""43 inch HDTV with Amazon Prime Video, Netflix"", ""Bidet"", ""Iron"", ""Dedicated workspace"", ""Smoke alarm"", ""Hangers"", ""Fire extinguisher"", ""Refrigerator"", ""Toaster"", ""Paid parking garage off premises"", ""Coffee"", ""Ethernet connection"", ""Dining table"", ""Self check-in"", ""Microwave"", ""Laundromat nearby"", ""Paid washer \u2013 In unit"", ""Wifi"", ""Free street parking"", ""Other induction stove"", ""Oven"", ""Hot water kettle"", ""Long term stays allowed"", ""Cleaning products"", ""Paid dryer \u2013 In unit"", ""Drying rack for clothing"", ""Luggage dropoff allowed"", ""Lock on bedroom door"", ""Hot water"", ""Body soap"", ""Carbon monoxide alarm"", ""City skyline view"", ""Wine glasses"", ""Dishes and silverware"", ""Elevator"", ""Outdoor furniture"", ""Air conditioning"", ""Central heating"", ""Smart lock"", ""First aid kit"", ""Bed linens"", ""Shower gel"", ""Housekeeping - available at extra cost"", ""Hair dryer"", ""Baking sheet"", ""Private patio or balcony"", ""Shampoo"", ""Cooking basics"", ""Clothing storage: closet"", ""Freezer"", ""Extra pillows and blankets"", ""Table corner guards"", ""Exterior security cameras on property"", ""Coffee maker: drip coffee maker, espresso machine"", ""Room-darkening shades"", ""Kitchen""]",$73.00,1,28,1.0,2.0,1125.0,1125.0,1.1,1125.0,,t,0,0,0,0,10/03/25,16,16,2,0,12,96,7008.0,17/09/24,02/03/25,4.94,4.88,5.0,4.81,5.0,4.5,4.75,IT058091C2P495DNNK,f,5,1,4,0,2.74
27832,1.20878e+18,https://www.airbnb.com/rooms/1208776651403406105,20250300000000.0,06/03/25,city scrape,Happy Home davanti la metro vicina al centro città,"Elegant apartment in the Appio-Latino neighborhood. Recently renovated and equipped with every amenity. The apartment can accommodate up to three people and offers a great location to visit the city thanks to its proximity to the metro Line A (450 meters) and bus line 87 (1 minute) and line 628  (2 minutes) on foot, which lead in a short time to the Basilica of San Giovanni, the Colosseum, the Vatican and all the most beautiful places in Rome to visit.","The Appio-Latino district is dominated by the large Appia Antica Regional Park, with bike paths that pass through historical sites such as Via Appia, the tombs of Via Latina and the ancient Roman villas. Restaurants, cafes, and bars fill Via Appia Nuova and the surrounding streets, its strategic location and public transport services (metro, bus, and train) allow you to reach any part of the city in a few minutes.",https://a0.muscache.com/pictures/miso/Hosting-1208776651403406105/original/3b0ca22b-cadb-4cee-89a2-b3b4f471704e.jpeg,508058154,https://www.airbnb.com/users/show/508058154,Laura,01/04/23,"Rome, Italy",,within an hour,100%,100%,t,https://a0.muscache.com/im/pictures/user/User-508058154/original/2a268bc4-5593-4e5a-b40c-9cdfde03aa0e.jpeg?aki_policy=profile_small,https://a0.muscache.com/im/pictures/user/User-508058154/original/2a268bc4-5593-4e5a-b40c-9cdfde03aa0e.jpeg?aki_policy=profile_x_medium,,1.0,1.0,"['email', 'phone']",t,t,"Rome, Lazio, Italy",VII San Giovanni/Cinecittà,,41.8719396,12.51843,Entire rental unit,Entire home/apt,3,1.0,1 bath,1.0,1.0,"[""Bidet"", ""Iron"", ""Hangers"", ""Refrigerator"", ""Coffee"", ""Dining table"", ""Washer"", ""Microwave"", ""TV"", ""Wifi"", ""Free street parking"", ""Host greets you"", ""Oven"", ""Hot water kettle"", ""Cleaning products"", ""Hot water"", ""Wine glasses"", ""Dishes and silverware"", ""Air conditioning"", ""Central heating"", ""First aid kit"", ""Bed linens"", ""Shower gel"", ""Hair dryer"", ""Baking sheet"", ""Shampoo"", ""Cooking basics"", ""Freezer"", ""Extra pillows and blankets"", ""Coffee maker: pour-over coffee"", ""Other stove"", ""Kitchen""]",$103.00,2,28,2.0,2.0,28.0,28.0,2.0,28.0,,t,24,43,64,154,06/03/25,12,12,1,154,10,72,7416.0,19/08/24,17/02/25,5.0,4.92,4.92,5.0,5.0,4.75,4.92,IT058091C2QUUY6ZMM,t,1,1,0,0,1.8
27906,1.21296e+18,https://www.airbnb.com/rooms/1212962144424022943,20250300000000.0,07/03/25,city scrape,Beautiful holiday house,New apartment near Vatican Museum.,,https://a0.muscache.com/pictures/miso/Hosting-1212962144424022943/original/6def1c1f-05b5-4fce-a736-c3f43a236a93.jpeg,449517801,https://www.airbnb.com/users/show/449517801,Mario,14/03/22,,,within an hour,100%,100%,,https://a0.muscache.com/im/pictures/user/23aa1c85-ae9e-45e0-82f6-eb86d760c7e6.jpg?aki_policy=profile_small,https://a0.muscache.com/im/pictures/user/23aa1c85-ae9e-45e0-82f6-eb86d760c7e6.jpg?aki_policy=profile_x_medium,,7.0,7.0,"['email', 'phone']",t,t,,I Centro Storico,,41.91272,12.45331,Entire rental unit,Entire home/apt,4,1.0,1 bath,1.0,2.0,"[""TV"", ""Dedicated workspace"", ""Fire extinguisher"", ""Wifi"", ""Paid parking on premises"", ""Air conditioning"", ""Smart lock"", ""First aid kit"", ""Washer"", ""Self check-in"", ""Pets allowed"", ""Kitchen"", ""Smoking allowed""]",$70.00,1,365,1.0,2.0,365.0,365.0,1.1,365.0,,t,2,6,11,198,07/03/25,16,16,4,163,6,96,6720.0,09/08/24,20/02/25,4.75,4.88,4.63,4.94,4.81,4.88,4.88,IT058091B4CGZ3OGZQ,t,5,3,2,0,2.27
27948,1.2135e+18,https://www.airbnb.com/rooms/1213498134916986831,20250300000000.0,05/03/25,city scrape,Suite Laghetto EUR,"Kick back and relax inthis calm, stylish space. <br />Suite Laghetto EUR has spectacular views of the EUR pond. Located in a strategic position in the center of the EUR, it is connected to the center of Rome, by metro B (the EUR Palasport station is a short walk away), and numerous bus lines. In just a few minutes you can reach the Raccordo (GRA) and Fiumicino airport.<br />The apartment is elegantly furnished and has air conditioning and Wi-Fi.",,https://a0.muscache.com/pictures/miso/Hosting-1213498134916986831/original/ea54ce9c-1d7d-4d5f-afc6-0483683c6646.jpeg,148899597,https://www.airbnb.com/users/show/148899597,Mario,03/09/17,"Rome, Italy",,within an hour,100%,85%,t,https://a0.muscache.com/im/pictures/user/27e4b104-3672-414d-9331-84f41cf63740.jpg?aki_policy=profile_small,https://a0.muscache.com/im/pictures/user/27e4b104-3672-414d-9331-84f41cf63740.jpg?aki_policy=profile_x_medium,,2.0,2.0,"['email', 'phone']",t,t,,IX Eur,,41.83126463,12.46368376,Entire rental unit,Entire home/apt,3,1.0,1 bath,1.0,2.0,"[""Paid parking off premises"", ""Dedicated workspace"", ""Bidet"", ""Iron"", ""Hangers"", ""Refrigerator"", ""Bolgheri shampoo"", ""Paid parking on premises"", ""Coffee"", ""Dining table"", ""Washer"", ""Self check-in"", ""Microwave"", ""TV"", ""Other gas stove"", ""Private entrance"", ""Wifi"", ""Children\u2019s dinnerware"", ""Oven"", ""Dishwasher"", ""Hot water kettle"", ""Long term stays allowed"", ""Cleaning products"", ""Drying rack for clothing"", ""Pets allowed"", ""Luggage dropoff allowed"", ""Hot water"", ""Carbon monoxide alarm"", ""Bolgheri body soap"", ""Dishes and silverware"", ""Elevator"", ""Outdoor furniture"", ""Keypad"", ""Central heating"", ""Bed linens"", ""Ceiling fan"", ""Hair dryer"", ""Heating - split type ductless system"", ""Coffee maker: Nespresso"", ""Private patio or balcony"", ""Clothing storage: wardrobe and dresser"", ""Cooking basics"", ""AC - split type ductless system"", ""Freezer"", ""Extra pillows and blankets"", ""Bathtub"", ""Kitchen"", ""Safe""]",$130.00,1,45,1.0,1.0,45.0,45.0,1.0,45.0,,t,10,29,46,279,05/03/25,8,8,1,216,5,48,6240.0,26/09/24,24/02/25,4.88,4.88,4.88,4.88,4.75,5.0,4.88,IT058091C2U52NSZOU,t,1,1,0,0,1.49
28257,1.21936e+18,https://www.airbnb.com/rooms/1219361422880530447,20250300000000.0,10/03/25,previous scrape,Casa di Luce,"You'll be close to everything in the city with this place in the center. Easy access to the Center, Termini Station, and Airports ideal for a stay in the city center. Beautiful residential area with restaurants, bars and supermarkets. Great location easy to reach even by car. Inside a courtyard full of plants and very peaceful. A loft suitable for families and friends and also for couples or singles.",,https://a0.muscache.com/pictures/miso/Hosting-1219361422880530447/original/143b4572-937d-40af-974c-f5e3242bc6a4.jpeg,595115454,https://www.airbnb.com/users/show/595115454,Mario,09/08/24,"Rome, Italy",Ho viaggiato molto e conosciuto molte persone che mi hanno accolto. Vorrei ricambiare con i miei ospiti il benvenuto datomi nei miei viaggi.,within an hour,100%,92%,t,https://a0.muscache.com/im/pictures/user/User/original/05d12300-61b9-4e6e-b980-672a79d0966d.jpeg?aki_policy=profile_small,https://a0.muscache.com/im/pictures/user/User/original/05d12300-61b9-4e6e-b980-672a79d0966d.jpeg?aki_policy=profile_x_medium,,1.0,1.0,"['email', 'phone']",t,t,,II Parioli/Nomentano,,41.9111422,12.4999126,Entire rental unit,Entire home/apt,4,,1 bath,2.0,,"[""Dedicated workspace"", ""Iron"", ""Smoke alarm"", ""Hangers"", ""Fire extinguisher"", ""Refrigerator"", ""Clothing storage"", ""TV"", ""Wifi"", ""Host greets you"", ""Oven"", ""Stove"", ""Cleaning products"", ""Pets allowed"", ""Hot water"", ""Body soap"", ""Heating"", ""Carbon monoxide alarm"", ""Wine glasses"", ""Dishes and silverware"", ""Air conditioning"", ""First aid kit"", ""Bed linens"", ""Shower gel"", ""Conditioner"", ""Hair dryer"", ""Shampoo"", ""Cooking basics"", ""Freezer"", ""Books and reading material"", ""Extra pillows and blankets"", ""Kitchen"", ""Safe""]",,31,31,31.0,31.0,1125.0,1125.0,31.0,1125.0,,t,0,0,0,0,10/03/25,12,12,0,0,12,255,,16/08/24,13/11/24,4.92,4.92,4.83,4.92,5.0,5.0,4.75,,f,1,1,0,0,1.74
28275,1.21946e+18,https://www.airbnb.com/rooms/1219457733255837602,20250300000000.0,15/03/25,city scrape,Apt 2 bathrooms e balcony near Trastevere,"93m2<br />Total renovation completed in June 2024.<br />Bright, outdoor view, upstairs with elevator, long balcony. <br />2 double bedrooms, 2 bathrooms with bidet and 90x90 showers.<br />Air conditioning in the rooms and living area, 50 'flat screen TV, electric shutters, security door, windows with double glazing.<br />Furniture, mattresses, dishes, all new linens.<br />Mattresses and memory cushions<br />Structured accommodation so that each guest can spend their stay in absolute comfort.",,https://a0.muscache.com/pictures/miso/Hosting-1219457733255837602/original/b7632c4d-3406-4701-8881-7a4496f1ab20.jpeg,587694736,https://www.airbnb.com/users/show/587694736,Laura,05/07/24,,"Ho sempre lavorato a contatto con il pubblico, mi piace accogliere le persone e conoscere gente proveniente da altre parti d'Italia e del mondo. Tutto ciò che è presente nell'appartamento rispecchia il mio gusto e le mie preferenze, il mio desiderio è quello di dare ai miei ospiti un alloggio dove possano sentirsi a loro agio così come mi ci sento io.",within an hour,100%,100%,f,https://a0.muscache.com/defaults/user_pic-50x50.png?v=3,https://a0.muscache.com/defaults/user_pic-225x225.png?v=3,,1.0,1.0,"['email', 'phone']",f,t,,XI Arvalia/Portuense,,41.8696945,12.4681321,Entire vacation home,Entire home/apt,4,2.0,2 baths,2.0,2.0,"[""Extra pillows and blankets"", ""Cleaning products"", ""Air conditioning"", ""Hair dryer"", ""Baking sheet"", ""Oven"", ""Kitchen"", ""Clothing storage: wardrobe and dresser"", ""Coffee maker"", ""Heating"", ""Hot water kettle"", ""Hangers"", ""Dining table"", ""Microwave"", ""Hot water"", ""TV"", ""Iron"", ""Drying rack for clothing"", ""Host greets you"", ""Bed linens"", ""Elevator"", ""Wine glasses"", ""Dishes and silverware"", ""Shampoo"", ""Coffee"", ""Stove"", ""Body soap"", ""Bidet"", ""Freezer"", ""Wifi"", ""Single level home"", ""Refrigerator"", ""Cooking basics""]",$152.00,3,1125,2.0,3.0,1125.0,1125.0,3.0,1125.0,,t,29,53,83,353,15/03/25,2,2,0,280,2,12,1824.0,05/10/24,22/10/24,5.0,5.0,5.0,5.0,5.0,5.0,5.0,IT058091C2E8WRKJR2,f,1,1,0,0,0.37
28318,1.2224e+18,https://www.airbnb.com/rooms/1222398215580193968,20250300000000.0,07/03/25,city scrape,spacious flat in classic Italian style,"Spacious apartment in classic Italian style, perfect for families and groups, with 4 bedrooms and 8 beds, a large living room with comfortable sofas, equipped kitchen, 2 full bathrooms and a private balcony.<br /><br />Its convenient location makes it an excellent base for those who want to visit the city. Perfectly connected with the main attractions that are easily reached by public transit.","The property is located in a quiet residential area near the Vatican less than a 20-minute walk away.<br /><br />The accommodation is perfectly connected by public transport, the metro line A ""Valle Aurelia"" is just 500 meters away and the bus stop is a short walk away.<br /><br />Nearby you will find all the necessary services such as: bars, restaurants, supermarket, pharmacy, bank, gas station.<br />At 200 meters you will find the ""Aura"" shopping center.",https://a0.muscache.com/pictures/miso/Hosting-1222398215580193968/original/8a13d320-5914-45af-8368-115b30edca4a.jpeg,595930570,https://www.airbnb.com/users/show/595930570,Laura,13/08/24,,,within an hour,100%,100%,f,https://a0.muscache.com/im/pictures/user/User/original/d32f3e0f-6d14-42af-a895-f86136c53c79.jpeg?aki_policy=profile_small,https://a0.muscache.com/im/pictures/user/User/original/d32f3e0f-6d14-42af-a895-f86136c53c79.jpeg?aki_policy=profile_x_medium,,1.0,1.0,"['email', 'phone']",t,t,"Rome, Lazio, Italy",XIII Aurelia,,41.89938039,12.43978709,Entire condo,Entire home/apt,8,2.0,2 baths,4.0,4.0,"[""Paid parking off premises"", ""Dedicated workspace"", ""Bidet"", ""Iron"", ""Toaster"", ""Smoke alarm"", ""Hangers"", ""Fire extinguisher"", ""Refrigerator"", ""Clothing storage"", ""Dining table"", ""Washer"", ""Piano"", ""Portable fans"", ""TV"", ""Laundromat nearby"", ""Wifi"", ""Free street parking"", ""Oven"", ""Dishwasher"", ""Stove"", ""Cleaning products"", ""Drying rack for clothing"", ""Luggage dropoff allowed"", ""Hot water"", ""Body soap"", ""Heating"", ""Carbon monoxide alarm"", ""Single level home"", ""Wine glasses"", ""Dishes and silverware"", ""Elevator"", ""Air conditioning"", ""Bed linens"", ""Shower gel"", ""Hair dryer"", ""Baking sheet"", ""Private patio or balcony"", ""Shampoo"", ""Essentials"", ""Cooking basics"", ""Freezer"", ""Bathtub"", ""Kitchen""]",$113.00,2,29,2.0,2.0,1125.0,1125.0,2.0,1125.0,,t,11,29,59,143,07/03/25,14,14,1,143,12,84,9492.0,29/08/24,26/02/25,4.71,4.71,4.64,4.86,4.79,4.57,4.5,IT058091C2G25NYOJ9,t,1,1,0,0,2.2
28397,1.22454e+18,https://www.airbnb.com/rooms/1224538856195753418,20250300000000.0,06/03/25,city scrape,Laura's RHome,"Entire apartment 350 meters from Metro Line A in 4 stops takes you to San Giovanni, 7 to Termini train station and in 10 stops to Piazza di Spagna! <br />Bright and cozy consisting of a large double bedroom with TV and air conditioning, large living room with sofa bed (one and a half square) equipped with TV and air conditioning, equipped kitchen and bathroom with jacuzzi. Ability to request a camping bed and high chair.<br />No architectural barriers or steps.",,https://a0.muscache.com/pictures/miso/Hosting-1224538856195753418/original/b87d7115-9532-4c10-bc22-a7c46947d638.jpeg,454588473,https://www.airbnb.com/users/show/454588473,Laura,16/04/22,,,within an hour,100%,100%,f,https://a0.muscache.com/im/pictures/user/3fca9962-b71d-49dd-ab54-7f20f1366911.jpg?aki_policy=profile_small,https://a0.muscache.com/im/pictures/user/3fca9962-b71d-49dd-ab54-7f20f1366911.jpg?aki_policy=profile_x_medium,,1.0,1.0,"['email', 'phone']",t,t,,VII San Giovanni/Cinecittà,,41.87143,12.52925,Entire rental unit,Entire home/apt,4,1.0,1 bath,1.0,2.0,"[""TV"", ""Carbon monoxide alarm"", ""Iron"", ""Laundromat nearby"", ""Fire extinguisher"", ""Crib"", ""Wifi"", ""Cooking basics"", ""Paid parking on premises"", ""Heating"", ""Air conditioning"", ""Smart lock"", ""Hot tub"", ""Washer"", ""Self check-in"", ""Kitchen"", ""First aid kit"", ""Hair dryer""]",$87.00,2,29,1.0,2.0,1125.0,1125.0,1.8,1125.0,,t,13,20,33,244,06/03/25,1,1,1,237,0,6,522.0,24/02/25,24/02/25,4.0,5.0,5.0,4.0,5.0,5.0,5.0,IT058091C2C2ZNLP7Y,t,1,1,0,0,1.0
28465,1.22816e+18,https://www.airbnb.com/rooms/1228161883046760409,20250300000000.0,15/03/25,city scrape,Carrozze Apartment,"Delightful apartment of 55 square meters located on the first floor with elevator in Via delle Carrozze 16. Completely renovated, the apartment is conveniently located in the heart of the historic center, within walking distance of the extraordinary Piazza di Spagna. It consists of a large bedroom, walk-in closet, bathroom with large shower, large living room with kitchenette and double sofa bed, another half bathroom. Reachable by Metro, line A, stop ""Spain"".",,https://a0.muscache.com/pictures/miso/Hosting-1228161883046760409/original/4c0cf86f-29cc-468f-99c3-a9e195d82908.jpeg,573632243,https://www.airbnb.com/users/show/573632243,Laura,22/04/24,,,,,91%,f,https://a0.muscache.com/defaults/user_pic-50x50.png?v=3,https://a0.muscache.com/defaults/user_pic-225x225.png?v=3,,1.0,1.0,"['email', 'phone']",f,t,,I Centro Storico,,41.90510257,12.47889864,Entire rental unit,Entire home/apt,2,1.5,1.5 baths,1.0,1.0,"[""Cleaning products"", ""Air conditioning"", ""Hair dryer"", ""Kitchen"", ""Heating"", ""Clothing storage"", ""Hot water kettle"", ""Hangers"", ""Dining table"", ""Coffee maker: Nespresso"", ""Books and reading material"", ""Microwave"", ""Hot water"", ""TV"", ""Fire extinguisher"", ""Iron"", ""Shower gel"", ""Host greets you"", ""Bed linens"", ""Wine glasses"", ""Dishes and silverware"", ""Shampoo"", ""Carbon monoxide alarm"", ""Body soap"", ""Bidet"", ""Other induction stove"", ""Lockbox"", ""Wifi"", ""Refrigerator"", ""Cooking basics"", ""Self check-in""]",$220.00,2,28,2.0,2.0,28.0,28.0,2.0,28.0,,t,30,60,90,249,15/03/25,3,3,0,249,3,18,3960.0,29/09/24,26/10/24,5.0,5.0,5.0,5.0,5.0,5.0,5.0,IT058091C26E76LTHK,f,1,1,0,0,0.54
28483,1.22825e+18,https://www.airbnb.com/rooms/1228250025812633871,20250300000000.0,15/03/25,city scrape,Lary's Rooms - Vatican,"Lary's Rooms is a new guest house in the center of Rome, its location is strategic as it is located a few meters from San Pietro, Castel Sant'Angelo and the Ottaviano metro stop.<br />Our guests will enjoy several amenities: daily room cleaning, wi-fi, air conditioning, toiletries, smart TV, luggage storage, 24/7 online reception...",,https://a0.muscache.com/pictures/miso/Hosting-1228250025812633871/original/182e9fb3-dfdf-400d-a96a-1eb10070db3a.jpeg,672336904,https://www.airbnb.com/users/show/672336904,Laura,11/01/25,,,,,,f,https://a0.muscache.com/defaults/user_pic-50x50.png?v=3,https://a0.muscache.com/defaults/user_pic-225x225.png?v=3,,3.0,3.0,"['email', 'phone']",f,f,,I Centro Storico,,41.909077,12.4558818,Private room in rental unit,Private room,2,1.0,1 bath,1.0,1.0,"[""Smoke alarm"", ""Wifi"", ""Air conditioning"", ""Hair dryer"", ""Smart lock"", ""Fire extinguisher"", ""TV"", ""Dedicated workspace"", ""Iron"", ""Exterior security cameras on property"", ""Paid parking on premises"", ""Self check-in"", ""First aid kit"", ""Carbon monoxide alarm"", ""Heating"", ""Lock on bedroom door""]",$111.00,1,365,1.0,3.0,10.0,99.0,2.1,47.2,,t,5,12,29,195,15/03/25,0,0,0,189,0,0,0.0,,,,,,,,,,IT058091B47U66S2JS,t,3,0,3,0,
28492,1.22608e+18,https://www.airbnb.com/rooms/1226081563960928450,20250300000000.0,11/03/25,city scrape,Mellini 44 Penthouse,"Super bright penthouse on the top floor of a modern building equipped with concierge in a very central but also quiet area of the refined Prati district and close to excellent shops and restaurants. From the apartment you can easily walk in a few minutes to attractions such as Castel Sant'Angelo, Piazza  Navona, Via del Corso, Piazza di Spagna, San Pietro and Vatican Museums.",,https://a0.muscache.com/pictures/hosting/Hosting-1226081563960928450/original/741e8600-2ea1-4b17-99c0-fcdac290292a.jpeg,596912343,https://www.airbnb.com/users/show/596912343,Laura,18/08/24,,,within an hour,100%,100%,t,https://a0.muscache.com/defaults/user_pic-50x50.png?v=3,https://a0.muscache.com/defaults/user_pic-225x225.png?v=3,,1.0,1.0,"['email', 'phone']",f,t,,I Centro Storico,,41.90812248,12.47239512,Entire rental unit,Entire home/apt,3,1.0,1 bath,2.0,2.0,"[""Dedicated workspace"", ""Bidet"", ""Iron"", ""Paid parking on premises"", ""Coffee"", ""Dining table"", ""Kitchen"", ""Washer"", ""TV"", ""Wifi"", ""Hot water kettle"", ""Dishwasher"", ""Pets allowed"", ""Hot water"", ""Dishes and silverware"", ""Elevator"", ""Air conditioning"", ""Central heating"", ""First aid kit"", ""Bed linens"", ""Hair dryer"", ""Freezer"", ""Oven""]",$158.00,3,30,3.0,3.0,30.0,30.0,3.0,30.0,,t,16,31,60,222,11/03/25,11,11,2,222,8,66,10428.0,22/09/24,23/02/25,5.0,5.0,4.91,4.82,4.82,5.0,4.91,IT058091C2MAKBWCKM,t,1,1,0,0,1.93
28516,1.22901e+18,https://www.airbnb.com/rooms/1229011089201006578,20250300000000.0,08/03/25,city scrape,Lary's Rooms Vatican,"Lary's Rooms is a new guest house in the center of Rome, its location is strategic as it is located a few meters from San Pietro, Castel Sant'Angelo and the Ottaviano metro stop. Our guests will enjoy several amenities: daily room cleaning, wi-fi, air conditioning, toiletries, smart TV, luggage storage, 24/7 online reception...",,https://a0.muscache.com/pictures/miso/Hosting-1229011089201006578/original/b335a944-4733-406f-a88e-e1722eaf0ae6.jpeg,672336904,https://www.airbnb.com/users/show/672336904,Laura,11/01/25,,,,,,f,https://a0.muscache.com/defaults/user_pic-50x50.png?v=3,https://a0.muscache.com/defaults/user_pic-225x225.png?v=3,,3.0,3.0,"['email', 'phone']",f,f,,I Centro Storico,,41.909077,12.4558818,Private room in rental unit,Private room,3,1.0,1 private bath,1.0,2.0,"[""TV"", ""Lock on bedroom door"", ""Carbon monoxide alarm"", ""Iron"", ""Dedicated workspace"", ""Smoke alarm"", ""Fire extinguisher"", ""Wifi"", ""Paid parking on premises"", ""Air conditioning"", ""Smart lock"", ""Exterior security cameras on property"", ""First aid kit"", ""Self check-in"", ""Hair dryer"", ""Heating""]",$114.00,1,365,1.0,3.0,2.0,99.0,2.2,45.7,,t,8,15,27,210,08/03/25,0,0,0,204,0,0,0.0,,,,,,,,,,IT058091B47U66S2JS,t,3,0,3,0,
28517,1.22902e+18,https://www.airbnb.com/rooms/1229016598893157479,20250300000000.0,11/03/25,city scrape,Lary's Rooms Vatican,"Lary's Rooms is a new guest house in the center of Rome, its location is strategic as it is located a few meters from San Pietro, Castel Sant'Angelo and the Ottaviano metro stop. Our guests will enjoy several amenities: daily room cleaning, wi-fi, air conditioning, toiletries, smart TV, luggage storage, 24/7 online reception...",,https://a0.muscache.com/pictures/miso/Hosting-1229016598893157479/original/38403701-f445-45f2-891b-7c38a6bc0a37.jpeg,672336904,https://www.airbnb.com/users/show/672336904,Laura,11/01/25,,,,,,f,https://a0.muscache.com/defaults/user_pic-50x50.png?v=3,https://a0.muscache.com/defaults/user_pic-225x225.png?v=3,,3.0,3.0,"['email', 'phone']",f,f,,I Centro Storico,,41.909077,12.4558818,Private room in rental unit,Private room,4,1.0,1 private bath,1.0,2.0,"[""TV"", ""Lock on bedroom door"", ""Carbon monoxide alarm"", ""Iron"", ""Dedicated workspace"", ""Smoke alarm"", ""Fire extinguisher"", ""Wifi"", ""Air conditioning"", ""Smart lock"", ""Exterior security cameras on property"", ""First aid kit"", ""Self check-in"", ""Hair dryer"", ""Heating""]",$124.00,1,365,1.0,3.0,10.0,99.0,2.1,46.4,,t,0,0,0,0,11/03/25,1,1,0,0,1,6,744.0,11/11/24,11/11/24,5.0,5.0,5.0,5.0,5.0,4.0,4.0,IT058091B47U66S2JS,t,3,0,3,0,0.25
28556,1.23243e+18,https://www.airbnb.com/rooms/1232433110055548304,20250300000000.0,12/03/25,city scrape,Dimora Aniene,"Large apartment, located a few meters from the Conca d 'Oro Metro station, connected to all tourist sites,  has 2 double bedrooms and a living room with sofa bed, suitable for couples of friends and families, is equipped with wi-fi fiber, smart TV, air conditioning in each room, full kitchen and modern bathroom with shower.",,https://a0.muscache.com/pictures/hosting/Hosting-U3RheVN1cHBseUxpc3Rpbmc6MTIzMjQzMzExMDA1NTU0ODMwNA%3D%3D/original/6e6bb565-d382-4efc-8646-bb1dda677b38.jpeg,122789933,https://www.airbnb.com/users/show/122789933,Mario,27/03/17,"Rome, Italy",,within an hour,100%,100%,,https://a0.muscache.com/im/pictures/user/51a9d79c-6a8a-4663-a82a-8d1f4d023c92.jpg?aki_policy=profile_small,https://a0.muscache.com/im/pictures/user/51a9d79c-6a8a-4663-a82a-8d1f4d023c92.jpg?aki_policy=profile_x_medium,,9.0,15.0,"['email', 'phone', 'work_email']",t,t,,III Monte Sacro,,41.93741638,12.53094337,Entire rental unit,Entire home/apt,6,1.0,1 bath,2.0,3.0,"[""Dedicated workspace"", ""Bidet"", ""Iron"", ""Smoke alarm"", ""Hangers"", ""Fire extinguisher"", ""Refrigerator"", ""Paid parking garage off premises"", ""Clothing storage"", ""Washer"", ""Self check-in"", ""TV"", ""Wifi"", ""Free street parking"", ""Hot water kettle"", ""Stove"", ""Cleaning products"", ""Hot water"", ""Body soap"", ""Wine glasses"", ""Elevator"", ""Air conditioning"", ""Central heating"", ""First aid kit"", ""Bed linens"", ""Shower gel"", ""Lockbox"", ""Hair dryer"", ""Shampoo"", ""Extra pillows and blankets"", ""Kitchen""]",$103.00,2,28,2.0,2.0,28.0,28.0,2.0,28.0,,t,30,60,90,270,12/03/25,0,0,0,270,0,0,0.0,,,,,,,,,,IT058091C2EPWF2WSU,t,7,7,0,0,
28695,1.2332e+18,https://www.airbnb.com/rooms/1233195622300866149,20250300000000.0,05/03/25,city scrape,Portami in Villa -Gianicolo,"Cute studio in the Monteverde district, 1.9 km from Trastevere Station that connects the Leonardo da Vinci airport in Fiumicino, 3.5 km from St. Peter's Basilica, 2.5 km from Bambino Jesús hospital and 1.5 km from San Camillo hospital.<br />Old town easily reachable by bus nearby <br />It is located in the building on the second floor without an elevator, entire apartment in open space with a double bed and sofa bed, kitchen, bathroom with shower, washing machine and outdoor balcony",,https://a0.muscache.com/pictures/hosting/Hosting-1233195622300866149/original/f8ead745-2b5d-445f-976a-559c1b56d208.jpeg,541062145,https://www.airbnb.com/users/show/541062145,Laura,09/10/23,"Rome, Italy",Credo nella condivisione e nel tutt’uno dell’universo e mi piace pensare che ogni ospite a Portami in Villa possa portare con se un bel ricordo in ogni angolo della terra e oltre! ✨,within an hour,100%,100%,t,https://a0.muscache.com/im/pictures/user/User/original/17e31ba0-6822-4c74-93ae-f6f6914f2c08.jpeg?aki_policy=profile_small,https://a0.muscache.com/im/pictures/user/User/original/17e31ba0-6822-4c74-93ae-f6f6914f2c08.jpeg?aki_policy=profile_x_medium,,1.0,1.0,"['email', 'phone']",t,f,,XII Monte Verde,,41.8793923,12.4508097,Entire rental unit,Entire home/apt,2,1.0,1 bath,1.0,3.0,"[""Dedicated workspace"", ""Bidet"", ""Iron"", ""Fire extinguisher"", ""Hangers"", ""Refrigerator"", ""Paid parking on premises"", ""Coffee"", ""Ethernet connection"", ""Dining table"", ""Crib - available upon request"", ""Clothing storage: walk-in closet"", ""Washer"", ""Microwave"", ""TV"", ""Children\u2019s books and toys"", ""Housekeeping available 1 day a week - available at extra cost"", ""Coffee maker: espresso machine"", ""Wifi"", ""Free street parking"", ""Hot water kettle"", ""Cleaning products"", ""Blender"", ""Pets allowed"", ""Hot water"", ""Body soap"", ""Heating"", ""Wine glasses"", ""Dishes and silverware"", ""Outdoor furniture"", ""Air conditioning"", ""First aid kit"", ""Bed linens"", ""Shower gel"", ""Ceiling fan"", ""Conditioner"", ""Hair dryer"", ""Private patio or balcony"", ""Shampoo"", ""Essentials"", ""Cooking basics"", ""Freezer"", ""High chair - available upon request"", ""Changing table - available upon request"", ""Other stove"", ""Kitchen"", ""Safe""]",$95.00,1,28,1.0,1.0,28.0,28.0,1.0,28.0,,t,21,32,42,202,05/03/25,11,11,0,202,11,66,6270.0,18/09/24,06/12/24,4.91,5.0,4.91,4.91,5.0,4.64,4.82,IT058091C2492HEJD6,t,1,1,0,0,1.95
28732,1.23381e+18,https://www.airbnb.com/rooms/1233805812709991852,20250300000000.0,10/03/25,city scrape,Trastevere Cisterna 9,"Kick back and relax in this calm, stylish space. In the heart of Trastevere in a quite street is this magnificent fully refurbished apartment in a historical building in Trastevere. Fully equipped with all amenities of a high end apartment. All rooms have high power air conditioning. Bathrooms are sunlight bright and stylish.",,https://a0.muscache.com/pictures/miso/Hosting-1233805812709991852/original/b5629561-04a3-4eee-a19e-a6928c09920c.jpeg,598861338,https://www.airbnb.com/users/show/598861338,Mario,29/08/24,,,within an hour,100%,100%,t,https://a0.muscache.com/defaults/user_pic-50x50.png?v=3,https://a0.muscache.com/defaults/user_pic-225x225.png?v=3,,2.0,3.0,"['email', 'phone']",f,t,,I Centro Storico,,41.88945063,12.47222413,Entire rental unit,Entire home/apt,5,2.0,2 baths,2.0,4.0,"[""Bidet"", ""Iron"", ""Smoke alarm"", ""Fire extinguisher"", ""Refrigerator"", ""Paid parking garage off premises"", ""Ethernet connection"", ""Dining table"", ""Washer"", ""TV"", ""Housekeeping available every day - available at extra cost"", ""Laundromat nearby"", ""Wifi"", ""Coffee maker"", ""Host greets you"", ""Oven"", ""Dishwasher"", ""Stove"", ""Long term stays allowed"", ""Drying rack for clothing"", ""Hot water"", ""Body soap"", ""Heating"", ""Carbon monoxide alarm"", ""Crib"", ""Dishes and silverware"", ""Air conditioning"", ""First aid kit"", ""Bed linens"", ""Conditioner"", ""Hair dryer"", ""Shampoo"", ""Cooking basics"", ""Freezer"", ""Kitchen"", ""Safe""]",$152.00,3,365,3.0,3.0,365.0,365.0,3.0,365.0,,t,11,30,38,301,10/03/25,8,8,0,233,7,48,7296.0,18/09/24,07/01/25,4.63,4.88,4.75,4.63,4.75,4.75,4.25,IT058091C2N9UAGDRZ,t,2,2,0,0,1.38
28734,1.23382e+18,https://www.airbnb.com/rooms/1233821433642390953,20250300000000.0,12/03/25,city scrape,Trastevere Cisterna 8,"Sit back, enjoy the bliss in this calm, stylish space. In the heart of Trastevere, fully refurbished in style this apartment offers a unique way to experience Trastevere, with unique views of ancient roof tops covered in vegetation in the heart of Rome.",,https://a0.muscache.com/pictures/miso/Hosting-1233821433642390953/original/43960a81-8324-4dc0-9246-59e40a7db050.jpeg,598861338,https://www.airbnb.com/users/show/598861338,Mario,29/08/24,,,within an hour,100%,100%,t,https://a0.muscache.com/defaults/user_pic-50x50.png?v=3,https://a0.muscache.com/defaults/user_pic-225x225.png?v=3,,2.0,3.0,"['email', 'phone']",f,t,,I Centro Storico,,41.88971735,12.47293054,Entire rental unit,Entire home/apt,4,2.0,2 baths,2.0,3.0,"[""Bidet"", ""Iron"", ""Smoke alarm"", ""Hangers"", ""Fire extinguisher"", ""Refrigerator"", ""Ethernet connection"", ""Dining table"", ""Washer"", ""TV"", ""Radiant heating"", ""Laundromat nearby"", ""Coffee maker"", ""Host greets you"", ""Oven"", ""Dishwasher"", ""Stove"", ""Drying rack for clothing"", ""Hot water"", ""Carbon monoxide alarm"", ""Housekeeping available 3 hours a day, every day - available at extra cost"", ""Crib"", ""Dishes and silverware"", ""Air conditioning"", ""Central heating"", ""First aid kit"", ""Conditioner"", ""Hair dryer"", ""Shampoo"", ""Essentials"", ""Cooking basics"", ""Freezer"", ""Kitchen"", ""Fast wifi \u2013 78 Mbps"", ""Safe""]",$172.00,3,365,2.0,3.0,365.0,365.0,3.0,365.0,,t,4,14,22,213,12/03/25,10,10,1,146,8,60,10320.0,23/09/24,21/02/25,5.0,4.8,5.0,4.7,4.8,4.9,4.7,IT058091C2V3SA7GFU,t,2,2,0,0,1.75
28772,1.23641e+18,https://www.airbnb.com/rooms/1236412366866684385,20250300000000.0,07/03/25,city scrape,Private room near the Colosseum,Enjoy a local experience in Romanesque style in “Casa Bianca”.,,https://a0.muscache.com/pictures/hosting/Hosting-1236412366866684385/original/ec186465-8c5c-4919-aacb-b4eb5d99a0d8.jpeg,541139130,https://www.airbnb.com/users/show/541139130,Laura,09/10/23,,,within a few hours,100%,97%,t,https://a0.muscache.com/im/pictures/user/User-541139130/original/9e658c48-469c-4077-9315-4a2d6069c032.jpeg?aki_policy=profile_small,https://a0.muscache.com/im/pictures/user/User-541139130/original/9e658c48-469c-4077-9315-4a2d6069c032.jpeg?aki_policy=profile_x_medium,,2.0,3.0,['phone'],t,t,,I Centro Storico,,41.88880173,12.51152466,Private room in rental unit,Private room,2,1.0,1 shared bath,1.0,1.0,"[""Dedicated workspace"", ""Fire extinguisher"", ""Paid parking on premises"", ""First aid kit"", ""Lock on bedroom door""]",$63.00,2,365,2.0,2.0,365.0,365.0,2.0,365.0,,t,13,17,25,277,07/03/25,3,3,0,212,3,18,1134.0,01/10/24,22/10/24,5.0,4.67,5.0,5.0,5.0,5.0,4.67,IT058091C2Z5K4XJVX,f,2,0,2,0,0.57
28887,1.23822e+18,https://www.airbnb.com/rooms/1238218572602342694,20250300000000.0,12/03/25,city scrape,Appartamento Roma MetroA,"Lovely newly renovated apartment, located 750 meters from Metro A of Arco di Travertino and 750 meters from Porta Furba.<br />The apartment is on the ground floor of a 2-story building and enjoys a 60 sqm terrace equipped with table, chairs and a sunshade. <br />The area is very quiet despite having restaurants, bars and aperitifs within walking distance.<br />The apartment can accommodate up to 4 people.<br />Free covered parking",,https://a0.muscache.com/pictures/hosting/Hosting-U3RheVN1cHBseUxpc3Rpbmc6MTIzODIxODU3MjYwMjM0MjY5NA%3D%3D/original/35443687-1584-4c43-8449-585fe3245ff2.jpeg,585641159,https://www.airbnb.com/users/show/585641159,Laura,25/06/24,"Rome, Italy",,,,,f,https://a0.muscache.com/im/pictures/user/User/original/f0d913e7-12f3-4df2-81aa-6591ee2bdaae.jpeg?aki_policy=profile_small,https://a0.muscache.com/im/pictures/user/User/original/f0d913e7-12f3-4df2-81aa-6591ee2bdaae.jpeg?aki_policy=profile_x_medium,,1.0,1.0,"['email', 'phone']",t,t,,VII San Giovanni/Cinecittà,,41.86641503,12.54224374,Entire rental unit,Entire home/apt,4,1.0,1 bath,1.0,5.0,"[""Bidet"", ""Iron"", ""Smoke alarm"", ""Hangers"", ""Mosquito net"", ""Coffee"", ""Clothing storage"", ""Microwave"", ""TV"", ""Wifi"", ""Host greets you"", ""Stove"", ""Cleaning products"", ""Hot water"", ""Heating"", ""Carbon monoxide alarm"", ""Wine glasses"", ""Elevator"", ""Outdoor furniture"", ""Air conditioning"", ""Bed linens"", ""Shower gel"", ""Hair dryer"", ""Freezer"", ""Free parking on premises"", ""Books and reading material"", ""Extra pillows and blankets"", ""Outdoor dining area"", ""Oven""]",$161.00,3,28,3.0,3.0,1125.0,1125.0,3.0,1125.0,,t,29,59,89,179,12/03/25,0,0,0,179,0,0,0.0,,,,,,,,,,IT058091C2JPQZR3ZD,t,1,1,0,0,
28894,1.24107e+18,https://www.airbnb.com/rooms/1241074884682005714,20250300000000.0,05/03/25,city scrape,La casa di Denise Apartment,"Denise's house is an elegant and quiet apartment in the heart of Ostia, a short walk from the sea and a ten-minute walk from Lido Centro station that leads to the center of Rome. The house is on the second floor, totally renovated, with all comforts for a pleasant stay. Below the house are bars, supermarkets, pharmacies and the fascinating Via delle Baleniere for shopping. And then, in addition to the local markets, you can enjoy the typical markets, set up right behind the house.",,https://a0.muscache.com/pictures/hosting/Hosting-U3RheVN1cHBseUxpc3Rpbmc6MTI0MTA3NDg4NDY4MjAwNTcxNA%3D%3D/original/2f9f1f4d-0383-49d0-ad65-658f489290fd.jpeg,650845045,https://www.airbnb.com/users/show/650845045,Laura,08/09/24,,,within an hour,100%,100%,f,https://a0.muscache.com/im/pictures/user/User/original/75e38f20-d6b4-46d3-8a6f-af5b6e1e4e97.jpeg?aki_policy=profile_small,https://a0.muscache.com/im/pictures/user/User/original/75e38f20-d6b4-46d3-8a6f-af5b6e1e4e97.jpeg?aki_policy=profile_x_medium,,1.0,1.0,"['email', 'phone']",t,t,,X Ostia/Acilia,,41.73554064,12.27498436,Entire condo,Entire home/apt,2,1.0,1 bath,1.0,1.0,"[""Bidet"", ""Hangers"", ""Refrigerator"", ""Coffee"", ""Clothing storage"", ""TV"", ""Laundromat nearby"", ""Wifi"", ""Coffee maker"", ""Host greets you"", ""Hot water kettle"", ""Cleaning products"", ""Hot water"", ""Body soap"", ""Heating"", ""Carbon monoxide alarm"", ""Wine glasses"", ""Dishes and silverware"", ""Air conditioning"", ""Trash compactor"", ""First aid kit"", ""Bed linens"", ""Conditioner"", ""Hair dryer"", ""Shampoo"", ""Essentials"", ""Freezer"", ""Waterfront"", ""Free parking on premises"", ""Extra pillows and blankets"", ""Beach access \u2013 Beachfront"", ""Room-darkening shades""]",$63.00,1,30,1.0,1.0,1125.0,1125.0,1.0,1125.0,,t,2,3,10,17,05/03/25,1,1,0,17,1,6,378.0,27/12/24,27/12/24,5.0,5.0,5.0,5.0,5.0,5.0,5.0,IT058091C2H234YNZH,t,1,1,0,0,0.43
29025,1.24638e+18,https://www.airbnb.com/rooms/1246378261505396721,20250300000000.0,06/03/25,city scrape,Il mondo di Gianna,"Our vacation home is the ideal place to immerse yourself in the unique atmosphere of this eternal city. Located in a privileged location, we offer you a cozy and comfortable retreat for your Roman stay. The spacious and tastefully furnished rooms offer you an oasis of relaxation.  Our property is a short walk from the Jonio metro stop, line B1 a few minutes from the main tourist attractions of the city of Rome.",,https://a0.muscache.com/pictures/miso/Hosting-1246378261505396721/original/a7ca42c7-575a-4e31-97a2-2dee806435f3.jpeg,27024893,https://www.airbnb.com/users/show/27024893,Laura,01/02/15,,,within an hour,100%,,f,https://a0.muscache.com/im/users/27024893/profile_pic/1422778609/original.jpg?aki_policy=profile_small,https://a0.muscache.com/im/users/27024893/profile_pic/1422778609/original.jpg?aki_policy=profile_x_medium,,1.0,1.0,"['email', 'phone']",t,f,,III Monte Sacro,,41.9478429,12.5254998,Entire rental unit,Entire home/apt,5,1.0,1 bath,3.0,3.0,"[""Dedicated workspace"", ""Bidet"", ""Iron"", ""Fire extinguisher"", ""Hangers"", ""Refrigerator"", ""Coffee"", ""Dining table"", ""Kitchen"", ""Dove body soap"", ""Microwave"", ""Children\u2019s books and toys for ages 0-2 years old, 2-5 years old, 5-10 years old, and 10+ years old"", ""Free carport on premises \u2013 2 spaces"", ""Other gas stove"", ""Radiant heating"", ""Laundromat nearby"", ""Coffee maker: espresso machine"", ""Wifi"", ""Children\u2019s dinnerware"", ""Hot water kettle"", ""Dishwasher"", ""Board games"", ""Outdoor playground"", ""Cleaning products"", ""Free washer \u2013 In unit"", ""Blender"", ""Hot water"", ""Pack \u2019n play/Travel crib - available upon request"", ""Carbon monoxide alarm"", ""Single level home"", ""Wine glasses"", ""Dishes and silverware"", ""Elevator"", ""Outdoor furniture"", ""Dove shampoo"", ""Smeg stainless steel single oven"", ""First aid kit"", ""Shower gel"", ""Conditioner"", ""Hair dryer"", ""Heating - split type ductless system"", ""Baking sheet"", ""Cooking basics"", ""AC - split type ductless system"", ""Freezer"", ""Books and reading material"", ""Extra pillows and blankets"", ""Clamp on table seat high chair - available upon request"", ""Patio or balcony"", ""Table corner guards"", ""50 inch TV with standard cable"", ""Clothing storage: closet, wardrobe, and dresser""]",$171.00,2,365,2.0,2.0,365.0,365.0,2.0,365.0,,t,26,53,83,358,06/03/25,0,0,0,294,0,0,0.0,,,,,,,,,,IT058091C2IIE9PAE5,f,1,1,0,0,
29220,1.2505e+18,https://www.airbnb.com/rooms/1250502172931191937,20250300000000.0,10/03/25,city scrape,"The Colosseo Room: Relax, Comfort e Stile a Roma","Le Tre M Guesthouse, modern and cozy, offers 4 independent rooms with private bathroom, ultra-fast Wi-Fi and exclusive amenities such as memory foam mattresses and fridge in the room. Located in the historic district of Tor Pignattara, just 20 minutes from the center of Rome, it is perfect for exploring the city. Enjoy a private garden with seasonal pool and proximity to the fascinating frescoed catacombs. Well connected by public transport, it is surrounded by restaurants, bars and essential services.",,https://a0.muscache.com/pictures/miso/Hosting-1250502172931191937/original/331fe21d-44fc-4e7a-a72a-38b265003b10.jpeg,651638443,https://www.airbnb.com/users/show/651638443,Mario,12/09/24,"Rome, Italy",,within a few hours,100%,100%,f,https://a0.muscache.com/im/pictures/user/User/original/dbffdc33-d4e3-4dff-ad45-44a3d22f20a1.jpeg?aki_policy=profile_small,https://a0.muscache.com/im/pictures/user/User/original/dbffdc33-d4e3-4dff-ad45-44a3d22f20a1.jpeg?aki_policy=profile_x_medium,,4.0,4.0,"['email', 'phone']",t,t,,V Prenestino/Centocelle,,41.87887,12.542106,Private room in condo,Private room,2,1.0,1 private bath,1.0,1.0,"[""Paid parking off premises"", ""Bidet"", ""Iron"", ""Fire extinguisher"", ""Hangers"", ""Refrigerator"", ""Washer"", ""Microwave"", ""TV"", ""Pool"", ""Wifi"", ""Coffee maker"", ""Free street parking"", ""Host greets you"", ""Dishwasher"", ""Stove"", ""Luggage dropoff allowed"", ""Lock on bedroom door"", ""Hot water"", ""Heating"", ""Carbon monoxide alarm"", ""Single level home"", ""Dishes and silverware"", ""Air conditioning"", ""First aid kit"", ""Bed linens"", ""Backyard"", ""Hair dryer"", ""Cooking basics"", ""Extra pillows and blankets"", ""Exterior security cameras on property"", ""Room-darkening shades"", ""Kitchen""]",$87.00,1,29,1.0,1.0,1.0,29.0,1.0,24.6,,t,9,24,53,298,10/03/25,0,0,0,230,0,0,0.0,,,,,,,,,,IT058091B4N9Y8BSVQ,t,4,0,4,0,
29223,1.25057e+18,https://www.airbnb.com/rooms/1250571030753840321,20250300000000.0,10/03/25,city scrape,"The Fori Room: Relax, Comfort e Stile a Roma","Le Tre M Guesthouse, modern and cozy, offers 4 independent rooms with private bathroom, ultra-fast Wi-Fi and exclusive amenities such as memory foam mattresses and fridge in the room. Located in the historic district of Tor Pignattara, just 20 minutes from the center of Rome, it is perfect for exploring the city. Enjoy a private garden with seasonal pool and proximity to the fascinating frescoed catacombs. Well connected by public transport, it is surrounded by restaurants, bars and essential services.",,https://a0.muscache.com/pictures/miso/Hosting-1250571030753840321/original/0f7b0a59-2242-4f19-af7a-b47703571460.jpeg,651638443,https://www.airbnb.com/users/show/651638443,Mario,12/09/24,"Rome, Italy",,within a few hours,100%,100%,f,https://a0.muscache.com/im/pictures/user/User/original/dbffdc33-d4e3-4dff-ad45-44a3d22f20a1.jpeg?aki_policy=profile_small,https://a0.muscache.com/im/pictures/user/User/original/dbffdc33-d4e3-4dff-ad45-44a3d22f20a1.jpeg?aki_policy=profile_x_medium,,4.0,4.0,"['email', 'phone']",t,t,,V Prenestino/Centocelle,,41.87887,12.542106,Private room in condo,Private room,2,1.0,1 private bath,1.0,2.0,"[""Bidet"", ""Iron"", ""Fire extinguisher"", ""Hangers"", ""Refrigerator"", ""Washer"", ""Microwave"", ""TV"", ""Pool"", ""Wifi"", ""Coffee maker"", ""Free street parking"", ""Host greets you"", ""Dishwasher"", ""Stove"", ""Luggage dropoff allowed"", ""Lock on bedroom door"", ""Hot water"", ""Heating"", ""Carbon monoxide alarm"", ""Single level home"", ""Dishes and silverware"", ""Air conditioning"", ""First aid kit"", ""Bed linens"", ""Backyard"", ""Hair dryer"", ""Cooking basics"", ""BBQ grill"", ""Extra pillows and blankets"", ""Exterior security cameras on property"", ""Kitchen""]",$75.00,1,365,1.0,1.0,1.0,365.0,1.0,57.0,,t,20,41,70,329,10/03/25,0,0,0,261,0,0,0.0,,,,,,,,,,IT058091B4N9Y8BSVQ,t,4,0,4,0,
29238,1.25083e+18,https://www.airbnb.com/rooms/1250833260783831376,20250300000000.0,12/03/25,city scrape,"The S.Pietro Room: Relax, Comfort e Stile a Roma","Le Tre M Guesthouse, modern and cozy, offers 4 independent rooms with private bathroom, ultra-fast Wi-Fi and exclusive amenities such as memory foam mattresses and fridge in the room. Located in the historic district of Tor Pignattara, just 20 minutes from the center of Rome, it is perfect for exploring the city. Enjoy a private garden with seasonal pool and proximity to the fascinating frescoed catacombs. Well connected by public transport, it is surrounded by restaurants, bars and essential services.",,https://a0.muscache.com/pictures/miso/Hosting-1250833260783831376/original/b931b3e3-45d7-41d3-8a4a-1362eb586796.jpeg,651638443,https://www.airbnb.com/users/show/651638443,Mario,12/09/24,"Rome, Italy",,within a few hours,100%,100%,f,https://a0.muscache.com/im/pictures/user/User/original/dbffdc33-d4e3-4dff-ad45-44a3d22f20a1.jpeg?aki_policy=profile_small,https://a0.muscache.com/im/pictures/user/User/original/dbffdc33-d4e3-4dff-ad45-44a3d22f20a1.jpeg?aki_policy=profile_x_medium,,4.0,4.0,"['email', 'phone']",t,t,,V Prenestino/Centocelle,,41.87887,12.54211,Private room in condo,Private room,2,1.0,1 private bath,1.0,2.0,"[""Bidet"", ""Iron"", ""Fire extinguisher"", ""Hangers"", ""Mosquito net"", ""Refrigerator"", ""Coffee"", ""Clothing storage"", ""Dining table"", ""Washer"", ""Microwave"", ""TV"", ""Pool"", ""Laundromat nearby"", ""Wifi"", ""Free street parking"", ""Host greets you"", ""Other induction stove"", ""Hot water kettle"", ""Dishwasher"", ""Drying rack for clothing"", ""Blender"", ""Private backyard \u2013 Fully fenced"", ""Luggage dropoff allowed"", ""Lock on bedroom door"", ""Hot water"", ""Shared patio or balcony"", ""Heating"", ""Carbon monoxide alarm"", ""Single level home"", ""Dishes and silverware"", ""Outdoor furniture"", ""Air conditioning"", ""First aid kit"", ""Bed linens"", ""Hair dryer"", ""Coffee maker: Nespresso"", ""Cooking basics"", ""Freezer"", ""Extra pillows and blankets"", ""Outdoor dining area"", ""Exterior security cameras on property"", ""Paid parking lot off premises"", ""Room-darkening shades"", ""Kitchen""]",$75.00,3,30,3.0,3.0,1.0,30.0,3.0,25.4,,t,6,6,6,6,12/03/25,1,1,0,0,0,6,450.0,01/01/25,01/01/25,5.0,5.0,5.0,5.0,5.0,5.0,5.0,IT058091B4N9Y8BSVQ,t,4,0,4,0,0.42
29396,1.25265e+18,https://www.airbnb.com/rooms/1252645718346104630,20250300000000.0,10/03/25,city scrape,"The Spagna Room: Relax, Comfort e Stile a Roma","Le Tre M Guesthouse, modern and cozy, offers 4 independent rooms with private bathroom, ultra-fast Wi-Fi and exclusive amenities such as memory foam mattresses and fridge in the room. Located in the historic district of Tor Pignattara, just 20 minutes from the center of Rome, it is perfect for exploring the city. Enjoy a private garden with seasonal pool and proximity to the fascinating frescoed catacombs. Well connected by public transport, it is surrounded by restaurants, bars and essential services.",,https://a0.muscache.com/pictures/miso/Hosting-1252645718346104630/original/f496e5b3-cff4-4bcb-803e-935f71a5645c.jpeg,651638443,https://www.airbnb.com/users/show/651638443,Mario,12/09/24,"Rome, Italy",,within a few hours,100%,100%,f,https://a0.muscache.com/im/pictures/user/User/original/dbffdc33-d4e3-4dff-ad45-44a3d22f20a1.jpeg?aki_policy=profile_small,https://a0.muscache.com/im/pictures/user/User/original/dbffdc33-d4e3-4dff-ad45-44a3d22f20a1.jpeg?aki_policy=profile_x_medium,,4.0,4.0,"['email', 'phone']",t,t,,V Prenestino/Centocelle,,41.87996753,12.54153217,Private room in rental unit,Private room,3,1.0,1 private bath,1.0,2.0,"[""Paid parking off premises"", ""Bidet"", ""Iron"", ""Fire extinguisher"", ""Hangers"", ""Mosquito net"", ""Refrigerator"", ""Coffee"", ""Clothing storage"", ""Dining table"", ""Washer"", ""Microwave"", ""TV"", ""Pool"", ""Laundromat nearby"", ""Wifi"", ""Coffee maker"", ""Free street parking"", ""Host greets you"", ""Hot water kettle"", ""Dishwasher"", ""Stove"", ""Drying rack for clothing"", ""Blender"", ""Luggage dropoff allowed"", ""Lock on bedroom door"", ""Hot water"", ""Heating"", ""Carbon monoxide alarm"", ""Single level home"", ""Dishes and silverware"", ""Outdoor furniture"", ""Air conditioning"", ""First aid kit"", ""Bed linens"", ""Backyard"", ""Hair dryer"", ""Cooking basics"", ""Freezer"", ""Extra pillows and blankets"", ""Outdoor dining area"", ""Patio or balcony"", ""Exterior security cameras on property"", ""Room-darkening shades"", ""Kitchen""]",$89.00,1,365,1.0,1.0,1.0,365.0,1.0,68.9,,t,18,40,68,322,10/03/25,3,3,0,254,2,18,1602.0,05/10/24,02/01/25,5.0,5.0,5.0,5.0,5.0,4.33,5.0,IT058091B4N9Y8BSVQ,t,4,0,4,0,0.57
29476,1.25848e+18,https://www.airbnb.com/rooms/1258480665261719743,20250300000000.0,15/03/25,city scrape,New Vatican Family Nest,"Discover your ideal nest in the heart of Rome! <br />This spacious apartment, located in a stately residential area, near Piazza Socrate, is just 15 minutes from the Vatican Museums and 900 meters from the metro (line A), which will quickly take you to the city's sights. In addition, you can enjoy the convenience of nearby shops, restaurants, and cafes, and take advantage of the tranquility of the area to relax after a day of exploring.","Proximity to main attractions<br />Vatican Museums – 1.4 km, 19 mins walk<br />Basilica di San Pietro – 2.4 km, 33 min walk<br />Metro A Cyprus – 0.9 km, 13 mins walk<br />FM3 Appiano train station – 0.8 km, 13 mins walk<br />Policlinico Ospedale Gemelli – 3.0 km, 8 minutes by car<br />Cristo Re Hospital – 5.0 km, 10 minutes by car<br />Columbus Hospital – 3.0 km, 8 minutes by car<br />Ophthalmic Hospital – 1,4 km, 6 minutes by car<br />Villa Stuart Hospital – 2 km, 5 minutes by car<br />Villa Miani – 0.8 km, 14 mins walk<br />Hotel Hilton Roma Cavaglieri – A Waldorf Astoria – 1 km, 17 minutes by foot<br />Monte Ciocci Cyclopedonale Park – 0.8 km, 13 mins walk<br />Pineto Park – 0.9 km, 15 minutes walk<br />Villa Borghese – 4 km, 12 minutes by car<br />Piazza Socrate – 0.2 km, 4 minute walk <br />Astronomical Observatory – 2 km, 22 min walk<br />Zodiac – 2 km, 5 minutes by car<br />Chiesa Santa Paola Romana – 0.2 km, 2 min walk<br />Ordinary Court of Rome – 1.4 km, 18 minutes walk<br /",https://a0.muscache.com/pictures/miso/Hosting-1258480665261719743/original/e084063a-3808-4ac9-a221-39c6118e3f53.jpeg,655081777,https://www.airbnb.com/users/show/655081777,Laura,02/10/24,"Rome, Italy",,,,,f,https://a0.muscache.com/defaults/user_pic-50x50.png?v=3,https://a0.muscache.com/defaults/user_pic-225x225.png?v=3,,1.0,1.0,"['email', 'phone']",f,t,"Rome, Lazio, Italy",XIV Monte Mario,,41.9123,12.4446,Entire rental unit,Entire home/apt,6,2.0,2 baths,2.0,6.0,"[""Extra pillows and blankets"", ""Smoke alarm"", ""High chair"", ""Cleaning products"", ""Air conditioning"", ""Hair dryer"", ""Ethernet connection"", ""Central heating"", ""Dedicated workspace"", ""Courtyard view"", ""First aid kit"", ""Kitchen"", ""Clothing storage"", ""Hot water kettle"", ""Room-darkening shades"", ""Hangers"", ""Dining table"", ""Children\u2019s dinnerware"", ""Books and reading material"", ""Coffee maker: drip coffee maker, espresso machine, pour-over coffee"", ""Microwave"", ""Hot water"", ""TV"", ""Fire extinguisher"", ""Iron"", ""Blender"", ""Pets allowed"", ""Long term stays allowed"", ""Window guards"", ""Drying rack for clothing"", ""Shower gel"", ""Host greets you"", ""Essentials"", ""Garden view"", ""Bed linens"", ""Toaster"", ""Dishwasher"", ""Laundromat nearby"", ""Wine glasses"", ""Dishes and silverware"", ""Coffee"", ""Safe"", ""Carbon monoxide alarm"", ""Stove"", ""Breakfast"", ""Body soap"", ""Bidet"", ""Freezer"", ""Table corner guards"", ""Wifi"", ""Single level home"", ""Refrigerator"", ""Children\u2019s books and toys"", ""Cooking basics"", ""Free street parking"", ""Luggage dropoff allowed"", ""Free dryer \u2013 In unit"", ""Washer""]",$94.00,2,365,2.0,2.0,365.0,365.0,2.0,365.0,,t,12,17,25,121,15/03/25,0,0,0,102,0,0,0.0,,,,,,,,,,IT058091C2GVU8A4RB,t,1,1,0,0,
29499,1.2587e+18,https://www.airbnb.com/rooms/1258700026649994455,20250300000000.0,10/03/25,city scrape,Rome Family Holiday Flaminio-the largest shower,"Located in Rome, 1.4 km from the Olympic Stadium and 1.2 km from the Auditorium Parco della Musica, the studio offers air conditioning and private bathroom. Entirely covered by free WiFi, this property is 2.3 km from Flaminio Metro Station and 3 km from Ottaviano Metro Station.<br />The studio has an open wardrobe, a flat-screen TV, a private bathroom, sheets and towels, heating, a kitchen equipped with an electric oven, and a refrigerator.<br />Reach us with your family",,https://a0.muscache.com/pictures/hosting/Hosting-U3RheVN1cHBseUxpc3Rpbmc6MTI1ODcwMDAyNjY0OTk5NDQ1NQ%3D%3D/original/cbd819d6-bd51-48c4-8daa-9724c48fc120.jpeg,655135800,https://www.airbnb.com/users/show/655135800,Laura,02/10/24,,,,,100%,f,https://a0.muscache.com/defaults/user_pic-50x50.png?v=3,https://a0.muscache.com/defaults/user_pic-225x225.png?v=3,,1.0,1.0,"['email', 'phone']",f,t,,II Parioli/Nomentano,,41.9257149,12.4631841,Entire vacation home,Entire home/apt,4,1.0,1 bath,1.0,2.0,"[""TV"", ""Carbon monoxide alarm"", ""Bidet"", ""Smoke alarm"", ""Hangers"", ""Fire extinguisher"", ""Wifi"", ""Essentials"", ""Host greets you"", ""Heating"", ""Air conditioning"", ""Clothing storage"", ""First aid kit"", ""Bed linens"", ""Room-darkening shades"", ""Kitchen"", ""Hot water"", ""Hair dryer""]",$485.00,31,730,31.0,31.0,730.0,730.0,31.0,730.0,,t,30,60,88,363,10/03/25,1,1,0,295,1,62,30070.0,09/11/24,09/11/24,5.0,5.0,5.0,5.0,5.0,5.0,5.0,IT058091B44QJXMIB5,t,1,1,0,0,0.25
29522,1.25911e+18,https://www.airbnb.com/rooms/1259109341368857323,20250300000000.0,12/03/25,city scrape,Happy Days,"This delightful studio with independent entrance has just been renovated with travelers in mind: Wifi network, independent kitchen, bathroom with large shower, comfortable sofa bed. It is in a well-served area on Via Appia, full of shops, 24-hour supermarkets, restaurants, cinemas and entertainment venues. It is connected to the center and the suburbs by the subway and numerous bus lines, all reachable in a few minutes on foot.",,https://a0.muscache.com/pictures/hosting/Hosting-U3RheVN1cHBseUxpc3Rpbmc6MTI1OTEwOTM0MTM2ODg1NzMyMw%3D%3D/original/9f4cec58-5b69-4602-9200-3a54080ce332.jpeg,22640936,https://www.airbnb.com/users/show/22640936,Laura,17/10/14,"Rome, Italy",,within an hour,100%,100%,f,https://a0.muscache.com/im/pictures/user/User/original/58e736e7-4bec-4161-a164-59986407faf8.jpeg?aki_policy=profile_small,https://a0.muscache.com/im/pictures/user/User/original/58e736e7-4bec-4161-a164-59986407faf8.jpeg?aki_policy=profile_x_medium,,1.0,3.0,"['email', 'phone']",t,f,,VII San Giovanni/Cinecittà,,41.87962703,12.52027421,Entire rental unit,Entire home/apt,2,1.0,1 bath,1.0,1.0,"[""Bidet"", ""Iron"", ""Smoke alarm"", ""Hangers"", ""Mosquito net"", ""Fire extinguisher"", ""Refrigerator"", ""Paid parking on premises"", ""Other electric stove"", ""Coffee"", ""Clothing storage"", ""Dining table"", ""Self check-in"", ""Microwave"", ""TV"", ""Private entrance"", ""Coffee maker: espresso machine"", ""Wifi"", ""Oven"", ""Hot water kettle"", ""Cleaning products"", ""Luggage dropoff allowed"", ""Hot water"", ""Body soap"", ""Heating"", ""Carbon monoxide alarm"", ""Wine glasses"", ""Smart lock"", ""First aid kit"", ""Bed linens"", ""Shower gel"", ""Conditioner"", ""Hair dryer"", ""Baking sheet"", ""Shampoo"", ""Cooking basics"", ""Freezer"", ""Room-darkening shades"", ""Kitchen""]",$69.00,2,29,2.0,2.0,29.0,29.0,2.0,29.0,,t,3,3,9,147,12/03/25,6,6,0,147,5,36,2484.0,18/10/24,03/01/25,4.67,4.83,4.83,5.0,5.0,4.33,4.67,IT058091C2T5VXT8F9,f,1,1,0,0,1.23
29760,1.26495e+18,https://www.airbnb.com/rooms/1264951054842760579,20250300000000.0,15/03/25,city scrape,Serena Home,"Relax with the whole family at this quiet accommodation. Located near a supermarket,bars and hairdressers. Mezzi to easily reach Rome and surrounding areas.",,https://a0.muscache.com/pictures/miso/Hosting-1264951054842760579/original/db0794ac-5041-43b7-bd08-4bba89d532e7.jpeg,656233327,https://www.airbnb.com/users/show/656233327,Serena,09/10/24,,,,,,f,https://a0.muscache.com/defaults/user_pic-50x50.png?v=3,https://a0.muscache.com/defaults/user_pic-225x225.png?v=3,,1.0,1.0,['phone'],f,f,,X Ostia/Acilia,,41.76628768,12.30775979,Entire rental unit,Entire home/apt,4,2.0,2 baths,2.0,2.0,"[""Extra pillows and blankets"", ""Coffee maker: espresso machine"", ""Air conditioning"", ""Bathtub"", ""Central heating"", ""Kitchen"", ""Hot water"", ""TV"", ""Fire extinguisher"", ""Other gas stove"", ""Bed linens"", ""Dishes and silverware"", ""Coffee"", ""Carbon monoxide alarm"", ""Smoking allowed"", ""Bidet"", ""Freezer"", ""Single level home"", ""Refrigerator"", ""Cooking basics"", ""Free street parking""]",$192.00,2,10,2.0,2.0,10.0,10.0,2.0,10.0,,t,29,59,89,364,15/03/25,0,0,0,291,0,0,0.0,,,,,,,,,,IT058091C28VWQ9IZC,f,1,1,0,0,
29764,1.26503e+18,https://www.airbnb.com/rooms/1265028166964693370,20250300000000.0,06/03/25,city scrape,Binario26 app. Staz. Tiburtina,"Rental apartment of absolute comfort for all those who want to venture to Rome for tourism, work, study and more.<br />Very close to Termini station, La Sapienza University and the hospital. Umberto I. <br />In front of the station. Tiburtina, is simply furnished, functional, but very comfortable.<br />Two simple rooms with new mattresses and TV. Bathroom with shower (shampoo and body soap) and kitchen full of new appliances. Two comfortable balconies and a view of the sidewalk.",,https://a0.muscache.com/pictures/hosting/Hosting-1265028166964693370/original/e85737f8-adea-4e0d-b40d-684f44b25917.jpeg,3435554,https://www.airbnb.com/users/show/3435554,Laura,31/08/12,"Rome, Italy",Ho due bambine e ho vissuto molto tempo in Inghilterra e negli Stati Uniti. Amo viaggiare e leggere. ,within an hour,100%,100%,f,https://a0.muscache.com/im/users/3435554/profile_pic/1346775083/original.jpg?aki_policy=profile_small,https://a0.muscache.com/im/users/3435554/profile_pic/1346775083/original.jpg?aki_policy=profile_x_medium,,1.0,2.0,"['email', 'phone']",t,f,,IV Tiburtina,,41.9093561,12.5352289,Entire rental unit,Entire home/apt,5,1.0,1 bath,2.0,2.0,"[""TV"", ""Carbon monoxide alarm"", ""Smoke alarm"", ""Wifi"", ""Air conditioning"", ""Building staff"", ""Exterior security cameras on property"", ""Washer"", ""Pets allowed"", ""Self check-in"", ""Kitchen"", ""First aid kit""]",$64.00,2,29,1.0,6.0,29.0,29.0,2.6,29.0,,t,19,49,79,330,06/03/25,3,3,0,275,0,18,1152.0,03/01/25,18/01/25,5.0,5.0,5.0,4.67,5.0,5.0,5.0,IT058091C2H2GODU5B,f,1,1,0,0,1.43
29771,1.2671e+18,https://www.airbnb.com/rooms/1267095673675063349,20250300000000.0,06/03/25,city scrape,Incantevole Attico '50th a Balduina + terrazza,"Congratulations! You are booking a unique space, a beautiful penthouse, 1950 ‘60s style with a panoramic terrace.<br />Upon entering, you will be greeted by a spacious living area embellished with original marble floors, unique architectural details, and large windows.<br />The bedrooms, also embellished with original floors, ensure a refreshing rest after a day spent exploring the wonders of Rome.",,https://a0.muscache.com/pictures/hosting/Hosting-1267095673675063349/original/a9837c7c-4925-49ab-878b-b24f123243d2.jpeg,538108692,https://www.airbnb.com/users/show/538108692,Serena,20/09/23,,,a few days or more,0%,92%,t,https://a0.muscache.com/im/pictures/user/User-538108692/original/d656cd07-16e5-4c86-a402-75650ea6e775.jpeg?aki_policy=profile_small,https://a0.muscache.com/im/pictures/user/User-538108692/original/d656cd07-16e5-4c86-a402-75650ea6e775.jpeg?aki_policy=profile_x_medium,,3.0,4.0,"['email', 'phone']",t,t,,XIV Monte Mario,,41.92070398,12.4406594,Private room in rental unit,Private room,2,1.0,1 private bath,1.0,1.0,"[""Bidet"", ""Smoke alarm"", ""Hangers"", ""Fire extinguisher"", ""Refrigerator"", ""Coffee"", ""Clothing storage"", ""Dining table"", ""Self check-in"", ""TV"", ""Wifi"", ""Coffee maker"", ""Free street parking"", ""Breakfast"", ""Hot water kettle"", ""Long term stays allowed"", ""Stove"", ""Outdoor playground"", ""Cleaning products"", ""Drying rack for clothing"", ""Theme room"", ""Lock on bedroom door"", ""Hot water"", ""Body soap"", ""Heating"", ""Single level home"", ""Wine glasses"", ""Dishes and silverware"", ""Elevator"", ""Air conditioning"", ""Window guards"", ""Smart lock"", ""Cleaning available during stay"", ""Bed linens"", ""Shower gel"", ""Hair dryer"", ""Shampoo"", ""Essentials"", ""Freezer"", ""Outdoor dining area"", ""Patio or balcony"", ""Exterior security cameras on property"", ""Room-darkening shades"", ""Kitchen"", ""Safe""]",$139.00,1,7,1.0,1.0,7.0,7.0,1.0,7.0,,t,29,53,83,358,06/03/25,0,0,0,294,0,0,0.0,,,,,,,,,,IT058091C2BYNVKBSU,f,3,0,3,0,
29854,1.26737e+18,https://www.airbnb.com/rooms/1267371115316931150,20250300000000.0,10/03/25,city scrape,Domus Visconti Roma,"New and luxurious apartment of about 130 square meters located in the heart of the city of Rome, in the Prati district, between Piazza del Popolo and the Vatican, a few steps from  Castel Sant'Angelo and just over a 10-minute walk from Piazza Navona. <br /><br />Spacious, bright and refined apartment, consisting of 2 bedrooms,  2 bathrooms, one with shower and the other with a bathtub, and a large open space double living room of about 50 square meters. with an open kitchen complete with all appliances.",,https://a0.muscache.com/pictures/miso/Hosting-1267371115316931150/original/3c2c21e3-28dd-4b49-a346-74c6254ea218.jpeg,408690034,https://www.airbnb.com/users/show/408690034,Mario,23/06/21,,,within an hour,100%,100%,f,https://a0.muscache.com/defaults/user_pic-50x50.png?v=3,https://a0.muscache.com/defaults/user_pic-225x225.png?v=3,,1.0,1.0,"['email', 'phone']",f,t,,I Centro Storico,,41.90778,12.46826,Entire rental unit,Entire home/apt,4,2.0,2 baths,2.0,2.0,"[""Dedicated workspace"", ""Bidet"", ""Iron"", ""Toaster"", ""Fire extinguisher"", ""Refrigerator"", ""Paid parking on premises"", ""Coffee"", ""Washer"", ""Microwave"", ""TV"", ""Wifi"", ""Coffee maker"", ""Host greets you"", ""Oven"", ""Dishwasher"", ""Stove"", ""Hot water kettle"", ""Hot water"", ""Pack \u2019n play/Travel crib - available upon request"", ""Carbon monoxide alarm"", ""Air conditioning"", ""Central heating"", ""First aid kit"", ""Bed linens"", ""Shower gel"", ""Hair dryer"", ""Essentials"", ""Freezer"", ""Bathtub"", ""Kitchen"", ""Safe""]",$143.00,2,365,2.0,2.0,365.0,365.0,2.0,365.0,,t,8,38,68,343,10/03/25,7,7,1,275,6,42,6006.0,21/10/24,18/02/25,5.0,5.0,5.0,5.0,5.0,4.86,5.0,IT058091C2ZE4IWTL8,t,1,1,0,0,1.49
29859,1.26743e+18,https://www.airbnb.com/rooms/1267426100391532392,20250300000000.0,06/03/25,city scrape,Incantevole Attico '50th a Balduina + terrazza,"Congratulations! You are booking a unique space, a beautiful penthouse, 1950 ‘60s style with a panoramic terrace.<br />Upon entering, you will be greeted by a spacious living area embellished with original marble floors, unique architectural details, and large windows.<br />The bedrooms, also embellished with original floors, ensure a refreshing rest after a day spent exploring the wonders of Rome.",,https://a0.muscache.com/pictures/hosting/Hosting-1267426100391532392/original/1fcd57a0-a58d-4b09-b04c-0a05692efec2.jpeg,538108692,https://www.airbnb.com/users/show/538108692,Serena,20/09/23,,,a few days or more,0%,92%,t,https://a0.muscache.com/im/pictures/user/User-538108692/original/d656cd07-16e5-4c86-a402-75650ea6e775.jpeg?aki_policy=profile_small,https://a0.muscache.com/im/pictures/user/User-538108692/original/d656cd07-16e5-4c86-a402-75650ea6e775.jpeg?aki_policy=profile_x_medium,,3.0,4.0,"['email', 'phone']",t,t,,XIV Monte Mario,,41.9218497,12.44037915,Private room in rental unit,Private room,2,1.0,1 private bath,1.0,1.0,"[""Paid parking off premises"", ""Bidet"", ""Smoke alarm"", ""Hangers"", ""Fire extinguisher"", ""Refrigerator"", ""Coffee"", ""Dining table"", ""Self check-in"", ""TV"", ""Private entrance"", ""Wifi"", ""Coffee maker"", ""Free street parking"", ""Breakfast"", ""Hot water kettle"", ""Long term stays allowed"", ""Stove"", ""Outdoor playground"", ""Cleaning products"", ""Drying rack for clothing"", ""Theme room"", ""Lock on bedroom door"", ""Hot water"", ""Body soap"", ""Heating"", ""Single level home"", ""Wine glasses"", ""Dishes and silverware"", ""Elevator"", ""Outdoor furniture"", ""Air conditioning"", ""Window guards"", ""Smart lock"", ""Cleaning available during stay"", ""Bed linens"", ""Shower gel"", ""Hair dryer"", ""Shampoo"", ""Essentials"", ""Cooking basics"", ""Freezer"", ""Outdoor dining area"", ""Patio or balcony"", ""Exterior security cameras on property"", ""Room-darkening shades"", ""Kitchen"", ""Safe""]",$139.00,1,7,1.0,1.0,7.0,7.0,1.0,7.0,,t,29,53,83,358,06/03/25,0,0,0,294,0,0,0.0,,,,,,,,,,IT058091C2BYNVKBSU,f,3,0,3,0,
30274,1.27664e+18,https://www.airbnb.com/rooms/1276642060064340904,20250300000000.0,06/03/25,city scrape,Emily a Roma casa vicino alla metro A Colli Albani,,You can walk to the beautiful Caffarella park that leads to the Appia Antica Archaeological Park with its historical monuments.,https://a0.muscache.com/pictures/miso/Hosting-1276642060064340904/original/8c4a2890-df7e-4c99-b4b0-03d78902b1e6.jpeg,658357932,https://www.airbnb.com/users/show/658357932,Laura,22/10/24,"Rome, Italy","Sono  logorroica ma so anche ascoltare, penso di essere puntigliosa.",,,,f,https://a0.muscache.com/im/pictures/user/User/original/c629e878-a321-4816-9318-73191a967af1.jpeg?aki_policy=profile_small,https://a0.muscache.com/im/pictures/user/User/original/c629e878-a321-4816-9318-73191a967af1.jpeg?aki_policy=profile_x_medium,,1.0,1.0,"['email', 'phone']",t,f,"Rome, Lazio, Italy",VII San Giovanni/Cinecittà,,41.87282,12.52714,Entire rental unit,Entire home/apt,4,1.0,1 bath,2.0,4.0,"[""Dedicated workspace"", ""Toaster"", ""Iron"", ""Smoke alarm"", ""Hangers"", ""Fire extinguisher"", ""Refrigerator"", ""Paid parking on premises"", ""Coffee"", ""HDTV"", ""Dining table"", ""Self check-in"", ""Microwave"", ""Wifi"", ""Other induction stove"", ""Hot water kettle"", ""Dishwasher"", ""Cleaning products"", ""Free washer \u2013 In unit"", ""Hot water"", ""Body soap"", ""Pack \u2019n play/Travel crib - available upon request"", ""Heating"", ""Dishes and silverware"", ""Keypad"", ""Clothing storage: wardrobe"", ""First aid kit"", ""Bed linens"", ""Shower gel"", ""Hair dryer"", ""Coffee maker: Nespresso"", ""Shampoo"", ""Cooking basics"", ""AC - split type ductless system"", ""Freezer"", ""Free parking on premises"", ""Kitchen""]",$131.00,2,28,2.0,2.0,28.0,28.0,2.0,28.0,,t,26,51,64,308,06/03/25,0,0,0,244,0,0,0.0,,,,,,,,,,IT058091C2H8Q7DI65,f,1,1,0,0,
30290,1.27881e+18,https://www.airbnb.com/rooms/1278809140636752410,20250300000000.0,15/03/25,city scrape,Private Room with En-Suite Bathroom – Flexible Bed,"Kick back and relax in thiscalm, stylish space.<br />The room offers the possibility of resting on a king-size bed equipped with an additional 5 cm mattress that makes rest absolutely comfortable.<br />There is also an option to prepare two single beds for guests who require it (at the time of booking)<br />The bathroom with window is equipped with a comfortable shower, sink and toilet with attached shower.",,https://a0.muscache.com/pictures/airflow/Hosting-1278809140636752410/original/6be16df1-104c-4c89-bb8d-8e2a6dfededc.jpg,12330273,https://www.airbnb.com/users/show/12330273,Laura,17/02/14,"Rome, Italy","Io e mio marito Luciano siamo assidui frequentatori dell'isola di San Pietro e di Carloforte stessa. Non abbiamo mai perso il contatto con questo splendido posto , a partire dal nostro matrimonio. Abitiamo vicino alla casa che ora è in affitto, io lui e nostro figlio Francesco.",within an hour,100%,100%,f,https://a0.muscache.com/im/users/12330273/profile_pic/1392676352/original.jpg?aki_policy=profile_small,https://a0.muscache.com/im/users/12330273/profile_pic/1392676352/original.jpg?aki_policy=profile_x_medium,Esquilino,4.0,4.0,"['email', 'phone', 'work_email']",t,t,,I Centro Storico,,41.89165,12.50858,Private room in rental unit,Private room,2,1.0,1 private bath,1.0,1.0,"[""Bed linens"", ""Hangers"", ""Wifi"", ""Air conditioning"", ""Hair dryer"", ""Microwave"", ""Hot water"", ""TV"", ""Fire extinguisher"", ""Dedicated workspace"", ""Coffee"", ""Carbon monoxide alarm"", ""Hot water kettle"", ""Heating"", ""Essentials"", ""Lock on bedroom door"", ""Other induction stove""]",$58.00,1,365,1.0,1.0,365.0,365.0,1.0,365.0,,t,7,11,22,222,15/03/25,9,9,5,149,0,54,3132.0,06/01/25,09/03/25,4.89,5.0,4.89,4.89,5.0,4.89,5.0,IT058091B4BT9ORBY6,t,3,1,2,0,3.91
30302,1.27891e+18,https://www.airbnb.com/rooms/1278906817255212965,20250300000000.0,11/03/25,city scrape,Rome Center: Room with Private Bath & Bed Options,"Enjoy a stylish vacation in this downtown space.<br />The room offers the possibility of resting on a king-size bed equipped with an additional 5 cm mattress that makes rest absolutely comfortable.<br />There is also an option to prepare two single beds for guests who require it (at the time of booking)<br />The bathroom with window is equipped with a comfortable shower, sink and toilet with attached shower.",,https://a0.muscache.com/pictures/airflow/Hosting-1278906817255212965/original/368f9eaf-4e24-492b-a232-c58b5ec36c03.jpg,12330273,https://www.airbnb.com/users/show/12330273,Laura,17/02/14,"Rome, Italy","Io e mio marito Luciano siamo assidui frequentatori dell'isola di San Pietro e di Carloforte stessa. Non abbiamo mai perso il contatto con questo splendido posto , a partire dal nostro matrimonio. Abitiamo vicino alla casa che ora è in affitto, io lui e nostro figlio Francesco.",within an hour,100%,100%,f,https://a0.muscache.com/im/users/12330273/profile_pic/1392676352/original.jpg?aki_policy=profile_small,https://a0.muscache.com/im/users/12330273/profile_pic/1392676352/original.jpg?aki_policy=profile_x_medium,Esquilino,4.0,4.0,"['email', 'phone', 'work_email']",t,t,,I Centro Storico,,41.89362955,12.50857531,Private room in rental unit,Private room,2,1.0,1 private bath,1.0,1.0,"[""Dedicated workspace"", ""Fire extinguisher"", ""Hangers"", ""Coffee"", ""Mini fridge"", ""Microwave"", ""TV"", ""Wifi"", ""Other induction stove"", ""Hot water kettle"", ""Lock on bedroom door"", ""Hot water"", ""Carbon monoxide alarm"", ""Dishes and silverware"", ""Air conditioning"", ""Cleaning available during stay"", ""Bed linens"", ""Hair dryer"", ""Coffee maker: Nespresso"", ""Kitchen""]",$86.00,1,28,1.0,1.0,28.0,28.0,1.0,28.0,,t,3,3,3,3,11/03/25,7,7,1,0,0,42,3612.0,01/01/25,11/02/25,4.86,5.0,4.71,5.0,5.0,4.57,4.71,IT058091B4BT9ORBY6,t,3,1,2,0,3.0
30400,1.27763e+18,https://www.airbnb.com/rooms/1277633237360236893,20250300000000.0,06/03/25,city scrape,Rare Seed Trastevere,Elegant and quiet apartment right in the center of Trastevere,,https://a0.muscache.com/pictures/hosting/Hosting-1277633237360236893/original/769cb272-f22a-4ba2-89ea-7a042f9a5545.jpeg,205730457,https://www.airbnb.com/users/show/205730457,Mario,28/07/18,"Rome, Italy",,within an hour,100%,97%,f,https://a0.muscache.com/im/pictures/user/78be3dfa-3840-40cf-a0ba-df9d3886c3a1.jpg?aki_policy=profile_small,https://a0.muscache.com/im/pictures/user/78be3dfa-3840-40cf-a0ba-df9d3886c3a1.jpg?aki_policy=profile_x_medium,,1.0,1.0,['phone'],t,t,,I Centro Storico,,41.88780383,12.46910416,Entire rental unit,Entire home/apt,4,1.0,1 bath,2.0,2.0,"[""TV"", ""Carbon monoxide alarm"", ""Bidet"", ""Self check-in"", ""Smoke alarm"", ""Fire extinguisher"", ""Wifi"", ""Keypad"", ""Air conditioning"", ""Hot water kettle"", ""Bed linens"", ""Kitchen"", ""Hot water"", ""Hair dryer""]",$91.00,1,365,1.0,1.0,365.0,365.0,1.0,365.0,,t,13,20,33,291,06/03/25,2,2,1,227,1,12,1092.0,03/11/24,15/02/25,5.0,5.0,5.0,5.0,5.0,5.0,5.0,It058091c2scvyread,f,1,1,0,0,0.48
30586,1.28475e+18,https://www.airbnb.com/rooms/1284752460824701139,20250300000000.0,06/03/25,city scrape,Appartamento Centocelle via delle robinie,"Kick back and relax in thiscalm, stylish space. <br />Elegantly renovated and central apartment of the city, well served by public transport.<br />Visitors to Rome love to stay in Centocelle to escape the chaos of downtown and stay in one of the city's most authentic neighborhoods.<br />Located an 8-minute walk from the C Mirti Line Metro Station.<br />A multifaceted neighborhood, inhabited by a mix of young students and families.<br />Wide range of shops, restaurants, and pubs.",,https://a0.muscache.com/pictures/hosting/Hosting-1284752460824701139/original/96a699dc-b8f6-412a-b45c-bed0b1813475.jpeg,661006124,https://www.airbnb.com/users/show/661006124,Mario,07/11/24,"Rome, Italy",,within a few hours,100%,100%,f,https://a0.muscache.com/im/pictures/user/User/original/bb10bde7-da7e-4e8a-b82f-2f01b3dc4690.jpeg?aki_policy=profile_small,https://a0.muscache.com/im/pictures/user/User/original/bb10bde7-da7e-4e8a-b82f-2f01b3dc4690.jpeg?aki_policy=profile_x_medium,,1.0,1.0,['phone'],t,t,,V Prenestino/Centocelle,,41.88268,12.57246,Entire rental unit,Entire home/apt,3,1.0,1 bath,1.0,1.0,"[""Bidet"", ""Fire extinguisher"", ""Hangers"", ""Refrigerator"", ""Coffee"", ""Dining table"", ""Crib - available upon request"", ""Washer"", ""TV"", ""Coffee maker: espresso machine"", ""Wifi"", ""Free street parking"", ""Host greets you"", ""Oven"", ""Hot water kettle"", ""Stove"", ""Hot water"", ""Body soap"", ""Heating"", ""Carbon monoxide alarm"", ""Dishes and silverware"", ""Outdoor furniture"", ""Air conditioning"", ""Window guards"", ""Clothing storage: wardrobe"", ""First aid kit"", ""Bed linens"", ""Shower gel"", ""Hair dryer"", ""Shampoo"", ""Essentials"", ""Cooking basics"", ""Freezer"", ""Clamp on table seat high chair - always at the listing"", ""Extra pillows and blankets"", ""Outdoor dining area"", ""Room-darkening shades"", ""Kitchen""]",$72.00,1,28,1.0,1.0,28.0,28.0,1.0,28.0,,t,29,59,89,269,06/03/25,0,0,0,269,0,0,0.0,,,,,,,,,,IT058091C2TLKCQN65,t,1,1,0,0,
30793,1.28828e+18,https://www.airbnb.com/rooms/1288278309924803006,20250300000000.0,10/03/25,previous scrape,Trastevere 269 - Elegant Designed Apartment,"Discover the charm of Rome by staying in our newly renovated apartment a short walk from Trastevere Station. Easily reachable if you arrive by plane or train. Ideal base for exploring the city, with great connections and attractions at your fingertips. Ideal for groups or families, the accommodation consists of 4 private rooms, each equipped with a bathroom and private balcony to ensure maximum privacy and comfort.<br />The common area consists of a fully equipped kitchen.",,https://a0.muscache.com/pictures/hosting/Hosting-U3RheVN1cHBseUxpc3Rpbmc6MTI4ODI3ODMwOTkyNDgwMzAwNg%3D%3D/original/e205d793-9026-4a7e-a196-0f89d4f09042.jpeg,590573096,https://www.airbnb.com/users/show/590573096,Mario,18/07/24,"Rome, Italy",,within an hour,100%,100%,t,https://a0.muscache.com/im/pictures/user/User/original/6551005b-4afe-4d03-8cb7-2639ce1160c4.jpeg?aki_policy=profile_small,https://a0.muscache.com/im/pictures/user/User/original/6551005b-4afe-4d03-8cb7-2639ce1160c4.jpeg?aki_policy=profile_x_medium,,5.0,5.0,"['email', 'phone']",t,t,,XII Monte Verde,,41.875124,12.4660634,Entire rental unit,Entire home/apt,8,,4 baths,4.0,,"[""Dedicated workspace"", ""Bidet"", ""Iron"", ""Toaster"", ""Smoke alarm"", ""Hangers"", ""Fire extinguisher"", ""Refrigerator"", ""Paid parking garage off premises"", ""Coffee"", ""Ethernet connection"", ""Dining table"", ""Washer"", ""Self check-in"", ""Microwave"", ""TV"", ""Wifi"", ""Free street parking"", ""Other induction stove"", ""Oven"", ""Hot water kettle"", ""Cleaning products"", ""Paid dryer \u2013 In unit"", ""Drying rack for clothing"", ""Luggage dropoff allowed"", ""Hot water"", ""Body soap"", ""Carbon monoxide alarm"", ""Wine glasses"", ""Dishes and silverware"", ""Elevator"", ""Outdoor furniture"", ""Air conditioning"", ""Central heating"", ""Coffee maker: drip coffee maker"", ""Housekeeping available 2 days a week"", ""Smart lock"", ""Clothing storage: wardrobe"", ""First aid kit"", ""Bed linens"", ""Shower gel"", ""Hair dryer"", ""Baking sheet"", ""Private patio or balcony"", ""Shampoo"", ""Cooking basics"", ""Freezer"", ""Extra pillows and blankets"", ""Table corner guards"", ""Exterior security cameras on property"", ""Room-darkening shades"", ""Kitchen""]",,3,28,3.0,3.0,1125.0,1125.0,3.0,1125.0,,t,9,11,28,191,10/03/25,0,0,0,191,0,0,,,,,,,,,,,IT058091C2P495DNNK,f,5,1,4,0,
30818,1.28844e+18,https://www.airbnb.com/rooms/1288444035916735392,20250300000000.0,11/03/25,city scrape,Beautiful Economy Quadruple Room,Walk through the Vatican and the other beauties of Rome staying at this charming place.,,https://a0.muscache.com/pictures/miso/Hosting-1288444035916735392/original/855c068e-14b8-4fc7-956a-1110e40da37e.jpeg,449517801,https://www.airbnb.com/users/show/449517801,Mario,14/03/22,,,within an hour,100%,100%,,https://a0.muscache.com/im/pictures/user/23aa1c85-ae9e-45e0-82f6-eb86d760c7e6.jpg?aki_policy=profile_small,https://a0.muscache.com/im/pictures/user/23aa1c85-ae9e-45e0-82f6-eb86d760c7e6.jpg?aki_policy=profile_x_medium,,7.0,7.0,"['email', 'phone']",t,t,,I Centro Storico,,41.91062728,12.45500568,Entire condo,Entire home/apt,4,1.0,1 bath,2.0,2.0,"[""TV"", ""Fire extinguisher"", ""Wifi"", ""Paid parking on premises"", ""Air conditioning"", ""Smart lock"", ""First aid kit"", ""Washer"", ""Self check-in"", ""Kitchen""]",$70.00,1,365,1.0,1.0,365.0,365.0,1.0,365.0,,t,2,6,13,232,11/03/25,7,7,2,163,2,42,2940.0,30/11/24,21/02/25,4.71,4.86,4.71,4.71,5.0,5.0,5.0,IT058091B4CGZ3OGZQ,t,5,3,2,0,2.06
30819,1.28845e+18,https://www.airbnb.com/rooms/1288445077598436300,20250300000000.0,10/03/25,previous scrape,Like Home in Centocelle,"This ground-floor apartment, located near the Centocelle metro station, offers a comfortable and convenient stay. It features a cozy bedroom with a double bed, a living room with a sofa bed, and a fully equipped kitchen. The bathroom have a comfortable shower and a washing machine is available. Enjoy a private, small terrace for outdoor relaxation. With fast Wi-Fi, it's perfect for both leisure and business travelers. The apartment is well-connected, making it easy to explore Rome’s attractions.",,https://a0.muscache.com/pictures/miso/Hosting-1288445077598436300/original/dcd94735-fbf7-4b80-a93b-a4a5eb028ed9.jpeg,661831929,https://www.airbnb.com/users/show/661831929,Mario,12/11/24,,,within an hour,100%,100%,f,https://a0.muscache.com/im/pictures/user/User/original/0ff2b306-3a11-4d77-9480-17bef4c4d409.jpeg?aki_policy=profile_small,https://a0.muscache.com/im/pictures/user/User/original/0ff2b306-3a11-4d77-9480-17bef4c4d409.jpeg?aki_policy=profile_x_medium,,1.0,1.0,"['email', 'phone']",t,t,,V Prenestino/Centocelle,,41.8771292,12.5676863,Entire rental unit,Entire home/apt,3,,1 bath,1.0,,"[""Toaster"", ""Iron"", ""Smoke alarm"", ""Hangers"", ""Fire extinguisher"", ""Refrigerator"", ""Coffee"", ""Clothing storage"", ""Dining table"", ""Washer"", ""Microwave"", ""TV"", ""Wifi"", ""Other induction stove"", ""Hot water kettle"", ""Cleaning products"", ""Drying rack for clothing"", ""Hot water"", ""Body soap"", ""Carbon monoxide alarm"", ""Dishes and silverware"", ""Outdoor furniture"", ""Air conditioning"", ""First aid kit"", ""Bed linens"", ""Hair dryer"", ""Heating - split type ductless system"", ""Essentials"", ""Cooking basics"", ""Freezer"", ""Extra pillows and blankets"", ""Outdoor dining area"", ""Stainless steel single oven"", ""Kitchen""]",,1,1125,2.0,5.0,1125.0,1125.0,3.7,1125.0,,t,0,0,0,0,10/03/25,0,0,0,0,0,0,,,,,,,,,,,IT058091C235FHM3T3,t,1,1,0,0,
30982,1.29283e+18,https://www.airbnb.com/rooms/1292825117152562508,20250300000000.0,11/03/25,city scrape,Domus Dolce Vita- Apartment,"Located in the heart of the stately neighborhood Prati in Rome, Domus Dolce Vita - Apartment is a short walk from the center .        <br />It is served by an elevator and has WiFi connection in all areas. The rooms are air-conditioned and equipped with Smart TV and safe. Each room is decorated with care, maintaining the 1930s style. The apartment has a bathroom , an anti-bathroom , a seating area and a dining area. Kitchen is well stocked with appliances, and linens are included",,https://a0.muscache.com/pictures/miso/Hosting-1292825117152562508/original/a9c6f86f-559d-4793-a9b4-bb652db88473.jpeg,662825646,https://www.airbnb.com/users/show/662825646,Mario,18/11/24,,,within an hour,100%,75%,f,https://a0.muscache.com/im/pictures/user/User/original/bdd3c033-92b8-420e-a664-8537bf991be5.jpeg?aki_policy=profile_small,https://a0.muscache.com/im/pictures/user/User/original/bdd3c033-92b8-420e-a664-8537bf991be5.jpeg?aki_policy=profile_x_medium,,1.0,1.0,"['email', 'phone']",t,t,,I Centro Storico,,41.9111128,12.4555048,Entire rental unit,Entire home/apt,7,1.0,1 bath,2.0,4.0,"[""Bidet"", ""Iron"", ""Smoke alarm"", ""Hangers"", ""Fire extinguisher"", ""Refrigerator"", ""Paid parking on premises"", ""Coffee"", ""Ethernet connection"", ""Washer"", ""Self check-in"", ""Microwave"", ""TV"", ""Laundromat nearby"", ""Wifi"", ""Coffee maker"", ""Oven"", ""Dishwasher"", ""Stove"", ""Hot water kettle"", ""Hot water"", ""Heating"", ""Carbon monoxide alarm"", ""Single level home"", ""Wine glasses"", ""Crib"", ""Elevator"", ""Air conditioning"", ""Smart lock"", ""First aid kit"", ""Bed linens"", ""Shower gel"", ""Hair dryer"", ""Pack \u2019n play/Travel crib - always at the listing"", ""Essentials"", ""Freezer"", ""Extra pillows and blankets"", ""Kitchen"", ""Safe""]",$209.00,1,28,1.0,2.0,28.0,28.0,1.1,28.0,,t,0,0,0,0,11/03/25,3,3,0,0,0,18,3762.0,09/01/25,24/01/25,5.0,5.0,5.0,5.0,5.0,5.0,5.0,IT058091C2TIGXMBSJ,f,1,1,0,0,1.45
31063,1.29406e+18,https://www.airbnb.com/rooms/1294061065094560639,20250300000000.0,05/03/25,city scrape,Laura's Corner - Centocelle Roma,"Bright apartment of 65 m² in the characteristic and lively neighborhood of Centocelle, perfect for couples, groups and families, well connected to the center by public transport.  <br /><br />The ideal solution for your stay in the Capital that will allow you to quickly reach every place in the city.","Centocelle is a lively and continuously growing neighborhood located in the east of Rome. Known for its authentic and welcoming character, here, you can breathe the true spirit of the city.<br />Daily life is intertwined with local history and culture, offering a unique and genuine atmosphere.<br />The streets animated by markets, historic shops, bars and family-run trattorias, tell of an authentic Rome, ideal for those looking for comfort and neighborhood life.<br />This popular and inclusive character represents the essence of Centocelle and gives the neighborhood a strong identity, where anyone can feel at home and experience the city in its truest form.<br />Excellently connected to the city center thanks to the Metro C, buses and trams, it is a strategic choice to move around easily.<br />The presence of green areas such as Centocelle Park, Villa De Sanctis, Villa Gordiani and the rich cultural offer, make it a place where tradition and modernity meet.",https://a0.muscache.com/pictures/hosting/Hosting-U3RheVN1cHBseUxpc3Rpbmc6MTI5NDA2MTA2NTA5NDU2MDYzOQ%3D%3D/original/ce5b1fdc-d013-47fe-94bf-e289713898f0.jpeg,37957935,https://www.airbnb.com/users/show/37957935,Laura,09/07/15,"Rome, Italy","Sono felice di poter condividere quella che per me e il mio compagno è stata una casa ricca di gioia e di momenti felici, con l'augurio che possano essere anche i vostri, qualora vogliate scegliere il nostro alloggio.",within an hour,100%,100%,f,https://a0.muscache.com/im/pictures/user/User/original/87ced02e-9124-4fde-88ba-4a81a6143e2e.jpeg?aki_policy=profile_small,https://a0.muscache.com/im/pictures/user/User/original/87ced02e-9124-4fde-88ba-4a81a6143e2e.jpeg?aki_policy=profile_x_medium,,1.0,1.0,"['email', 'phone']",t,t,"Rome, Lazio, Italy",V Prenestino/Centocelle,,41.8933434,12.5658797,Entire condo,Entire home/apt,4,1.0,1 bath,1.0,2.0,"[""Bidet"", ""Iron"", ""Fire extinguisher"", ""Refrigerator"", ""Mosquito net"", ""Coffee"", ""Dining table"", ""Washer"", ""Portable fans"", ""TV"", ""Radiant heating"", ""Laundromat nearby"", ""Wifi"", ""Free street parking"", ""Oven"", ""Hot water kettle"", ""Stove"", ""Cleaning products"", ""Drying rack for clothing"", ""Hot water"", ""Body soap"", ""Pack \u2019n play/Travel crib - available upon request"", ""Carbon monoxide alarm"", ""Record player"", ""Wine glasses"", ""Dishes and silverware"", ""Outdoor furniture"", ""Air conditioning"", ""First aid kit"", ""Bed linens"", ""Shower gel"", ""Housekeeping - available at extra cost"", ""Hair dryer"", ""Baking sheet"", ""Private patio or balcony"", ""Shampoo"", ""Clothing storage: wardrobe and dresser"", ""Cooking basics"", ""Freezer"", ""Books and reading material"", ""Extra pillows and blankets"", ""Coffee maker: pour-over coffee"", ""Kitchen""]",$65.00,2,10,2.0,2.0,10.0,10.0,2.0,10.0,,t,22,45,46,99,05/03/25,0,0,0,46,0,0,0.0,,,,,,,,,,IT058091C2BVJNR48R,f,1,1,0,0,
31150,1.29697e+18,https://www.airbnb.com/rooms/1296970781217778071,20250300000000.0,06/03/25,city scrape,Camera Singola con bagno privato.,"Single room, with private bathroom in the center of Rome, 150 meters from Roma Termini central station, near the metro stations (line A and B). Room with air conditioning and TV.",,https://a0.muscache.com/pictures/miso/Hosting-1296970781217778071/original/0ab2306c-3ce4-4fba-9e56-088cd7644089.jpeg,103448059,https://www.airbnb.com/users/show/103448059,Laura,12/11/16,,,within an hour,100%,98%,f,https://a0.muscache.com/im/pictures/user/31d4a44b-eae8-4578-89a6-517b7e0686f0.jpg?aki_policy=profile_small,https://a0.muscache.com/im/pictures/user/31d4a44b-eae8-4578-89a6-517b7e0686f0.jpg?aki_policy=profile_x_medium,,4.0,4.0,"['email', 'phone', 'work_email']",t,t,,I Centro Storico,,41.90128618,12.50601669,Private room in bed and breakfast,Private room,1,1.0,1 private bath,1.0,1.0,"[""TV"", ""Carbon monoxide alarm"", ""Smoke alarm"", ""Hangers"", ""Shampoo"", ""Fire extinguisher"", ""Essentials"", ""Wifi"", ""Refrigerator"", ""Heating"", ""Air conditioning"", ""Exterior security cameras on property"", ""First aid kit"", ""Lock on bedroom door"", ""Hot water"", ""Hair dryer""]",$84.00,1,10,1.0,4.0,10.0,99.0,1.3,98.0,,t,6,21,34,201,06/03/25,5,5,1,201,2,30,2520.0,23/12/24,19/02/25,4.8,5.0,5.0,4.8,4.8,4.8,4.4,IT058091B4VKKC9CYA,t,4,0,4,0,2.03
31251,1.29767e+18,https://www.airbnb.com/rooms/1297672343467025913,20250300000000.0,12/03/25,city scrape,Ciancaleoni apt - rione Monti,"Thanks to this location you will discover a missing Rome, you can walk through the mountain district, reach the Trevi Fountain, Santa Maria Maggiore , the Colosseum and the Forum of Trajan . The car is absolutely not required . The space is conveniently located, you won't have to give up anything.",,https://a0.muscache.com/pictures/miso/Hosting-1297672343467025913/original/9759e941-dda4-4346-840e-0079d614c787.jpeg,472705705,https://www.airbnb.com/users/show/472705705,Laura,01/08/22,"Rome, Italy",,within an hour,100%,100%,f,https://a0.muscache.com/im/pictures/user/8aeca27e-7234-49ff-b505-43eaca3d529a.jpg?aki_policy=profile_small,https://a0.muscache.com/im/pictures/user/8aeca27e-7234-49ff-b505-43eaca3d529a.jpg?aki_policy=profile_x_medium,,7.0,7.0,"['email', 'phone']",t,t,,I Centro Storico,,41.8960623,12.4930163,Entire rental unit,Entire home/apt,3,1.0,1 bath,1.0,1.0,"[""TV"", ""Dedicated workspace"", ""Self check-in"", ""Fire extinguisher"", ""Hangers"", ""Wifi"", ""Cooking basics"", ""Heating"", ""Air conditioning"", ""Dining table"", ""Lockbox"", ""Washer"", ""Bed linens"", ""Room-darkening shades"", ""Kitchen"", ""First aid kit"", ""Hair dryer""]",$166.00,3,365,1.0,4.0,99.0,1125.0,3.0,192.5,,t,0,0,0,0,12/03/25,1,1,0,0,0,6,996.0,25/01/25,25/01/25,5.0,5.0,5.0,5.0,5.0,5.0,5.0,IT058091B4ETY5ZNLT,f,7,4,3,0,0.64
31415,1.30001e+18,https://www.airbnb.com/rooms/1300009205513074045,20250300000000.0,06/03/25,city scrape,New & Central Apartment - Metro Libia,"Newly renovated apartment, elegant and comfortable, a 5-minute walk from the Libyan metro. The center can be reached in 10 minutes by subway and the Viale Libya area is known as a Shopping District full of shops. The property consists of 2 bathrooms, a bedroom with a double bed, a living room with a double sofa bed, a single armchair bed, a fully equipped kitchen. It has 3 balconies with a beautiful view of the park.",,https://a0.muscache.com/pictures/airflow/Hosting-1300009205513074045/original/ab104aaa-04d8-4273-b515-98ff2ae78a94.jpg,5399983,https://www.airbnb.com/users/show/5399983,Laura,10/03/13,"Rome, Italy","Hi!
I'm Laura from Rome. I like travelling and meeting new people. ",within an hour,100%,100%,f,https://a0.muscache.com/im/pictures/user/5a6c462f-c1c3-4bac-b97c-e7aae2e894b7.jpg?aki_policy=profile_small,https://a0.muscache.com/im/pictures/user/5a6c462f-c1c3-4bac-b97c-e7aae2e894b7.jpg?aki_policy=profile_x_medium,Monti,2.0,5.0,"['email', 'phone']",t,t,,II Parioli/Nomentano,,41.93159,12.51977,Entire rental unit,Entire home/apt,5,2.0,2 baths,1.0,3.0,"[""Bidet"", ""Iron"", ""Fire extinguisher"", ""Hangers"", ""Refrigerator"", ""Coffee"", ""Clothing storage"", ""Dining table"", ""Washer"", ""TV"", ""Wifi"", ""Coffee maker"", ""Oven"", ""Dishwasher"", ""Stove"", ""Long term stays allowed"", ""Drying rack for clothing"", ""Hot water"", ""Heating"", ""Carbon monoxide alarm"", ""Wine glasses"", ""Dishes and silverware"", ""Elevator"", ""Outdoor furniture"", ""Air conditioning"", ""Bed linens"", ""Shower gel"", ""Hair dryer"", ""Baking sheet"", ""Dryer"", ""Shampoo"", ""Essentials"", ""Cooking basics"", ""Freezer"", ""Books and reading material"", ""Extra pillows and blankets"", ""Patio or balcony"", ""Kitchen""]",$98.00,3,180,3.0,3.0,180.0,180.0,3.0,180.0,,t,12,34,54,325,06/03/25,8,8,4,261,1,48,4704.0,30/12/24,23/02/25,4.88,4.75,4.88,4.63,4.75,4.5,4.63,IT058091C2H4TRTSMH,f,2,2,0,0,3.58
31510,1.30279e+18,https://www.airbnb.com/rooms/1302791863014899263,20250300000000.0,06/03/25,city scrape,Serena House Rome,"Apartment in a decentralized area, super quiet, with unpaid external white parking. Services of all kinds are available at a very short distance from the apartment (bar, baker, post office, eurospin, bus and metro stops, etc...). You can also find us on social media!",,https://a0.muscache.com/pictures/miso/Hosting-1302791863014899263/original/7b5efcdf-9a9c-4d5a-ba70-fa83697eab02.jpeg,665007837,https://www.airbnb.com/users/show/665007837,Serena,02/12/24,,,,,0%,f,https://a0.muscache.com/defaults/user_pic-50x50.png?v=3,https://a0.muscache.com/defaults/user_pic-225x225.png?v=3,,1.0,1.0,"['email', 'phone']",f,t,,V Prenestino/Centocelle,,41.87599826,12.5773436,Entire rental unit,Entire home/apt,2,1.0,1 bath,1.0,1.0,"[""TV"", ""Dedicated workspace"", ""Wifi"", ""Outdoor dining area"", ""Air conditioning"", ""Washer"", ""Kitchen""]",$85.00,1,28,1.0,1.0,28.0,28.0,1.0,28.0,,t,29,59,89,179,06/03/25,0,0,0,179,0,0,0.0,,,,,,,,,,IT058091C2BF64IZC5,f,1,1,0,0,
31607,1.30342e+18,https://www.airbnb.com/rooms/1303420391300255445,20250300000000.0,11/03/25,city scrape,Giulia apartment by AdG,"Giulia Apartment by AdG is located in an ancient building dating back to the 1500s, part of the historic Palazzo Sacchetti condominium. It is a charming apartment designed to offer you an unforgettable experience in the enchanting heart of Rome. <br /><br />With a pleasant stroll from the most aristocratic and romantic street (the quiet Via Giulia), you can visit the main attractions of the Eternal City, such as Piazza Navona, Castel Sant'Angelo, the Trevi Fountain, and much more.","Via Giulia is one of the most charming and historic streets in Rome, located in the heart of the historic center. The street was designed in 1508 by Pope Julius II as a grand avenue that would cross the Ponte district, connecting the Tiber River to the Trastevere district. Its construction was part of a papal desire to beautify the city and create a representative street, intended to become a symbol of power and beauty.<br /><br />The street is characterized by an elegant and noble appearance, with Renaissance and Baroque palaces alternating with churches and historic monuments. Via Giulia winds through a part of Rome rich in history, close to many points of interest, making it an ideal destination for walks among the city’s art and culture, such as: Piazza Navona, Castel Sant'Angelo, Palazzo Farnese, and much more.",https://a0.muscache.com/pictures/hosting/Hosting-U3RheVN1cHBseUxpc3Rpbmc6MTMwMzQyMDM5MTMwMDI1NTQ0NQ%3D%3D/original/1a8f1e89-ae0b-4eb3-a06c-49078524140a.jpeg,188343477,https://www.airbnb.com/users/show/188343477,Mario,07/05/18,"Rome, Italy","Sono Mario ho 27 anni e sono nato e cresciuto tra le strade antiche e i tesori nascosti di Roma, conosco ogni angolo di questa città e sono pronto a farvi sentire come a casa vostra durante il vostro soggiorno.
Non esitate a contattarmi per qualunque informazione o suggerimento.",within an hour,100%,100%,f,https://a0.muscache.com/im/pictures/user/f755e149-5297-43ed-95ef-31f507196972.jpg?aki_policy=profile_small,https://a0.muscache.com/im/pictures/user/f755e149-5297-43ed-95ef-31f507196972.jpg?aki_policy=profile_x_medium,,1.0,3.0,"['email', 'phone']",t,t,"Rome, Lazio, Italy",I Centro Storico,,41.89891,12.46572,Entire home,Entire home/apt,4,1.0,1 bath,1.0,2.0,"[""Dedicated workspace"", ""Bidet"", ""Iron"", ""Smoke alarm"", ""Hangers"", ""Fire extinguisher"", ""Refrigerator"", ""Coffee"", ""Dining table"", ""Washer"", ""Self check-in"", ""Microwave"", ""TV"", ""Other gas stove"", ""Private entrance"", ""Coffee maker: espresso machine"", ""Wifi"", ""Oven"", ""Dishwasher"", ""Hot water kettle"", ""Cleaning products"", ""Free dryer \u2013 In unit"", ""Hot water"", ""Body soap"", ""Carbon monoxide alarm"", ""Wine glasses"", ""Dishes and silverware"", ""Air conditioning"", ""Trash compactor"", ""Smart lock"", ""First aid kit"", ""Bed linens"", ""Shower gel"", ""Conditioner"", ""Housekeeping - available at extra cost"", ""Hair dryer"", ""Heating - split type ductless system"", ""Shampoo"", ""Essentials"", ""Cooking basics"", ""Freezer"", ""Extra pillows and blankets"", ""Room-darkening shades"", ""Kitchen"", ""Clothing storage: walk-in closet and wardrobe""]",$125.00,2,30,2.0,2.0,30.0,30.0,2.0,30.0,,t,4,4,4,4,11/03/25,4,4,3,0,0,24,3000.0,06/01/25,27/02/25,5.0,4.75,5.0,4.75,5.0,5.0,4.75,IT058091C2FTHJCGG4,t,1,1,0,0,1.85
31661,1.30451e+18,https://www.airbnb.com/rooms/1304511246687622957,20250300000000.0,06/03/25,city scrape,Didi House nel centro di roma,Relax in this peaceful and centrally-located place.<br />Spend a holiday directly from the center of Rome.<br />Perfectly connected to all public transport in the city,,https://a0.muscache.com/pictures/miso/Hosting-1304511246687622957/original/c4030bfd-0cdd-419e-9884-b4de680549ce.jpeg,499820085,https://www.airbnb.com/users/show/499820085,Mario,06/02/23,"Rome, Italy",,within an hour,100%,100%,f,https://a0.muscache.com/defaults/user_pic-50x50.png?v=3,https://a0.muscache.com/defaults/user_pic-225x225.png?v=3,,1.0,1.0,['phone'],f,t,,I Centro Storico,,41.9100503,12.4989332,Private room in rental unit,Private room,2,1.0,1 private bath,1.0,1.0,"[""TV"", ""Carbon monoxide alarm"", ""Dedicated workspace"", ""Smoke alarm"", ""Fire extinguisher"", ""Wifi"", ""Host greets you"", ""Exterior security cameras on property"", ""First aid kit"", ""Pets allowed"", ""Lock on bedroom door"", ""Hair dryer""]",$80.00,1,28,1.0,1.0,28.0,28.0,1.0,28.0,,t,16,21,41,262,06/03/25,1,1,0,198,0,6,480.0,02/01/25,02/01/25,5.0,5.0,5.0,5.0,5.0,5.0,5.0,IT058091C2LN9QL8EO,f,1,0,1,0,0.47
31700,1.30635e+18,https://www.airbnb.com/rooms/1306350633058261618,20250300000000.0,11/03/25,city scrape,Camera tripla con Bagno privato,"Room in the center of Rome, very close to the central station Roma Termini, and to the metro lines. A few meters from the Roma La Sapienza University and the Umberto I Policlinico Hospital.",,https://a0.muscache.com/pictures/miso/Hosting-1306350633058261618/original/4a793be0-86b0-455b-a11b-23e3c126edbe.jpeg,103448059,https://www.airbnb.com/users/show/103448059,Laura,12/11/16,,,within an hour,100%,98%,f,https://a0.muscache.com/im/pictures/user/31d4a44b-eae8-4578-89a6-517b7e0686f0.jpg?aki_policy=profile_small,https://a0.muscache.com/im/pictures/user/31d4a44b-eae8-4578-89a6-517b7e0686f0.jpg?aki_policy=profile_x_medium,,4.0,4.0,"['email', 'phone', 'work_email']",t,t,,I Centro Storico,,41.90294,12.50436,Private room in bed and breakfast,Private room,3,1.0,1 private bath,1.0,2.0,"[""TV"", ""Carbon monoxide alarm"", ""Smoke alarm"", ""Hangers"", ""Shampoo"", ""Fire extinguisher"", ""Essentials"", ""Wifi"", ""Refrigerator"", ""Heating"", ""Air conditioning"", ""Exterior security cameras on property"", ""First aid kit"", ""Lock on bedroom door"", ""Hot water"", ""Hair dryer""]",$150.00,1,10,1.0,4.0,10.0,99.0,1.4,96.9,,t,15,34,49,231,11/03/25,1,1,0,231,0,6,900.0,12/01/25,12/01/25,4.0,4.0,5.0,4.0,4.0,5.0,5.0,IT058091B4VKKC9CYA,t,4,0,4,0,0.51
31706,1.30637e+18,https://www.airbnb.com/rooms/1306373528696610465,20250300000000.0,07/03/25,city scrape,Camera quadrupla con bagno priva,"Family room, with private bathroom for up to 4 people. Composed of a double bed and a bunk bed. Very close to Roma Termini central station and the metro lines. Universidad la Sapienza and the Policlinico Umberto Hospital are 500 meters.",,https://a0.muscache.com/pictures/miso/Hosting-1306373528696610465/original/1cacb84e-fbb6-406b-b63e-a8b0dcc13ec1.jpeg,103448059,https://www.airbnb.com/users/show/103448059,Laura,12/11/16,,,within an hour,100%,98%,f,https://a0.muscache.com/im/pictures/user/31d4a44b-eae8-4578-89a6-517b7e0686f0.jpg?aki_policy=profile_small,https://a0.muscache.com/im/pictures/user/31d4a44b-eae8-4578-89a6-517b7e0686f0.jpg?aki_policy=profile_x_medium,,4.0,4.0,"['email', 'phone', 'work_email']",t,t,,I Centro Storico,,41.90302,12.50424,Private room in bed and breakfast,Private room,4,1.0,1 private bath,1.0,4.0,"[""TV"", ""Carbon monoxide alarm"", ""Smoke alarm"", ""Hangers"", ""Shampoo"", ""Fire extinguisher"", ""Essentials"", ""Wifi"", ""Refrigerator"", ""Heating"", ""Air conditioning"", ""Exterior security cameras on property"", ""First aid kit"", ""Lock on bedroom door"", ""Hot water"", ""Hair dryer""]",$201.00,1,10,1.0,4.0,10.0,99.0,1.4,97.8,,t,7,18,28,186,07/03/25,1,1,0,186,0,6,1206.0,14/01/25,14/01/25,5.0,5.0,5.0,5.0,5.0,5.0,5.0,IT058091B4VKKC9CYA,t,4,0,4,0,0.57
31732,1.30649e+18,https://www.airbnb.com/rooms/1306489379551064864,20250300000000.0,12/03/25,city scrape,Trastevere amphora house,"You are in Testaccio, the central and historic district of Rome,a stone's throw from the ancient Trastevere and its nightlife. You will be close to the places of most historical and cultural interest: Circus Maximus/Colosseum/Via del Corso etc.. can also be reached on foot by walk.<br />In the surroundings there are all the supermarket services,banks,bars,as well as pizzerias and restaurants where you can taste the real Roman cuisine. Strategic point to fully experience the wonders of Rome",,https://a0.muscache.com/pictures/hosting/Hosting-1306489379551064864/original/ac554b82-d134-43ef-9056-6f1e3cc71109.jpeg,665424681,https://www.airbnb.com/users/show/665424681,Laura,04/12/24,"Rome, Italy",,within an hour,100%,100%,f,https://a0.muscache.com/defaults/user_pic-50x50.png?v=3,https://a0.muscache.com/defaults/user_pic-225x225.png?v=3,,1.0,1.0,"['email', 'phone']",f,t,,I Centro Storico,,41.88191972,12.47421183,Entire rental unit,Entire home/apt,4,1.0,1 bath,2.0,3.0,"[""Bidet"", ""Iron"", ""Smoke alarm"", ""Hangers"", ""Refrigerator"", ""Paid parking on premises"", ""Coffee"", ""Clothing storage"", ""Dining table"", ""Washer"", ""Self check-in"", ""TV"", ""Laundromat nearby"", ""Wifi"", ""Coffee maker"", ""Oven"", ""Hot water kettle"", ""Stove"", ""Cleaning products"", ""Hot water"", ""Body soap"", ""Heating"", ""Carbon monoxide alarm"", ""City skyline view"", ""Air conditioning"", ""First aid kit"", ""Bed linens"", ""Shower gel"", ""Backyard"", ""Lockbox"", ""Hair dryer"", ""Shampoo"", ""Freezer"", ""Extra pillows and blankets"", ""Room-darkening shades"", ""Kitchen""]",$141.00,1,365,1.0,1.0,365.0,365.0,1.0,365.0,,t,0,0,0,0,12/03/25,4,4,2,0,0,24,3384.0,03/01/25,09/03/25,5.0,5.0,5.0,5.0,5.0,4.75,4.75,IT058091C24KRSOLJE,t,1,1,0,0,1.74
31937,1.30859e+18,https://www.airbnb.com/rooms/1308592135661824945,20250300000000.0,15/03/25,city scrape,La tua camera a Roma,Large room with a double bed in an apartment in a quiet area. Dedicated bathroom for guests only with bathtub with shower. A large stay shared with the Host is available. In-room TV and W-fi available.<br />Metro stop 200 meters from the apartment with which to easily reach historical sites of Rome and Termini train station. There is also a shuttle bus stop nearby. There are numerous shops and markets in the area.,,https://a0.muscache.com/pictures/miso/Hosting-1308592135661824945/original/cb24fe48-3019-4884-8a8a-bd1af2b41661.jpeg,666308864,https://www.airbnb.com/users/show/666308864,Laura,10/12/24,,,within an hour,100%,100%,f,https://a0.muscache.com/im/pictures/user/User/original/f4d5b7b4-fa04-4b3a-9d67-3b05378c6ff9.jpeg?aki_policy=profile_small,https://a0.muscache.com/im/pictures/user/User/original/f4d5b7b4-fa04-4b3a-9d67-3b05378c6ff9.jpeg?aki_policy=profile_x_medium,,1.0,1.0,"['email', 'phone']",t,t,,XIII Aurelia,,41.902616,12.4300225,Private room in rental unit,Private room,2,1.0,1 private bath,1.0,1.0,"[""Extra pillows and blankets"", ""Hair dryer"", ""Bathtub"", ""Central heating"", ""First aid kit"", ""Clothing storage: wardrobe"", ""Hangers"", ""Hot water"", ""TV"", ""Fire extinguisher"", ""Iron"", ""Exterior security cameras on property"", ""Paid parking off premises"", ""Shower gel"", ""Host greets you"", ""Bed linens"", ""Shampoo"", ""Carbon monoxide alarm"", ""Body soap"", ""Bidet"", ""Wifi"", ""Mosquito net"", ""Conditioner"", ""Free street parking"", ""Luggage dropoff allowed"", ""Lock on bedroom door""]",$60.00,3,14,3.0,3.0,14.0,14.0,3.0,14.0,,t,22,31,50,281,15/03/25,1,1,0,208,0,6,360.0,26/01/25,26/01/25,5.0,5.0,5.0,5.0,5.0,5.0,5.0,IT058091C2MUPJLGFA,f,1,0,1,0,0.61
32006,1.31233e+18,https://www.airbnb.com/rooms/1312331872743674601,20250300000000.0,06/03/25,city scrape,Stanza Comoda e Pratica,"Near the historic center of Rome, more precisely in the neighborhood of San Giovanni,<br />10 minutes from the San Giovanni and Re di Roma metro, located on the metro line A.<br />Very close to one of the most important parks in the capital, the cafe park, where you can take wonderful walks and discover an ancient Rome never seen, easily accessible on foot.<br />Connected by station and bus both from the airports.<br />Comfortable and quiet, equipped with every essential comfort.",,https://a0.muscache.com/pictures/hosting/Hosting-1312331872743674601/original/519c2491-1ada-4792-9916-53b714862ddb.jpeg,120210936,https://www.airbnb.com/users/show/120210936,Mario,11/03/17,"Rome, Italy",,within an hour,100%,100%,f,https://a0.muscache.com/im/pictures/user/User/original/6fb45f25-0d60-4b66-a1e4-09447af879e1.jpeg?aki_policy=profile_small,https://a0.muscache.com/im/pictures/user/User/original/6fb45f25-0d60-4b66-a1e4-09447af879e1.jpeg?aki_policy=profile_x_medium,,1.0,1.0,"['email', 'phone']",t,t,,VII San Giovanni/Cinecittà,,41.87459071,12.5077334,Private room in bed and breakfast,Private room,2,1.0,1 private bath,1.0,1.0,"[""Lock on bedroom door"", ""Dedicated workspace"", ""Fire extinguisher"", ""Hangers"", ""Wifi"", ""Host greets you"", ""Extra pillows and blankets"", ""Air conditioning"", ""Heating"", ""Clothing storage"", ""First aid kit"", ""Bed linens"", ""Piano"", ""Hair dryer""]",$51.00,1,365,1.0,1.0,365.0,365.0,1.0,365.0,,t,15,22,31,281,06/03/25,1,1,0,217,0,6,306.0,02/01/25,02/01/25,5.0,5.0,5.0,5.0,5.0,5.0,5.0,IT058091B49ONHCJXY,t,1,0,1,0,0.47
32136,1.31516e+18,https://www.airbnb.com/rooms/1315157451652461541,20250300000000.0,11/03/25,city scrape,Appartamento 12 persone Termini,"The proposed accommodation guarantees guests a comfortable and welcoming experience in the heart of Rome, near Termini station. Located on the second floor of a charming period palace in the historic Esquilino district, the apartment has four rooms with private bathrooms: a quadruple, two triple and one double. Guests will have access to an environment that combines comfort and familiarity.",,https://a0.muscache.com/pictures/miso/Hosting-1315157451652461541/original/62e41d1e-af2f-45fa-9bf0-14ab7bffb222.jpeg,212208096,https://www.airbnb.com/users/show/212208096,Laura,28/08/18,"Rome, Italy","Sono host a Roma da 10 anni. 
Oltre l’italiano, parlo inglese e francese.
Ho una laurea in economia e gestione delle imprese.
Ho gestito un hotel in Molise.
Ho ottenuto un master in management del turismo preso la 24Ore Business School, e ho effettuato un tirocinio presso una società.
Ho le principali attestazioni di Digital Training e copywriting.
Sono una persona paziente, empatica e disponibile.
Sono co-host e Property Manager.",within an hour,100%,100%,,https://a0.muscache.com/im/pictures/user/bdec20d4-5d3b-41ff-a8f8-5b7b5d59d97c.jpg?aki_policy=profile_small,https://a0.muscache.com/im/pictures/user/bdec20d4-5d3b-41ff-a8f8-5b7b5d59d97c.jpg?aki_policy=profile_x_medium,,33.0,45.0,"['email', 'phone', 'work_email']",t,t,,I Centro Storico,,41.8930294,12.5079569,Entire rental unit,Entire home/apt,12,4.0,4 baths,4.0,9.0,"[""Carbon monoxide alarm"", ""Dedicated workspace"", ""Fire extinguisher"", ""Smoke alarm"", ""Wifi"", ""Air conditioning"", ""First aid kit""]",$500.00,3,365,3.0,3.0,365.0,365.0,3.0,365.0,,t,8,8,9,270,11/03/25,0,0,0,201,0,0,0.0,,,,,,,,,,IT058091C2IJHD792,t,6,2,4,0,
32277,1.31717e+18,https://www.airbnb.com/rooms/1317173716890587892,20250300000000.0,05/03/25,city scrape,New Green Hill Apartment,"Cozy apartment located in Rome in the Monteverde Nuovo district, in a building with concierge service.<br />Very bright, equipped with 2 balconies, living room with French sofa bed and smart TV, equipped kitchen, with microwave and espresso machine, large double bedroom, flat screen TV (you can add another bed and/or crib or crib), bathroom, bathtub and bidet. Equipped with free WiFi and air conditioning. Linens and towels are available.",,https://a0.muscache.com/pictures/miso/Hosting-1317173716890587892/original/97baaadc-77ab-4b76-86fe-5cb821ecb13f.jpeg,668182227,https://www.airbnb.com/users/show/668182227,Laura,22/12/24,,,within an hour,100%,,f,https://a0.muscache.com/defaults/user_pic-50x50.png?v=3,https://a0.muscache.com/defaults/user_pic-225x225.png?v=3,,1.0,1.0,"['email', 'phone']",f,t,,XII Monte Verde,,41.8629824,12.4430212,Entire rental unit,Entire home/apt,5,1.0,1 bath,1.0,2.0,"[""Dedicated workspace"", ""Bidet"", ""Toaster"", ""Fire extinguisher"", ""Hangers"", ""Refrigerator"", ""Paid standalone high chair - available upon request"", ""Coffee"", ""Dining table"", ""Crib - available upon request"", ""Clothing storage: walk-in closet"", ""Microwave"", ""TV"", ""Other gas stove"", ""Wifi"", ""Children\u2019s dinnerware"", ""Free street parking"", ""Host greets you"", ""Oven"", ""Dishwasher"", ""Hot water kettle"", ""Drying rack for clothing"", ""Hot water"", ""Body soap"", ""Carbon monoxide alarm"", ""Wine glasses"", ""Dishes and silverware"", ""Elevator"", ""Air conditioning"", ""Central heating"", ""First aid kit"", ""Bed linens"", ""Shower gel"", ""Ceiling fan"", ""Hair dryer"", ""Coffee maker: Nespresso"", ""Shampoo"", ""Cooking basics"", ""Freezer"", ""Extra pillows and blankets"", ""Bathtub"", ""Patio or balcony"", ""Room-darkening shades"", ""Kitchen""]",$94.00,1,29,1.0,1.0,29.0,29.0,1.0,29.0,,t,30,55,85,295,05/03/25,0,0,0,295,0,0,0.0,,,,,,,,,,IT058091C2AHAOC2NG,t,1,1,0,0,
32316,1.31754e+18,https://www.airbnb.com/rooms/1317535470221881257,20250300000000.0,05/03/25,city scrape,Casa Garbha,"Casa Garbha is a delightful and quiet one-bedroom apartment located in the heart of Rome, in the characteristic and picturesque neighborhood of Garbatella, overlooking the quiet courtyard of ""Lotto 32"", built in 1929, on a quiet street but with several bars and restaurants and a supermarket. <br />The apartment has just been renovated and equipped with all the comforts, while maintaining some ""traces"" of its past. <br />It is close to the ""Garbatella"" stop of Metro B and Ostiense train station.",,https://a0.muscache.com/pictures/miso/Hosting-1317535470221881257/original/8129b657-d648-4e3b-9d25-8f0e05ddbf6b.jpeg,668273033,https://www.airbnb.com/users/show/668273033,Mario,22/12/24,"Rome, Italy",,within an hour,100%,100%,f,https://a0.muscache.com/defaults/user_pic-50x50.png?v=3,https://a0.muscache.com/defaults/user_pic-225x225.png?v=3,,1.0,1.0,"['email', 'phone']",f,t,,VIII Appia Antica,,41.8618502,12.4907526,Entire rental unit,Entire home/apt,4,1.0,1 bath,1.0,2.0,"[""TV"", ""Wifi"", ""Air conditioning"", ""Smart lock"", ""Washer"", ""Self check-in"", ""Kitchen""]",$126.00,1,30,1.0,1.0,30.0,30.0,1.0,30.0,,t,0,0,0,63,05/03/25,1,1,0,0,0,6,756.0,02/02/25,02/02/25,5.0,5.0,5.0,5.0,5.0,5.0,5.0,IT058091C2VNY2DDMF,f,1,1,0,0,0.94
32483,1.32243e+18,https://www.airbnb.com/rooms/1322427420850912464,20250300000000.0,10/03/25,city scrape,La Casa del Tomo,"Renovated and bright apartment 500 m from metro A and near San Pietro. Composed of 2 bedrooms, large living room with sofa bed, 2 bathrooms with shower and kitchen equipped with new appliances (dishwasher, oven, microwave, Nespresso). <br />3 balconies, 2 TVs, washing machine, air conditioners in all rooms, Wi-Fi.<br />Car parking lot.<br />Area full of bars, restaurants, supermarkets and pharmacies. Perfect for families and groups who want to explore Rome comfortably.",,https://a0.muscache.com/pictures/hosting/Hosting-1322427420850912464/original/ecf866b3-dd6c-4b10-9efc-854dbc239ead.jpeg,669459595,https://www.airbnb.com/users/show/669459595,Serena,29/12/24,"Rome, Italy",,within an hour,100%,100%,f,https://a0.muscache.com/im/pictures/user/User/original/d1ed6e3c-bf7b-4e53-a48b-2aa8efbc11ac.jpeg?aki_policy=profile_small,https://a0.muscache.com/im/pictures/user/User/original/d1ed6e3c-bf7b-4e53-a48b-2aa8efbc11ac.jpeg?aki_policy=profile_x_medium,,1.0,1.0,"['email', 'phone']",t,t,,XIII Aurelia,,41.89684,12.42012,Entire vacation home,Entire home/apt,6,2.0,2 baths,2.0,3.0,"[""Bidet"", ""Other stainless steel gas stove"", ""Fire extinguisher"", ""Hangers"", ""Refrigerator"", ""Clothing storage"", ""Dining table"", ""Washer"", ""55 inch HDTV"", ""Microwave"", ""Free parking garage on premises"", ""Wifi"", ""Oven"", ""Dishwasher"", ""Long term stays allowed"", ""Pets allowed"", ""Hot water"", ""Heating"", ""Carbon monoxide alarm"", ""Dishes and silverware"", ""Elevator"", ""Air conditioning"", ""First aid kit"", ""Bed linens"", ""Hair dryer"", ""Coffee maker: Nespresso"", ""Essentials"", ""Cooking basics"", ""Freezer"", ""Books and reading material"", ""Room-darkening shades"", ""Kitchen""]",$108.00,1,29,1.0,1.0,1.0,1125.0,1.0,277.8,,t,4,11,22,124,10/03/25,1,1,1,124,0,6,648.0,09/03/25,09/03/25,5.0,4.0,5.0,4.0,5.0,4.0,5.0,IT058091C2BKKQ9QY7,t,1,1,0,0,1.0
32622,1.32306e+18,https://www.airbnb.com/rooms/1323061109131587527,20250300000000.0,10/03/25,city scrape,Luxury Apartament San Pietro - Vaticano,"Cozy apartment completely renovated, in an exclusive area of Rome with a panoramic view of the Park of Villa Carpegna.<br /><br />Villa Carpegna Home is the right choice to immerse yourself in the beauty of the eternal city, thanks to its strategic location that allows you to reach the Basilica of San Pietro and the Historic Center a few minutes away.<br /><br />A few steps from the Bus Shuttle stop for the Fiumicino - Ciampino Airports and 400 meters from the Cornelia Metro and Baldo degli Ubaldi (Line A).",,https://a0.muscache.com/pictures/hosting/Hosting-U3RheVN1cHBseUxpc3Rpbmc6MTMyMzA2MTEwOTEzMTU4NzUyNw%3D%3D/original/cced8b2a-8dab-4642-9790-a6d64bd2b786.jpeg,669655990,https://www.airbnb.com/users/show/669655990,Serena,30/12/24,"Rome, Italy","Sono originaria di Napoli ma ho radici Siciliane... diciamo che i vulcani fanno parte della mia vita !!!
Dalla mia terra ho ereditato l'amore per la cucina e per l'arte, dipingere e scrivere sono una regola di vita e sopra tutto un toccasana per la mente.
Sono una mamma di due bellissimi bambini e per loro e per tutte le persone che amo mi auguro di donargli, anche con piccoli gesti, un futuro migliore !!!",within an hour,100%,,f,https://a0.muscache.com/im/pictures/user/User/original/cf06efc5-d337-4ee8-9660-021880651a82.jpeg?aki_policy=profile_small,https://a0.muscache.com/im/pictures/user/User/original/cf06efc5-d337-4ee8-9660-021880651a82.jpeg?aki_policy=profile_x_medium,,1.0,1.0,"['email', 'phone']",t,t,,XIII Aurelia,,41.8962,12.42916,Entire rental unit,Entire home/apt,4,1.0,1 bath,1.0,2.0,"[""Toaster"", ""Bidet"", ""Iron"", ""Smoke alarm"", ""Hangers"", ""Fire extinguisher"", ""Refrigerator"", ""Ethernet connection"", ""Clothing storage"", ""Dining table"", ""Washer"", ""Microwave"", ""TV"", ""Laundromat nearby"", ""Wifi"", ""Coffee maker"", ""Free street parking"", ""Host greets you"", ""Oven"", ""Dishwasher"", ""Stove"", ""Hot water kettle"", ""Cleaning products"", ""Drying rack for clothing"", ""Hot water"", ""Body soap"", ""Heating"", ""Carbon monoxide alarm"", ""Wine glasses"", ""Dishes and silverware"", ""Elevator"", ""Outdoor furniture"", ""Air conditioning"", ""Movie theater"", ""First aid kit"", ""Bed linens"", ""Shower gel"", ""Hair dryer"", ""Baking sheet"", ""Shampoo"", ""Essentials"", ""Cooking basics"", ""Freezer"", ""Extra pillows and blankets"", ""Patio or balcony"", ""Room-darkening shades"", ""Kitchen"", ""Safe""]",$72.00,2,15,2.0,2.0,1125.0,1125.0,2.0,1125.0,,t,21,51,79,169,10/03/25,0,0,0,169,0,0,0.0,,,,,,,,,,IT058091C2CWT77AB7,t,1,1,0,0,
32627,1.32528e+18,https://www.airbnb.com/rooms/1325276492139741226,20250300000000.0,06/03/25,city scrape,Appartamento Metro C Roma,"Delightful apartment, complete with every comfort in one of the city's most dynamic neighborhoods, full of typical restaurants to get to know the real Rome and taste all the flavors. 500 meters from the Mirti stop of the metro C and well connected with both the metro A and the metro C. The house is ideal for 2 guests and offers well organized spaces and a kitchen complete with oven, dishwasher, washing machine, espresso machine and kettle.",,https://a0.muscache.com/pictures/hosting/Hosting-U3RheVN1cHBseUxpc3Rpbmc6MTMyNTI3NjQ5MjEzOTc0MTIyNg==/original/e0e95210-d7dd-4fd3-bdd2-76edd04950de.jpeg,58375961,https://www.airbnb.com/users/show/58375961,Laura,11/02/16,"Rome, Italy",,within an hour,100%,100%,f,https://a0.muscache.com/im/pictures/user/User/original/b09b1fab-c920-4bd3-a9af-f4477b58a36c.jpeg?aki_policy=profile_small,https://a0.muscache.com/im/pictures/user/User/original/b09b1fab-c920-4bd3-a9af-f4477b58a36c.jpeg?aki_policy=profile_x_medium,,1.0,1.0,"['email', 'phone']",t,f,,V Prenestino/Centocelle,,41.8817,12.57227,Entire rental unit,Entire home/apt,2,1.0,1 bath,1.0,1.0,"[""Dedicated workspace"", ""Iron"", ""Fire extinguisher"", ""Hangers"", ""Refrigerator"", ""Coffee"", ""Dining table"", ""Washer"", ""Microwave"", ""TV"", ""Wifi"", ""Coffee maker"", ""Free street parking"", ""Host greets you"", ""Oven"", ""Dishwasher"", ""Stove"", ""Hot water kettle"", ""Cleaning products"", ""Drying rack for clothing"", ""Hot water"", ""Heating"", ""Carbon monoxide alarm"", ""Single level home"", ""Wine glasses"", ""Dishes and silverware"", ""Air conditioning"", ""Clothing storage: wardrobe"", ""First aid kit"", ""Bed linens"", ""Shower gel"", ""Hair dryer"", ""Baking sheet"", ""Shampoo"", ""Essentials"", ""Cooking basics"", ""Freezer"", ""Kitchen"", ""Safe""]",$56.00,2,29,2.0,2.0,1125.0,1125.0,2.0,1125.0,,t,23,30,58,222,06/03/25,8,8,6,222,0,48,2688.0,27/01/25,03/03/25,5.0,5.0,5.0,5.0,5.0,4.75,5.0,IT058091C28R78PVQB,f,1,1,0,0,6.15
32847,1.33045e+18,https://www.airbnb.com/rooms/1330451234693737662,20250300000000.0,15/03/25,city scrape,"Casa Gialla.  Elegante, comoda, vicina al Vaticano","Casa Gialla is an ideal apartment for a couple's stay. <br /><br />A spacious double bedroom and a bright and equipped living area await you for a magnificent stay in Rome.<br /><br />You'll have the Vatican and St. Peter's 15 minutes away. The bus stop for Trastevere, the historic center, and Termini station is two minutes from the property.<br /><br />In the area you will find an oven, a great pastry shop, pizzerias and pubs. In the house you will have a fridge, kettle, microwave, and of course a coffee maker.",,https://a0.muscache.com/pictures/miso/Hosting-1330451234693737662/original/dd6fc569-1a53-4b1c-b865-bfba41a1db79.jpeg,88324496,https://www.airbnb.com/users/show/88324496,Serena,06/08/16,"Rome, Italy",,within a few hours,100%,100%,f,https://a0.muscache.com/im/pictures/user/88871e54-1407-4095-8d71-e701017af8a7.jpg?aki_policy=profile_small,https://a0.muscache.com/im/pictures/user/88871e54-1407-4095-8d71-e701017af8a7.jpg?aki_policy=profile_x_medium,,1.0,1.0,"['email', 'phone']",t,t,,XII Monte Verde,,41.88488,12.42276,Entire rental unit,Entire home/apt,2,1.0,1 bath,1.0,1.0,"[""Cleaning products"", ""Air conditioning"", ""Hair dryer"", ""Baking sheet"", ""First aid kit"", ""Kitchen"", ""Clothing storage: wardrobe and dresser"", ""Heating"", ""Hot water kettle"", ""Hangers"", ""Dining table"", ""Books and reading material"", ""Microwave"", ""Hot water"", ""TV"", ""Other gas stove"", ""Drying rack for clothing"", ""Bed linens"", ""Dishwasher"", ""Wine glasses"", ""Dishes and silverware"", ""Single oven"", ""Coffee"", ""Carbon monoxide alarm"", ""Bidet"", ""Wifi"", ""Refrigerator"", ""Record player"", ""Cooking basics"", ""Washer""]",$75.00,2,14,2.0,2.0,14.0,14.0,2.0,14.0,,t,24,51,78,353,15/03/25,0,0,0,280,0,0,0.0,,,,,,,,,,IT058091C2L3Y6INOF,f,1,1,0,0,
32990,1.33276e+18,https://www.airbnb.com/rooms/1332755675568492940,20250300000000.0,05/03/25,city scrape,Sere Sea Home - Rome,"Sere Sea home is a fully renovated studio in March 2024. Located on the 1st floor of a building with an elevator, located in the commercial heart of Ostia, a 5-minute walk from both the sea and the train station, strategic for those who choose to get around with public transport. It has a large terrace, air conditioning, heating, Wi-Fi, and Smart TV. In the immediate vicinity you can find a supermarket, an oven, bars/tobacconists, clothing stores and home accessories.",,https://a0.muscache.com/pictures/miso/Hosting-1332755675568492940/original/87e877fe-89ab-48d5-8b8a-71e5ed0d5930.jpeg,672549986,https://www.airbnb.com/users/show/672549986,Serena,12/01/25,,,,,,f,https://a0.muscache.com/defaults/user_pic-50x50.png?v=3,https://a0.muscache.com/defaults/user_pic-225x225.png?v=3,,1.0,1.0,"['email', 'phone']",f,t,,X Ostia/Acilia,,41.7346135,12.2787351,Entire rental unit,Entire home/apt,2,1.0,1 bath,1.0,1.0,"[""Bidet"", ""Iron"", ""Smoke alarm"", ""Hangers"", ""Fire extinguisher"", ""Refrigerator"", ""Coffee"", ""Clothing storage"", ""Crib - available upon request"", ""Washer"", ""Single oven"", ""TV"", ""Wifi"", ""Free street parking"", ""Host greets you"", ""Other induction stove"", ""Hot water kettle"", ""Cleaning products"", ""Pets allowed"", ""Hot water"", ""Body soap"", ""Carbon monoxide alarm"", ""Wine glasses"", ""Elevator"", ""Air conditioning"", ""Central heating"", ""Hair dryer"", ""Shampoo"", ""Kitchen""]",$96.00,3,29,3.0,3.0,29.0,29.0,3.0,29.0,,,29,59,89,269,05/03/25,0,0,0,269,0,0,0.0,,,,,,,,,,IT058091C29ZPE9H5W,f,1,1,0,0,
33216,1.3369e+18,https://www.airbnb.com/rooms/1336900977930164396,20250300000000.0,06/03/25,city scrape,Dimora Cavallini,"Located just 5-minute walking distance from the heart of Rome, Dimora Cavallini offers the perfect blend of comfort and charm. Its prime location allows easy access to the city's main historical landmarks, to the streets of luxury shopping and the best traditional restaurants. Brand new, elegant, furnished and equipped with all the comforts. It also has convenient access to public transport and an underground parking facility, getting around the city is effortless and stress-free.",,https://a0.muscache.com/pictures/miso/Hosting-1336900977930164396/original/7eeae8c4-68df-4e01-b583-8dfa723aa896.jpeg,522099849,https://www.airbnb.com/users/show/522099849,Laura,26/06/23,,,within a few hours,100%,100%,f,https://a0.muscache.com/im/pictures/user/User/original/a3ce217f-b445-4f72-9428-30acef674326.jpeg?aki_policy=profile_small,https://a0.muscache.com/im/pictures/user/User/original/a3ce217f-b445-4f72-9428-30acef674326.jpeg?aki_policy=profile_x_medium,,1.0,1.0,"['email', 'phone']",t,t,,I Centro Storico,,41.9058074,12.4728705,Entire condo,Entire home/apt,4,1.0,1 bath,1.0,2.0,"[""Bidet"", ""Iron"", ""Fire extinguisher"", ""Hangers"", ""Refrigerator"", ""Coffee"", ""Dining table"", ""Washer"", ""Clothing storage: closet and dresser"", ""TV"", ""Coffee maker: espresso machine"", ""Wifi"", ""Host greets you"", ""Hot water kettle"", ""Dishwasher"", ""Stove"", ""Long term stays allowed"", ""Free dryer \u2013 In unit"", ""Hot water"", ""Body soap"", ""Single level home"", ""Wine glasses"", ""Dishes and silverware"", ""Elevator"", ""Air conditioning"", ""First aid kit"", ""Bed linens"", ""Conditioner"", ""Hair dryer"", ""Heating - split type ductless system"", ""Baking sheet"", ""Housekeeping available from 12:00\u202fPM to 1:30\u202fPM, every day - available at extra cost"", ""Shampoo"", ""Essentials"", ""Cooking basics"", ""Freezer"", ""Extra pillows and blankets"", ""Stainless steel single oven"", ""Room-darkening shades"", ""Kitchen""]",$145.00,1,365,1.0,1.0,365.0,365.0,1.0,365.0,,t,7,15,16,206,06/03/25,0,0,0,142,0,0,0.0,,,,,,,,,,IT058091C2MID7CKS3,f,1,1,0,0,
33240,1.33906e+18,https://www.airbnb.com/rooms/1339056044637624359,20250300000000.0,08/03/25,city scrape,Auror House,"Auror House is located in the heart of Rome, just a 10-minute walk from the Colosseum, the Imperial Forums, and the lively Monti area, full of clubs and shops, the house is well connected to the main places of tourist, cultural and religious interest. In the area, near the Metro stop, you'll find all the necessary amenities, including bars, restaurants, shops, supermarkets, and cafés, as well as fascinating historical attractions. Perfect for families and groups, it is the ideal base for exploring Rome.",,https://a0.muscache.com/pictures/miso/Hosting-1339056044637624359/original/0a64a507-5f0f-4563-b657-6cb3e42c7bcc.jpeg,18031254,https://www.airbnb.com/users/show/18031254,Laura,13/07/14,,,within an hour,100%,100%,f,https://a0.muscache.com/defaults/user_pic-50x50.png?v=3,https://a0.muscache.com/defaults/user_pic-225x225.png?v=3,,1.0,1.0,"['email', 'phone']",f,t,,I Centro Storico,,41.8940366,12.5026846,Entire rental unit,Entire home/apt,4,1.0,1 bath,2.0,3.0,"[""Dedicated workspace"", ""Bidet"", ""Smoke alarm"", ""Fire extinguisher"", ""Refrigerator"", ""Coffee"", ""Ethernet connection"", ""Dining table"", ""Single oven"", ""TV"", ""Radiant heating"", ""Housekeeping available every day - available at extra cost"", ""Laundromat nearby"", ""Wifi"", ""Free street parking"", ""Host greets you"", ""Other induction stove"", ""Long term stays allowed"", ""Cleaning products"", ""Drying rack for clothing"", ""Luggage dropoff allowed"", ""Hot water"", ""Smoking allowed"", ""Carbon monoxide alarm"", ""Wine glasses"", ""Dishes and silverware"", ""Elevator"", ""Air conditioning"", ""First aid kit"", ""Hair dryer"", ""Baking sheet"", ""Essentials"", ""Freezer"", ""Coffee maker: espresso machine, Nespresso"", ""Patio or balcony"", ""Exterior security cameras on property"", ""Room-darkening shades"", ""Kitchen""]",$174.00,2,30,2.0,2.0,30.0,30.0,2.0,30.0,,t,8,14,23,242,08/03/25,2,2,1,176,0,12,2088.0,31/01/25,12/02/25,5.0,5.0,4.5,5.0,5.0,5.0,5.0,IT058091C25J4RRSR2,t,1,1,0,0,1.62
33513,1.34569e+18,https://www.airbnb.com/rooms/1345688975687043417,20250300000000.0,10/03/25,city scrape,Casa Margot Roma,"Casa Margot is a sweet and intimate studio, recently renovated, well connected to metro A and C. With a short walk you will reach the Basilica of San Giovanni and with a splendid 30-minute walk you will reach the Colosseum and the Imperial Forums, which will take you back in time and make you rediscover Ancient Rome. Your stay at Casa Margot will make you easy to discover Rome, the Eternal City. A few minutes away is also the Basilica of San Giovanni and Santa Croce.",,https://a0.muscache.com/pictures/hosting/Hosting-1345688975687043417/original/20761447-8521-4b1d-857d-8b0f957bc98f.jpeg,671664585,https://www.airbnb.com/users/show/671664585,Laura,08/01/25,"Rome, Italy","Sono una persona molto solare,  da sempre ho fatto lavori che mi hanno portata al contatto con il cliente. Mi piace stare in compagnia e adoro il mare in inverno. Ah! La pittura sul muro dietro al letto l’ho fatta io!!",within an hour,100%,100%,f,https://a0.muscache.com/im/pictures/user/User/original/3e03b33d-b6bd-4369-b110-68f1a500df16.jpeg?aki_policy=profile_small,https://a0.muscache.com/im/pictures/user/User/original/3e03b33d-b6bd-4369-b110-68f1a500df16.jpeg?aki_policy=profile_x_medium,,1.0,3.0,"['email', 'phone']",t,t,,VII San Giovanni/Cinecittà,,41.8857349,12.5171137,Entire place,Entire home/apt,2,1.0,1 bath,1.0,1.0,"[""Dedicated workspace"", ""Bidet"", ""Fire extinguisher"", ""Hangers"", ""Mosquito net"", ""Coffee"", ""Clothing storage"", ""Dining table"", ""Mini fridge"", ""TV"", ""Private entrance"", ""Coffee maker: espresso machine"", ""Wifi"", ""Free street parking"", ""Host greets you"", ""Hot water kettle"", ""Board games"", ""Outdoor playground"", ""Drying rack for clothing"", ""Hot water"", ""Body soap"", ""Smoking allowed"", ""Dishes and silverware"", ""Elevator"", ""Air conditioning"", ""Central heating"", ""First aid kit"", ""Bed linens"", ""Shower gel"", ""Housekeeping - available at extra cost"", ""Hair dryer"", ""Shampoo"", ""Essentials"", ""Extra pillows and blankets""]",$51.00,2,365,1.0,2.0,365.0,365.0,2.0,365.0,,t,3,4,9,206,10/03/25,6,6,6,139,0,36,1836.0,13/02/25,09/03/25,5.0,5.0,5.0,4.83,5.0,5.0,5.0,IT058091C254JJFJWQ,t,1,1,0,0,6.0
33587,1.34711e+18,https://www.airbnb.com/rooms/1347109772095960227,20250300000000.0,06/03/25,city scrape,Appartamento Casa Marini,"Casa Marini offers an accommodation close to the Vatican and its points of interest.<br />In a quiet and private setting, the city center can be reached by a few means. Also nearby are the seaside resorts of the capital.",,https://a0.muscache.com/pictures/miso/Hosting-1347109772095960227/original/064142a9-9376-4210-a6fc-0f1ae9325315.jpeg,77489269,https://www.airbnb.com/users/show/77489269,Laura,13/06/16,"Rome, Italy",,within an hour,100%,60%,f,https://a0.muscache.com/defaults/user_pic-50x50.png?v=3,https://a0.muscache.com/defaults/user_pic-225x225.png?v=3,,1.0,1.0,"['email', 'phone']",f,t,,XIII Aurelia,,41.8946657,12.4162522,Entire rental unit,Entire home/apt,5,1.0,1 bath,2.0,2.0,"[""TV"", ""Carbon monoxide alarm"", ""Fire extinguisher"", ""Wifi"", ""Free parking on premises"", ""Outdoor dining area"", ""Air conditioning"", ""Washer"", ""Pets allowed"", ""Kitchen"", ""Smoking allowed"", ""First aid kit""]",$216.00,1,365,1.0,1.0,365.0,365.0,1.0,365.0,,t,23,33,55,322,06/03/25,0,0,0,258,0,0,0.0,,,,,,,,,,IT058091C2WRML2YUH,f,1,1,0,0,
33615,1.34782e+18,https://www.airbnb.com/rooms/1347818753608129520,20250300000000.0,15/03/25,city scrape,B&B Il Viaggio - Stanza Ricky (e Chery),"We like to pamper our guests, get to know them, and be part of their lives for a stretch of their trip....<br /><br /><br />CIR code = 058091-B&B-03998<br />CIN code = IT058091C1FCJIRRNJ","We are in Borghesiana, a quiet area, well served by both buses and metro C very convenient to get to the center of Rome.<br />In the area there are bars, take away, kebeb, bakery, supermarkets, gastronomy, pharmacy.<br />A 10-minute drive from the hospital from the hospital in Tor Vergata and the university.<br />15 km away is Villa Adriana and 19 km from Villa d 'este in the center of Tivoli.",https://a0.muscache.com/pictures/miso/Hosting-1347818753608129520/original/6380c53e-d2a6-4482-a089-b37cd0ad5faa.jpeg,48244621,https://www.airbnb.com/users/show/48244621,Laura,05/11/15,"Rome, Italy","Adoro i viaggi, tutto ciò che è inaspettato ed i miei cagnolini!!!
Mi piace parlare, dare consigli, ascoltare e il mio lavoro.
Il mio sogno più grande l'ho realizzato nel 2025, dopo tante fatiche.... Abbiamo aperto il nostro B&B....",within an hour,100%,100%,f,https://a0.muscache.com/im/pictures/user/User/original/7eacd909-0660-4e9b-a79f-3d5052f13579.jpeg?aki_policy=profile_small,https://a0.muscache.com/im/pictures/user/User/original/7eacd909-0660-4e9b-a79f-3d5052f13579.jpeg?aki_policy=profile_x_medium,,2.0,2.0,"['email', 'phone']",t,t,"Rome, Lazio, Italy",VI Roma delle Torri,,41.85917,12.67597,Private room in bed and breakfast,Private room,4,1.0,1 private bath,1.0,2.0,"[""Extra pillows and blankets"", ""Outdoor dining area"", ""Air conditioning"", ""Hair dryer"", ""First aid kit"", ""Kitchen"", ""Heating"", ""Clothing storage"", ""Hangers"", ""Hot water"", ""TV"", ""Fire extinguisher"", ""Pets allowed"", ""Essentials"", ""Garden view"", ""Bed linens"", ""Shampoo"", ""Body soap"", ""Bidet"", ""Wifi"", ""Free parking on premises"", ""Lock on bedroom door""]",$40.00,1,30,1.0,1.0,30.0,30.0,1.0,30.0,,t,12,34,48,303,15/03/25,1,1,1,230,0,6,240.0,23/02/25,23/02/25,5.0,5.0,5.0,5.0,5.0,5.0,5.0,IT058091C1FCJIRRNJ,f,2,0,2,0,1.0
33618,1.34785e+18,https://www.airbnb.com/rooms/1347851081680667376,20250300000000.0,15/03/25,city scrape,B&B Il viaggio - Stanza Isla,"We like to pamper our guests, get to know them, and be part of their lives for a stretch of their trip....<br /><br />CIR code = 058091-B&B-03998<br />CIN code = IT058091C1FCJIRRNJ","We are in Borghesiana, a quiet area, well served by both buses and metro C very convenient to get to the center of Rome.<br />In the area there are bars, take away, kebeb, bakery, supermarkets, gastronomy, pharmacy.<br />A 10-minute drive from the hospital from the hospital in Tor Vergata and the university.<br />15 km away is Villa Adriana and 19 km from Villa d 'este in the center of Tivoli.",https://a0.muscache.com/pictures/miso/Hosting-1347818753608129520/original/6380c53e-d2a6-4482-a089-b37cd0ad5faa.jpeg,48244621,https://www.airbnb.com/users/show/48244621,Laura,05/11/15,"Rome, Italy","Adoro i viaggi, tutto ciò che è inaspettato ed i miei cagnolini!!!
Mi piace parlare, dare consigli, ascoltare e il mio lavoro.
Il mio sogno più grande l'ho realizzato nel 2025, dopo tante fatiche.... Abbiamo aperto il nostro B&B....",within an hour,100%,100%,f,https://a0.muscache.com/im/pictures/user/User/original/7eacd909-0660-4e9b-a79f-3d5052f13579.jpeg?aki_policy=profile_small,https://a0.muscache.com/im/pictures/user/User/original/7eacd909-0660-4e9b-a79f-3d5052f13579.jpeg?aki_policy=profile_x_medium,,2.0,2.0,"['email', 'phone']",t,t,"Rome, Lazio, Italy",VI Roma delle Torri,,41.85824202,12.6761131,Private room in bed and breakfast,Private room,2,1.0,1 private bath,1.0,2.0,"[""Extra pillows and blankets"", ""Outdoor dining area"", ""Coffee maker: espresso machine"", ""Air conditioning"", ""Hair dryer"", ""Outdoor furniture"", ""First aid kit"", ""Kitchen"", ""Heating"", ""Clothing storage"", ""Hot water kettle"", ""Hangers"", ""Hot water"", ""TV"", ""Fire extinguisher"", ""Iron"", ""Pets allowed"", ""Drying rack for clothing"", ""Shower gel"", ""Essentials"", ""Garden view"", ""Bed linens"", ""Dishwasher"", ""Other stove"", ""Dishes and silverware"", ""Shampoo"", ""Coffee"", ""Candy refrigerator"", ""Breakfast"", ""Body soap"", ""Bidet"", ""Freezer"", ""Wifi"", ""Cooking basics"", ""Free parking on premises"", ""Luggage dropoff allowed""]",$45.00,1,30,1.0,1.0,30.0,30.0,1.0,30.0,,t,14,31,44,287,15/03/25,0,0,0,214,0,0,0.0,,,,,,,,,,IT058091C1FCJIRRNJ,f,2,0,2,0,
33734,1.34922e+18,https://www.airbnb.com/rooms/1349221879068247713,20250300000000.0,10/03/25,city scrape,Trastevere vivace: 2 camere a via del Moro,"Via del Moro is a picturesque street in the heart of Trastevere. Walking around you will find artisan shops, historic cafes, and small wine bars. <br />The street connects two of the most lively areas of the district, Piazza Trilussa and Piazza S. Maria in Trastevere. In the evening, the atmosphere becomes even more fascinating, with the soft lights and the street of people going among the taverns and typical clubs.<br /><br />If you want to experience the most authentic Rome, this is a perfect choice!",,https://a0.muscache.com/pictures/miso/Hosting-1349221879068247713/original/f4578f91-a206-47d2-83af-896e73e46e15.jpeg,676947868,https://www.airbnb.com/users/show/676947868,Laura,04/02/25,,,within an hour,100%,100%,f,https://a0.muscache.com/im/pictures/user/User/original/e87008ee-4862-45ef-ada1-97da1c24ef5c.jpeg?aki_policy=profile_small,https://a0.muscache.com/im/pictures/user/User/original/e87008ee-4862-45ef-ada1-97da1c24ef5c.jpeg?aki_policy=profile_x_medium,,1.0,1.0,"['email', 'phone']",t,t,,I Centro Storico,,41.8909729,12.4708021,Entire rental unit,Entire home/apt,6,1.0,1 bath,2.0,3.0,"[""Bidet"", ""Iron"", ""Fire extinguisher"", ""Hangers"", ""Refrigerator"", ""Coffee"", ""Dining table"", ""Washer"", ""TV"", ""Wifi"", ""Coffee maker"", ""Oven"", ""Hot water kettle"", ""Stove"", ""Drying rack for clothing"", ""Hot water"", ""Body soap"", ""Heating"", ""Carbon monoxide alarm"", ""Dishes and silverware"", ""Air conditioning"", ""Bed linens"", ""Hair dryer"", ""Essentials"", ""Kitchen""]",$119.00,3,365,2.0,3.0,365.0,365.0,3.0,365.0,,t,12,25,37,289,10/03/25,0,0,0,244,0,0,0.0,,,,,,,,,,IT058091C2TVJ9SUSW,f,1,1,0,0,
33737,1.34925e+18,https://www.airbnb.com/rooms/1349253008787839009,20250300000000.0,15/03/25,city scrape,Family Apartment,"Family Apartment is an apartment in an internal garden of a condominium, the area is quiet and the local people are very friendly.<br />lends itself to a family of 4.<br />The Family Apartment is close to the historic center and the area of the characteristic neighborhood of Trastevere, a 5-minute walk away.",,https://a0.muscache.com/pictures/miso/Hosting-1349253008787839009/original/9ea2889c-8182-4c2b-bd96-c997bd817398.jpeg,184681658,https://www.airbnb.com/users/show/184681658,Serena,16/04/18,"Rome, Italy",,within a few hours,100%,50%,f,https://a0.muscache.com/im/pictures/user/80eacb06-fbec-4182-b01a-e33869118036.jpg?aki_policy=profile_small,https://a0.muscache.com/im/pictures/user/80eacb06-fbec-4182-b01a-e33869118036.jpg?aki_policy=profile_x_medium,,1.0,4.0,"['email', 'phone']",t,f,,XII Monte Verde,,41.88231129,12.46673402,Entire rental unit,Entire home/apt,4,2.0,2 baths,2.0,4.0,"[""Extra pillows and blankets"", ""Cleaning products"", ""Air conditioning"", ""Hair dryer"", ""Coffee maker: espresso machine"", ""Central heating"", ""Dedicated workspace"", ""Kitchen"", ""Crib - available upon request"", ""Clothing storage: wardrobe"", ""Hot water kettle"", ""Room-darkening shades"", ""Hangers"", ""Board games"", ""Building staff"", ""Microwave"", ""Hot water"", ""TV"", ""Iron"", ""Other gas stove"", ""Shower gel"", ""Shared backyard \u2013 Fully fenced"", ""Pack \u2019n play/Travel crib - available upon request"", ""Bed linens"", ""Toaster"", ""Laundromat nearby"", ""Wine glasses"", ""Housekeeping - available at extra cost"", ""Coffee"", ""Freezer"", ""Wifi"", ""Single level home"", ""Refrigerator"", ""Cooking basics"", ""Free parking on premises"", ""Free street parking"", ""Self check-in"", ""Luggage dropoff allowed""]",$118.00,1,365,1.0,2.0,99.0,1125.0,1.3,111.0,,t,17,43,66,228,15/03/25,1,1,1,228,0,6,708.0,14/03/25,14/03/25,5.0,5.0,5.0,5.0,5.0,5.0,5.0,IT058091B96MOJUE7I,t,1,1,0,0,1.0
33850,1.35379e+18,https://www.airbnb.com/rooms/1353785917373562134,20250300000000.0,06/03/25,city scrape,Reserva Home Veneto,"Reservation Home Veneto:<br />Located in the area of the dolce vita of Via Veneto in Rome, 800 meters from the Barberini metro and 500 meters from Villa Borghese, air-conditioned with free WiFi.<br />The apartment is 1.3 km from Piazza di Spagna. Two double beds and a comfortable double sofa, kitchen, kettle, coffee machine and linens. Bathroom and washing machine products. Various monuments, historic streets, Piazza Barberini, Piazza Esedra, Via Nazionale, Villa Borghese, the Capitol and much more!",,https://a0.muscache.com/pictures/hosting/Hosting-1353785917373562134/original/84950cdc-180e-4af9-ad82-a65ff46c5b1a.jpeg,453810046,https://www.airbnb.com/users/show/453810046,Laura,11/04/22,"Rome, Italy",,within an hour,100%,99%,t,https://a0.muscache.com/im/pictures/user/User-453810046/original/d74aec6f-345c-4618-a38d-02b878f20e65.jpeg?aki_policy=profile_small,https://a0.muscache.com/im/pictures/user/User-453810046/original/d74aec6f-345c-4618-a38d-02b878f20e65.jpeg?aki_policy=profile_x_medium,,2.0,2.0,"['email', 'phone']",t,t,,I Centro Storico,,41.9087033,12.4940907,Entire rental unit,Entire home/apt,6,1.0,1 bath,2.0,2.0,"[""Dedicated workspace"", ""Bidet"", ""Smoke alarm"", ""Fire extinguisher"", ""Refrigerator"", ""Crib - available upon request"", ""Washer"", ""TV"", ""Wifi"", ""Oven"", ""Hot water kettle"", ""Pets allowed"", ""Hot water"", ""Body soap"", ""Pack \u2019n play/Travel crib - available upon request"", ""Heating"", ""Carbon monoxide alarm"", ""Dishes and silverware"", ""Air conditioning"", ""First aid kit"", ""Shower gel"", ""Hair dryer"", ""Coffee maker: Nespresso"", ""Shampoo"", ""Cooking basics"", ""Other stove"", ""Kitchen""]",$129.00,1,365,1.0,1.0,365.0,365.0,1.0,365.0,,t,16,46,74,346,06/03/25,0,0,0,282,0,0,0.0,,,,,,,,,,"I applied for a CIN, but haven’t received it yet",f,2,2,0,0,
33859,1.35272e+18,https://www.airbnb.com/rooms/1352721095368955932,20250300000000.0,06/03/25,city scrape,artcrafthome-rome,"We rent a room in our flat, on the third floor in a period building, in the Alberone neighborhood. Strategic location, offers easy access to all amenities. Quiet area, close to a large park, well connected by subway and bus, a few minutes from downtown. I'm a set designer and I make jewelry, and my partner works in tourism. For work we always live on the move between Rome, Calabria and Sicily.",,https://a0.muscache.com/pictures/miso/Hosting-1352721095368955932/original/e234c240-e808-49ef-9418-a1aa5b347495.jpeg,20345504,https://www.airbnb.com/users/show/20345504,Mario,21/08/14,"Rome, Italy",Mi piace raccontare del mio percorso artistico e personale su up-cycling e sostenibilità'. Amo il mio lavoro e amo confrontarmi con chi non conosco.,within an hour,100%,99%,t,https://a0.muscache.com/im/pictures/user/User-20345504/original/26d8456a-9cf8-4fca-a5f1-5b6e0c58428e.jpeg?aki_policy=profile_small,https://a0.muscache.com/im/pictures/user/User-20345504/original/26d8456a-9cf8-4fca-a5f1-5b6e0c58428e.jpeg?aki_policy=profile_x_medium,,3.0,3.0,"['email', 'phone']",t,t,,VII San Giovanni/Cinecittà,,41.87323444,12.51852073,Private room in rental unit,Private room,2,1.0,1 shared bath,1.0,1.0,"[""Paid parking off premises"", ""Dedicated workspace"", ""Bidet"", ""Iron"", ""Toaster"", ""Fire extinguisher"", ""Hangers"", ""Refrigerator"", ""Bikes"", ""Coffee"", ""Clothing storage"", ""Dining table"", ""Barbecue utensils"", ""Washer"", ""Portable fans"", ""Microwave"", ""Laundromat nearby"", ""Wifi"", ""Coffee maker"", ""Free street parking"", ""Breakfast"", ""Oven"", ""Dishwasher"", ""Stove"", ""Hot water kettle"", ""Host greets you"", ""Drying rack for clothing"", ""Blender"", ""Fire pit"", ""Luggage dropoff allowed"", ""Lock on bedroom door"", ""Hot water"", ""Heating"", ""Carbon monoxide alarm"", ""Single level home"", ""Wine glasses"", ""Sun loungers"", ""Dishes and silverware"", ""Outdoor furniture"", ""First aid kit"", ""Bed linens"", ""Backyard"", ""Hair dryer"", ""Baking sheet"", ""Essentials"", ""Cooking basics"", ""Freezer"", ""Books and reading material"", ""Extra pillows and blankets"", ""Outdoor dining area"", ""BBQ grill"", ""Room-darkening shades"", ""Kitchen""]",$70.00,31,220,31.0,31.0,220.0,220.0,31.0,220.0,,t,0,9,9,105,06/03/25,0,0,0,105,0,0,0.0,,,,,,,,,,,f,2,0,2,0,
33888,1.35312e+18,https://www.airbnb.com/rooms/1353116216870257356,20250300000000.0,07/03/25,city scrape,Camera grande alla Stella di Postea!,"Very central, a stone's throw from the Vatican museums, St. Peter's Square and the Metro. This Stella di Postea Large Room is called “Praesidium amoris,” Latin for “place of love.” It has a double bed and a sofa bed. The bathroom is outside the room and can be for exclusive or shared use depending on the occupancy status of the facility. Here you will feel as serene as at home and be able to discover Rome with its artistic beauties, stores and restaurants with every comfort at your disposal",,https://a0.muscache.com/pictures/hosting/Hosting-U3RheVN1cHBseUxpc3Rpbmc6MTM1MzExNjIxNjg3MDI1NzM1Ng%3D%3D/original/a99478d6-8259-4adf-b9f1-a4a23fa28ac7.jpeg,676802475,https://www.airbnb.com/users/show/676802475,Serena,03/02/25,,,within an hour,100%,95%,f,https://a0.muscache.com/im/pictures/user/User/original/96e427c8-8dd9-4a34-aad6-e30d2a095c90.jpeg?aki_policy=profile_small,https://a0.muscache.com/im/pictures/user/User/original/96e427c8-8dd9-4a34-aad6-e30d2a095c90.jpeg?aki_policy=profile_x_medium,,4.0,4.0,['phone'],t,f,,I Centro Storico,,41.9084176,12.4546045,Private room in bed and breakfast,Private room,3,1.0,1 private bath,1.0,2.0,"[""Dedicated workspace"", ""Bidet"", ""Other stainless steel gas stove"", ""Toaster"", ""Smoke alarm"", ""Hangers"", ""Fire extinguisher"", ""Refrigerator"", ""Coffee"", ""Clothing storage"", ""Dining table"", ""Washer"", ""TV"", ""Wifi"", ""Host greets you"", ""Breakfast"", ""Hot water kettle"", ""Dishwasher"", ""Long term stays allowed"", ""Cleaning products"", ""Pets allowed"", ""Luggage dropoff allowed"", ""Lock on bedroom door"", ""Hot water"", ""Body soap"", ""Carbon monoxide alarm"", ""Dishes and silverware"", ""Elevator"", ""First aid kit"", ""Bed linens"", ""Shower gel"", ""Conditioner"", ""Hair dryer"", ""Heating - split type ductless system"", ""Baking sheet"", ""Coffee maker: Nespresso"", ""Private patio or balcony"", ""Shampoo"", ""Essentials"", ""AC - split type ductless system"", ""Cooking basics"", ""Extra pillows and blankets"", ""Stainless steel oven"", ""Paid street parking off premises"", ""Kitchen""]",$95.00,2,60,1.0,2.0,60.0,60.0,2.0,60.0,,,20,32,46,297,07/03/25,0,0,0,232,0,0,0.0,,,,,,,,,,IT058091C1OTXAE9ON,f,4,0,4,0,
34030,1.35731e+18,https://www.airbnb.com/rooms/1357308359943219474,20250300000000.0,11/03/25,city scrape,“A corner of heaven” at the Star of Postea!,"Very central, a stone's throw from the Vatican museums, St. Peter's Square and the Metro. This room named “A Corner of Paradise” is one of the 4 rooms at Stella di Postea and has 2 single beds or 1 double according to the guests' request. A touch of blue makes the whole room special! The bathroom shared with the other guests is in the hallway. Here you will feel serene as at home and you can discover Rome and its artistic beauties, stores and restaurants with every comfort at your disposal",,https://a0.muscache.com/pictures/miso/Hosting-1357308359943219474/original/c869f64c-b7f7-401b-90a8-e251262786c0.jpeg,676802475,https://www.airbnb.com/users/show/676802475,Serena,03/02/25,,,within an hour,100%,95%,f,https://a0.muscache.com/im/pictures/user/User/original/96e427c8-8dd9-4a34-aad6-e30d2a095c90.jpeg?aki_policy=profile_small,https://a0.muscache.com/im/pictures/user/User/original/96e427c8-8dd9-4a34-aad6-e30d2a095c90.jpeg?aki_policy=profile_x_medium,,4.0,4.0,['phone'],t,f,,I Centro Storico,,41.90951274,12.45505755,Private room in bed and breakfast,Private room,2,1.0,1 shared bath,1.0,2.0,"[""Paid parking off premises"", ""Dedicated workspace"", ""Bidet"", ""Toaster"", ""Smoke alarm"", ""Hangers"", ""Fire extinguisher"", ""Refrigerator"", ""Coffee"", ""Clothing storage"", ""Dining table"", ""Washer"", ""TV"", ""Wifi"", ""Host greets you"", ""Breakfast"", ""Oven"", ""Dishwasher"", ""Stove"", ""Hot water kettle"", ""Long term stays allowed"", ""Cleaning products"", ""Pets allowed"", ""Luggage dropoff allowed"", ""Lock on bedroom door"", ""Hot water"", ""Body soap"", ""Heating"", ""Carbon monoxide alarm"", ""Dishes and silverware"", ""Elevator"", ""Air conditioning"", ""First aid kit"", ""Bed linens"", ""Shower gel"", ""Conditioner"", ""Hair dryer"", ""Baking sheet"", ""Coffee maker: Nespresso"", ""Shampoo"", ""Essentials"", ""Cooking basics"", ""Extra pillows and blankets"", ""Patio or balcony"", ""Kitchen""]",$76.00,2,60,2.0,2.0,60.0,60.0,2.0,60.0,,,14,20,32,289,11/03/25,0,0,0,220,0,0,0.0,,,,,,,,,,IT058091C1OTXAE9ON,f,4,0,4,0,
34040,1.35733e+18,https://www.airbnb.com/rooms/1357328853305777793,20250300000000.0,06/03/25,city scrape,"""Dulcis in fundo"" alla Stella di Postea!","“Dulcis in fundo” is a double room in the B&B ‘La Stella di Postea,’ a stone's throw from the Vatican museums, St. Peter's Square and the Metro.  Featuring hints of sage green and furnished with paintings by Patrick Nagel, it has a desk with wireless charging station for smartphones, USB and C sockets, closet and drawers for clothes. The shared bathroom is opposite the room. From here you will discover Rome and its artistic sights, stores and restaurants with every comfort at your disposal.",,https://a0.muscache.com/pictures/miso/Hosting-1357328853305777793/original/538592d5-8462-4b41-a71c-332a7b7bf37f.jpeg,676802475,https://www.airbnb.com/users/show/676802475,Serena,03/02/25,,,within an hour,100%,95%,f,https://a0.muscache.com/im/pictures/user/User/original/96e427c8-8dd9-4a34-aad6-e30d2a095c90.jpeg?aki_policy=profile_small,https://a0.muscache.com/im/pictures/user/User/original/96e427c8-8dd9-4a34-aad6-e30d2a095c90.jpeg?aki_policy=profile_x_medium,,4.0,4.0,['phone'],t,f,,I Centro Storico,,41.90743978,12.45568137,Private room in bed and breakfast,Private room,2,1.0,1 shared bath,1.0,2.0,"[""Paid parking off premises"", ""Dedicated workspace"", ""Bidet"", ""Toaster"", ""Smoke alarm"", ""Hangers"", ""Fire extinguisher"", ""Refrigerator"", ""Coffee"", ""Clothing storage"", ""Dining table"", ""Washer"", ""TV"", ""Wifi"", ""Host greets you"", ""Breakfast"", ""Oven"", ""Dishwasher"", ""Stove"", ""Hot water kettle"", ""Long term stays allowed"", ""Cleaning products"", ""Pets allowed"", ""Luggage dropoff allowed"", ""Lock on bedroom door"", ""Hot water"", ""Body soap"", ""Heating"", ""Carbon monoxide alarm"", ""Dishes and silverware"", ""Elevator"", ""Air conditioning"", ""First aid kit"", ""Bed linens"", ""Shower gel"", ""Conditioner"", ""Hair dryer"", ""Baking sheet"", ""Coffee maker: Nespresso"", ""Shampoo"", ""Essentials"", ""Cooking basics"", ""Extra pillows and blankets"", ""Patio or balcony"", ""Kitchen""]",$76.00,2,60,2.0,2.0,60.0,60.0,2.0,60.0,,,14,22,29,269,06/03/25,0,0,0,205,0,0,0.0,,,,,,,,,,IT058091C1OTXAE9ON,f,4,0,4,0,
34041,1.35734e+18,https://www.airbnb.com/rooms/1357344002178326086,20250300000000.0,12/03/25,city scrape,"Alla ""Stella di Postea"", come a casa!","Very central, the Stella di Postea with its 3 rooms, 2 bathrooms and kitchen, dining room, large bright veranda, are at your complete disposal, without sharing it with other guests, with for a stay in Rome in serenity and relaxation. It is perfect for a family or a group of friends because you can feel at home and enjoy the beauties of the city of Rome by reaching them on foot or by public transportation. It is 2 min walk from the Vatican museums, 8 min from St. Peter's, 3 min from the metro.",,https://a0.muscache.com/pictures/miso/Hosting-1353116216870257356/original/1d2b1758-d48e-4b15-92d9-13737ba0c072.jpeg,676802475,https://www.airbnb.com/users/show/676802475,Serena,03/02/25,,,within an hour,100%,95%,f,https://a0.muscache.com/im/pictures/user/User/original/96e427c8-8dd9-4a34-aad6-e30d2a095c90.jpeg?aki_policy=profile_small,https://a0.muscache.com/im/pictures/user/User/original/96e427c8-8dd9-4a34-aad6-e30d2a095c90.jpeg?aki_policy=profile_x_medium,,4.0,4.0,['phone'],t,f,,I Centro Storico,,41.9074,12.4557,Private room in bed and breakfast,Private room,7,2.0,2 baths,3.0,5.0,"[""Paid parking off premises"", ""Dedicated workspace"", ""Bidet"", ""Toaster"", ""Smoke alarm"", ""Hangers"", ""Fire extinguisher"", ""Refrigerator"", ""Coffee"", ""Clothing storage"", ""Dining table"", ""Washer"", ""TV"", ""Wifi"", ""Host greets you"", ""Breakfast"", ""Oven"", ""Dishwasher"", ""Stove"", ""Hot water kettle"", ""Long term stays allowed"", ""Cleaning products"", ""Pets allowed"", ""Luggage dropoff allowed"", ""Lock on bedroom door"", ""Hot water"", ""Body soap"", ""Heating"", ""Carbon monoxide alarm"", ""Dishes and silverware"", ""Elevator"", ""Air conditioning"", ""First aid kit"", ""Bed linens"", ""Shower gel"", ""Conditioner"", ""Hair dryer"", ""Baking sheet"", ""Coffee maker: Nespresso"", ""Shampoo"", ""Essentials"", ""Cooking basics"", ""Extra pillows and blankets"", ""Patio or balcony"", ""Kitchen""]",$217.00,2,60,2.0,2.0,60.0,60.0,2.0,60.0,,,11,12,18,254,12/03/25,0,0,0,184,0,0,0.0,,,,,,,,,,IT058091C1OTXAE9ON,f,4,0,4,0,
34072,1.35802e+18,https://www.airbnb.com/rooms/1358021314009820665,20250300000000.0,06/03/25,city scrape,Urban Escape a Piazza Caprera,"Discover this charming 50 sqm apartment located in one of the most desirable areas of Rome, quiet but well connected, a few steps from Piazza Caprera.  <br />The apartment, recently renovated, has an elegant bright living room overlooking a large terrace, ideal for outdoor relaxation or dinners with a view. The open-plan kitchen, modern and functional, integrates perfectly with the living area, creating a welcoming and contemporary environment.",,https://a0.muscache.com/pictures/miso/Hosting-1358021314009820665/original/7ef1023b-b531-46ae-8454-3b883d3d750c.jpeg,10063528,https://www.airbnb.com/users/show/10063528,Mario,17/11/13,"Rome, Italy",,within an hour,100%,71%,f,https://a0.muscache.com/im/users/10063528/profile_pic/1384727395/original.jpg?aki_policy=profile_small,https://a0.muscache.com/im/users/10063528/profile_pic/1384727395/original.jpg?aki_policy=profile_x_medium,,2.0,2.0,"['email', 'phone', 'work_email']",t,t,,II Parioli/Nomentano,,41.9173492,12.5066762,Entire rental unit,Entire home/apt,2,1.0,1 bath,1.0,1.0,"[""Toaster"", ""Bidet"", ""Iron"", ""Other stainless steel gas stove"", ""Fire extinguisher"", ""Hangers"", ""Refrigerator"", ""Coffee"", ""Ethernet connection"", ""Dining table"", ""Crib - available upon request"", ""Washer"", ""Self check-in"", ""Microwave"", ""TV"", ""Wifi"", ""Free street parking"", ""Hot water kettle"", ""Dishwasher"", ""Luggage dropoff allowed"", ""Hot water"", ""Body soap"", ""Heating"", ""Wine glasses"", ""Dishes and silverware"", ""Air conditioning"", ""First aid kit"", ""Coffee maker: espresso machine, french press, Nespresso"", ""Bed linens"", ""Ceiling fan"", ""Lockbox"", ""Hair dryer"", ""Private patio or balcony"", ""Shampoo"", ""Essentials"", ""Clothing storage: closet"", ""Cooking basics"", ""Freezer"", ""Extra pillows and blankets"", ""Outdoor dining area"", ""Exterior security cameras on property"", ""Stainless steel single oven"", ""Room-darkening shades"", ""Kitchen""]",$135.00,2,365,2.0,2.0,30.0,365.0,2.0,30.8,,t,28,31,49,314,06/03/25,0,0,0,252,0,0,0.0,,,,,,,,,,IT058091C1VB8I2POX,t,1,1,0,0,
34093,1.35866e+18,https://www.airbnb.com/rooms/1358655934426666311,20250300000000.0,06/03/25,city scrape,appartamento con giardino,"apartment in front of the train station, with a stop you are in San Pietro, twins or Trastevere, bus stop in front of the house.<br />linens and toiletries are provided. The kitchen has a microwave and an induction plate, no cooking utensils are provided.",,https://a0.muscache.com/pictures/miso/Hosting-1358655934426666311/original/ddf5574f-3967-49ca-a527-de9a309ff43e.jpeg,411155336,https://www.airbnb.com/users/show/411155336,Serena,05/07/21,,,within a day,82%,56%,f,https://a0.muscache.com/defaults/user_pic-50x50.png?v=3,https://a0.muscache.com/defaults/user_pic-225x225.png?v=3,,1.0,1.0,['phone'],f,t,,XII Monte Verde,,41.8779246,12.4582815,Entire rental unit,Entire home/apt,5,1.0,1 bath,1.0,3.0,"[""Carbon monoxide alarm"", ""Dedicated workspace"", ""Iron"", ""Private backyard"", ""Wifi"", ""Outdoor dining area"", ""Central heating"", ""Pets allowed"", ""Self check-in"", ""Kitchen"", ""Hot water"", ""Lockbox"", ""Hair dryer""]",$73.00,1,365,1.0,1.0,365.0,365.0,1.0,365.0,,t,21,47,77,135,06/03/25,0,0,0,135,0,0,0.0,,,,,,,,,,IT058091C2XL6GG58Y,f,1,1,0,0,
34274,1.36227e+18,https://www.airbnb.com/rooms/1362265500011213607,20250300000000.0,05/03/25,city scrape,Nuovo appartamento zona Gemelli,"Relax with the whole family in this quiet accommodation.<br />Modern and spacious three-room apartment minutes from Metro A (2 km) and Gemelli.<br /><br />The apartment, recently renovated, is equipped with all the comforts: air conditioning in all rooms, Wi-Fi, kitchen complete with all appliances <br /><br />It consists of 2 bedrooms, 1 living room with sofa bed, 1 bathroom, 1 kitchen and two balconies. Free parking is available on the public street.<br />The apartment is accessible by elevator and ramp",,https://a0.muscache.com/pictures/miso/Hosting-1362265500011213607/original/91d21e00-6500-4f99-a3f1-83919c06a497.jpeg,680176836,https://www.airbnb.com/users/show/680176836,Mario,21/02/25,,,within a day,83%,100%,f,https://a0.muscache.com/defaults/user_pic-50x50.png?v=3,https://a0.muscache.com/defaults/user_pic-225x225.png?v=3,,1.0,1.0,"['email', 'phone']",f,f,,XIV Monte Mario,,41.92604926,12.41215252,Entire rental unit,Entire home/apt,5,1.0,1 bath,3.0,4.0,"[""Dedicated workspace"", ""Bidet"", ""Iron"", ""Smoke alarm"", ""Hangers"", ""Fire extinguisher"", ""Clothing storage"", ""Washer"", ""TV"", ""Wifi"", ""Hot water"", ""Body soap"", ""Heating"", ""Air conditioning"", ""First aid kit"", ""Bed linens"", ""Shower gel"", ""Hair dryer"", ""Shampoo"", ""Extra pillows and blankets"", ""Outdoor dining area"", ""Room-darkening shades"", ""Kitchen"", ""Safe""]",$82.00,2,365,2.0,2.0,365.0,365.0,2.0,365.0,,t,30,51,74,307,05/03/25,0,0,0,244,0,0,0.0,,,,,,,,,,"I applied for a CIN, but haven’t received it yet",f,1,1,0,0,
34497,1.36743e+18,https://www.airbnb.com/rooms/1367429420178717443,20250300000000.0,06/03/25,city scrape,MBS - Marconi Bridge Suites,"Forget your worries in this spacious, serene oasis. Possibility to rent single rooms or the entire apartment upon request.",,https://a0.muscache.com/pictures/miso/Hosting-1367429420178717443/original/61d2052b-6885-49c5-b05f-b221432d791f.jpeg,146618335,https://www.airbnb.com/users/show/146618335,Laura,18/08/17,"Rome, Italy",,,,,f,https://a0.muscache.com/im/pictures/user/86f81e36-8499-40be-b47b-d6285cffbc71.jpg?aki_policy=profile_small,https://a0.muscache.com/im/pictures/user/86f81e36-8499-40be-b47b-d6285cffbc71.jpg?aki_policy=profile_x_medium,,1.0,2.0,"['email', 'phone']",t,t,,XI Arvalia/Portuense,,41.86382194,12.4660811,Entire rental unit,Entire home/apt,6,3.0,3 baths,3.0,3.0,"[""Dedicated workspace"", ""Bidet"", ""Smoke alarm"", ""Hangers"", ""Fire extinguisher"", ""Paid parking on premises"", ""Clothing storage"", ""Washer"", ""TV"", ""Wifi"", ""Hot water"", ""Body soap"", ""Heating"", ""Carbon monoxide alarm"", ""Air conditioning"", ""First aid kit"", ""Bed linens"", ""Shower gel"", ""Conditioner"", ""Hair dryer"", ""Essentials"", ""Extra pillows and blankets"", ""Room-darkening shades"", ""Kitchen""]",$305.00,2,29,2.0,2.0,29.0,29.0,2.0,29.0,,t,23,53,83,358,06/03/25,0,0,0,294,0,0,0.0,,,,,,,,,,IT058091B4ICSF93GU,f,1,1,0,0,
